selected task source=kpm breakpoint backend=perf
config file -> user/config/config_syscall_aarch64.json
set breakpoint at kernel:false, addr:0x7c0c1d9700, type:4
start 1 modules
[15012|15012] event_addr:0x7c0c1d9700 hit_count:13, Regs:
[x0=0x1,x1=0x5f5c8f3598,x2=0x1,x3=0x7fd3b201e8,x4=0x0,x5=0x1414d4c,x6=0x1414d4c,x7=0x0,x8=0x9b504536b1897347,x9=0x9b504536b1897347,x10=0x9b504536b1897347,x11=0x3e8,x12=0x3,x13=0x706f6f6c5f657469,x14=0x7c0fa4e280,x15=0x0,x16=0x5f5c8f5a00,x17=0x7c0c1d9700,x18=0x7c0f35c000,x19=0x5f5c8f470c,x20=0x1,x21=0x1,x22=0x7fd3b20218,x23=0x7fd3b20220,x24=0x0,x25=0x0,x26=0x0,x27=0x0,x28=0x0,x29=0x7fd3b20190,lr=0x5f5c8f4734,sp=0x7fd3b20180,pc=0x7c0c1d9700]
[15012|15012] event_addr:0x7c0c1d9700 hit_count:13, Regs:
[x0=0x1,x1=0x5f5c8f3598,x2=0x1,x3=0x7fd3b201e8,x4=0x0,x5=0x1414d4c,x6=0x1414d4c,x7=0x0,x8=0x9b504536b1897347,x9=0x9b504536b1897347,x10=0x9b504536b1897347,x11=0x3e8,x12=0x3,x13=0x706f6f6c5f657469,x14=0x7c0fa4e280,x15=0x0,x16=0x5f5c8f5a00,x17=0x7c0c1d9700,x18=0x7c0f35c000,x19=0x5f5c8f470c,x20=0x1,x21=0x1,x22=0x7fd3b20218,x23=0x7fd3b20220,x24=0x0,x25=0x0,x26=0x0,x27=0x0,x28=0x0,x29=0x7fd3b20190,lr=0x5f5c8f4734,sp=0x7fd3b20180,pc=0x7c0c1d9700]
[15012|15012] event_addr:0x7c0c1d9700 hit_count:13, Regs:
[x0=0x1,x1=0x5f5c8f3598,x2=0x1,x3=0x7fd3b201e8,x4=0x0,x5=0x1414d4c,x6=0x1414d4c,x7=0x0,x8=0x9b504536b1897347,x9=0x9b504536b1897347,x10=0x9b504536b1897347,x11=0x3e8,x12=0x3,x13=0x706f6f6c5f657469,x14=0x7c0fa4e280,x15=0x0,x16=0x5f5c8f5a00,x17=0x7c0c1d9700,x18=0x7c0f35c000,x19=0x5f5c8f470c,x20=0x1,x21=0x1,x22=0x7fd3b20218,x23=0x7fd3b20220,x24=0x0,x25=0x0,x26=0x0,x27=0x0,x28=0x0,x29=0x7fd3b20190,lr=0x5f5c8f4734,sp=0x7fd3b20180,pc=0x7c0c1d9700]
[15012|15012] event_addr:0x7c0c1d9700 hit_count:13, Regs:
[x0=0x1,x1=0x5f5c8f3598,x2=0x1,x3=0x7fd3b201e8,x4=0x0,x5=0x1414d4c,x6=0x1414d4c,x7=0x0,x8=0x9b504536b1897347,x9=0x9b504536b1897347,x10=0x9b504536b1897347,x11=0x3e8,x12=0x3,x13=0x706f6f6c5f657469,x14=0x7c0fa4e280,x15=0x0,x16=0x5f5c8f5a00,x17=0x7c0c1d9700,x18=0x7c0f35c000,x19=0x5f5c8f470c,x20=0x1,x21=0x1,x22=0x7fd3b20218,x23=0x7fd3b20220,x24=0x0,x25=0x0,x26=0x0,x27=0x0,x28=0x0,x29=0x7fd3b20190,lr=0x5f5c8f4734,sp=0x7fd3b20180,pc=0x7c0c1d9700]
[15012|15012] event_addr:0x7c0c1d9700 hit_count:13, Regs:
[x0=0x1,x1=0x5f5c8f3598,x2=0x1,x3=0x7fd3b201e8,x4=0x0,x5=0x1414d4c,x6=0x1414d4c,x7=0x0,x8=0x9b504536b1897347,x9=0x9b504536b1897347,x10=0x9b504536b1897347,x11=0x3e8,x12=0x3,x13=0x706f6f6c5f657469,x14=0x7c0fa4e280,x15=0x0,x16=0x5f5c8f5a00,x17=0x7c0c1d9700,x18=0x7c0f35c000,x19=0x5f5c8f470c,x20=0x1,x21=0x1,x22=0x7fd3b20218,x23=0x7fd3b20220,x24=0x0,x25=0x0,x26=0x0,x27=0x0,x28=0x0,x29=0x7fd3b20190,lr=0x5f5c8f4734,sp=0x7fd3b20180,pc=0x7c0c1d9700]
[15012|15012] event_addr:0x7c0c1d9700 hit_count:13, Regs:
[x0=0x1,x1=0x5f5c8f3598,x2=0x1,x3=0x7fd3b201e8,x4=0x0,x5=0x1414d4c,x6=0x1414d4c,x7=0x0,x8=0x9b504536b1897347,x9=0x9b504536b1897347,x10=0x9b504536b1897347,x11=0x3e8,x12=0x3,x13=0x706f6f6c5f657469,x14=0x7c0fa4e280,x15=0x0,x16=0x5f5c8f5a00,x17=0x7c0c1d9700,x18=0x7c0f35c000,x19=0x5f5c8f470c,x20=0x1,x21=0x1,x22=0x7fd3b20218,x23=0x7fd3b20220,x24=0x0,x25=0x0,x26=0x0,x27=0x0,x28=0x0,x29=0x7fd3b20190,lr=0x5f5c8f4734,sp=0x7fd3b20180,pc=0x7c0c1d9700]
[15012|15012] event_addr:0x7c0c1d9700 hit_count:13, Regs:
[x0=0x1,x1=0x5f5c8f3598,x2=0x1,x3=0x7fd3b201e8,x4=0x0,x5=0x1414d4c,x6=0x1414d4c,x7=0x0,x8=0x9b504536b1897347,x9=0x9b504536b1897347,x10=0x9b504536b1897347,x11=0x3e8,x12=0x3,x13=0x706f6f6c5f657469,x14=0x7c0fa4e280,x15=0x0,x16=0x5f5c8f5a00,x17=0x7c0c1d9700,x18=0x7c0f35c000,x19=0x5f5c8f470c,x20=0x1,x21=0x1,x22=0x7fd3b20218,x23=0x7fd3b20220,x24=0x0,x25=0x0,x26=0x0,x27=0x0,x28=0x0,x29=0x7fd3b20190,lr=0x5f5c8f4734,sp=0x7fd3b20180,pc=0x7c0c1d9700]
[15012|15012] event_addr:0x7c0c1d9700 hit_count:13, Regs:
[x0=0x1,x1=0x5f5c8f3598,x2=0x1,x3=0x7fd3b201e8,x4=0x0,x5=0x1414d4c,x6=0x1414d4c,x7=0x0,x8=0x9b504536b1897347,x9=0x9b504536b1897347,x10=0x9b504536b1897347,x11=0x3e8,x12=0x3,x13=0x706f6f6c5f657469,x14=0x7c0fa4e280,x15=0x0,x16=0x5f5c8f5a00,x17=0x7c0c1d9700,x18=0x7c0f35c000,x19=0x5f5c8f470c,x20=0x1,x21=0x1,x22=0x7fd3b20218,x23=0x7fd3b20220,x24=0x0,x25=0x0,x26=0x0,x27=0x0,x28=0x0,x29=0x7fd3b20190,lr=0x5f5c8f4734,sp=0x7fd3b20180,pc=0x7c0c1d9700]
[15012|15012] event_addr:0x7c0c1d9700 hit_count:13, Regs:
[x0=0x1,x1=0x5f5c8f3598,x2=0x1,x3=0x7fd3b201e8,x4=0x0,x5=0x1414d4c,x6=0x1414d4c,x7=0x0,x8=0x9b504536b1897347,x9=0x9b504536b1897347,x10=0x9b504536b1897347,x11=0x3e8,x12=0x3,x13=0x706f6f6c5f657469,x14=0x7c0fa4e280,x15=0x0,x16=0x5f5c8f5a00,x17=0x7c0c1d9700,x18=0x7c0f35c000,x19=0x5f5c8f470c,x20=0x1,x21=0x1,x22=0x7fd3b20218,x23=0x7fd3b20220,x24=0x0,x25=0x0,x26=0x0,x27=0x0,x28=0x0,x29=0x7fd3b20190,lr=0x5f5c8f4734,sp=0x7fd3b20180,pc=0x7c0c1d9700]
[15012|15012] event_addr:0x7c0c1d9700 hit_count:13, Regs:
[x0=0x1,x1=0x5f5c8f3598,x2=0x1,x3=0x7fd3b201e8,x4=0x0,x5=0x1414d4c,x6=0x1414d4c,x7=0x0,x8=0x9b504536b1897347,x9=0x9b504536b1897347,x10=0x9b504536b1897347,x11=0x3e8,x12=0x3,x13=0x706f6f6c5f657469,x14=0x7c0fa4e280,x15=0x0,x16=0x5f5c8f5a00,x17=0x7c0c1d9700,x18=0x7c0f35c000,x19=0x5f5c8f470c,x20=0x1,x21=0x1,x22=0x7fd3b20218,x23=0x7fd3b20220,x24=0x0,x25=0x0,x26=0x0,x27=0x0,x28=0x0,x29=0x7fd3b20190,lr=0x5f5c8f4734,sp=0x7fd3b20180,pc=0x7c0c1d9700]
[15012|15012] event_addr:0x7c0c1d9700 hit_count:13, Regs:
[x0=0x1,x1=0x5f5c8f3598,x2=0x1,x3=0x7fd3b201e8,x4=0x0,x5=0x1414d4c,x6=0x1414d4c,x7=0x0,x8=0x9b504536b1897347,x9=0x9b504536b1897347,x10=0x9b504536b1897347,x11=0x3e8,x12=0x3,x13=0x706f6f6c5f657469,x14=0x7c0fa4e280,x15=0x0,x16=0x5f5c8f5a00,x17=0x7c0c1d9700,x18=0x7c0f35c000,x19=0x5f5c8f470c,x20=0x1,x21=0x1,x22=0x7fd3b20218,x23=0x7fd3b20220,x24=0x0,x25=0x0,x26=0x0,x27=0x0,x28=0x0,x29=0x7fd3b20190,lr=0x5f5c8f4734,sp=0x7fd3b20180,pc=0x7c0c1d9700]
[15012|15012] event_addr:0x7c0c1d9700 hit_count:13, Regs:
[x0=0x1,x1=0x5f5c8f3598,x2=0x1,x3=0x7fd3b201e8,x4=0x0,x5=0x1414d4c,x6=0x1414d4c,x7=0x0,x8=0x9b504536b1897347,x9=0x9b504536b1897347,x10=0x9b504536b1897347,x11=0x3e8,x12=0x3,x13=0x706f6f6c5f657469,x14=0x7c0fa4e280,x15=0x0,x16=0x5f5c8f5a00,x17=0x7c0c1d9700,x18=0x7c0f35c000,x19=0x5f5c8f470c,x20=0x1,x21=0x1,x22=0x7fd3b20218,x23=0x7fd3b20220,x24=0x0,x25=0x0,x26=0x0,x27=0x0,x28=0x0,x29=0x7fd3b20190,lr=0x5f5c8f4734,sp=0x7fd3b20180,pc=0x7c0c1d9700]
[15012|15012] event_addr:0x7c0c1d9700 hit_count:13, Regs:
[x0=0x1,x1=0x5f5c8f3598,x2=0x1,x3=0x7fd3b201e8,x4=0x0,x5=0x1414d4c,x6=0x1414d4c,x7=0x0,x8=0x9b504536b1897347,x9=0x9b504536b1897347,x10=0x9b504536b1897347,x11=0x3e8,x12=0x3,x13=0x706f6f6c5f657469,x14=0x7c0fa4e280,x15=0x0,x16=0x5f5c8f5a00,x17=0x7c0c1d9700,x18=0x7c0f35c000,x19=0x5f5c8f470c,x20=0x1,x21=0x1,x22=0x7fd3b20218,x23=0x7fd3b20220,x24=0x0,x25=0x0,x26=0x0,x27=0x0,x28=0x0,x29=0x7fd3b20190,lr=0x5f5c8f4734,sp=0x7fd3b20180,pc=0x7c0c1d9700]
[15012|15012] event_addr:0x7c0c1d9700 hit_count:14, Regs:
[x0=0x1,x1=0x5f5c8f3598,x2=0x1,x3=0x7fd3b201e8,x4=0x0,x5=0x1414d4c,x6=0x1414d4c,x7=0x0,x8=0x9b504536b1897347,x9=0x9b504536b1897347,x10=0x9b504536b1897347,x11=0x3e8,x12=0x3,x13=0x706f6f6c5f657469,x14=0x7c0fa4e280,x15=0x0,x16=0x5f5c8f5a00,x17=0x7c0c1d9700,x18=0x7c0f35c000,x19=0x5f5c8f470c,x20=0x1,x21=0x1,x22=0x7fd3b20218,x23=0x7fd3b20220,x24=0x0,x25=0x0,x26=0x0,x27=0x0,x28=0x0,x29=0x7fd3b20190,lr=0x5f5c8f4734,sp=0x7fd3b20180,pc=0x7c0c1d9700]
[15012|15012] event_addr:0x7c0c1d9700 hit_count:15, Regs:
[x0=0x1,x1=0x5f5c8f3598,x2=0x1,x3=0x7fd3b201e8,x4=0x0,x5=0x1414d4c,x6=0x1414d4c,x7=0x0,x8=0x9b504536b1897347,x9=0x9b504536b1897347,x10=0x9b504536b1897347,x11=0x3e8,x12=0x3,x13=0x706f6f6c5f657469,x14=0x7c0fa4e280,x15=0x0,x16=0x5f5c8f5a00,x17=0x7c0c1d9700,x18=0x7c0f35c000,x19=0x5f5c8f470c,x20=0x1,x21=0x1,x22=0x7fd3b20218,x23=0x7fd3b20220,x24=0x0,x25=0x0,x26=0x0,x27=0x0,x28=0x0,x29=0x7fd3b20190,lr=0x5f5c8f4734,sp=0x7fd3b20180,pc=0x7c0c1d9700]
[15012|15012] event_addr:0x7c0c1d9700 hit_count:16, Regs:
[x0=0x1,x1=0x5f5c8f3598,x2=0x1,x3=0x7fd3b201e8,x4=0x0,x5=0x1414d4c,x6=0x1414d4c,x7=0x0,x8=0x9b504536b1897347,x9=0x9b504536b1897347,x10=0x9b504536b1897347,x11=0x3e8,x12=0x3,x13=0x706f6f6c5f657469,x14=0x7c0fa4e280,x15=0x0,x16=0x5f5c8f5a00,x17=0x7c0c1d9700,x18=0x7c0f35c000,x19=0x5f5c8f470c,x20=0x1,x21=0x1,x22=0x7fd3b20218,x23=0x7fd3b20220,x24=0x0,x25=0x0,x26=0x0,x27=0x0,x28=0x0,x29=0x7fd3b20190,lr=0x5f5c8f4734,sp=0x7fd3b20180,pc=0x7c0c1d9700]
[15012|15012] event_addr:0x7c0c1d9700 hit_count:17, Regs:
[x0=0x1,x1=0x5f5c8f3598,x2=0x1,x3=0x7fd3b201e8,x4=0x0,x5=0x1414d4c,x6=0x1414d4c,x7=0x0,x8=0x9b504536b1897347,x9=0x9b504536b1897347,x10=0x9b504536b1897347,x11=0x3e8,x12=0x3,x13=0x706f6f6c5f657469,x14=0x7c0fa4e280,x15=0x0,x16=0x5f5c8f5a00,x17=0x7c0c1d9700,x18=0x7c0f35c000,x19=0x5f5c8f470c,x20=0x1,x21=0x1,x22=0x7fd3b20218,x23=0x7fd3b20220,x24=0x0,x25=0x0,x26=0x0,x27=0x0,x28=0x0,x29=0x7fd3b20190,lr=0x5f5c8f4734,sp=0x7fd3b20180,pc=0x7c0c1d9700]
[15012|15012] event_addr:0x7c0c1d9700 hit_count:18, Regs:
[x0=0x1,x1=0x5f5c8f3598,x2=0x1,x3=0x7fd3b201e8,x4=0x0,x5=0x1414d4c,x6=0x1414d4c,x7=0x0,x8=0x9b504536b1897347,x9=0x9b504536b1897347,x10=0x9b504536b1897347,x11=0x3e8,x12=0x3,x13=0x706f6f6c5f657469,x14=0x7c0fa4e280,x15=0x0,x16=0x5f5c8f5a00,x17=0x7c0c1d9700,x18=0x7c0f35c000,x19=0x5f5c8f470c,x20=0x1,x21=0x1,x22=0x7fd3b20218,x23=0x7fd3b20220,x24=0x0,x25=0x0,x26=0x0,x27=0x0,x28=0x0,x29=0x7fd3b20190,lr=0x5f5c8f4734,sp=0x7fd3b20180,pc=0x7c0c1d9700]
[15012|15012] event_addr:0x7c0c1d9700 hit_count:19, Regs:
[x0=0x1,x1=0x5f5c8f3598,x2=0x1,x3=0x7fd3b201e8,x4=0x0,x5=0x1414d4c,x6=0x1414d4c,x7=0x0,x8=0x9b504536b1897347,x9=0x9b504536b1897347,x10=0x9b504536b1897347,x11=0x3e8,x12=0x3,x13=0x706f6f6c5f657469,x14=0x7c0fa4e280,x15=0x0,x16=0x5f5c8f5a00,x17=0x7c0c1d9700,x18=0x7c0f35c000,x19=0x5f5c8f470c,x20=0x1,x21=0x1,x22=0x7fd3b20218,x23=0x7fd3b20220,x24=0x0,x25=0x0,x26=0x0,x27=0x0,x28=0x0,x29=0x7fd3b20190,lr=0x5f5c8f4734,sp=0x7fd3b20180,pc=0x7c0c1d9700]
[15012|15012] event_addr:0x7c0c1d9700 hit_count:20, Regs:
[x0=0x1,x1=0x5f5c8f3598,x2=0x1,x3=0x7fd3b201e8,x4=0x0,x5=0x1414d4c,x6=0x1414d4c,x7=0x0,x8=0x9b504536b1897347,x9=0x9b504536b1897347,x10=0x9b504536b1897347,x11=0x3e8,x12=0x3,x13=0x706f6f6c5f657469,x14=0x7c0fa4e280,x15=0x0,x16=0x5f5c8f5a00,x17=0x7c0c1d9700,x18=0x7c0f35c000,x19=0x5f5c8f470c,x20=0x1,x21=0x1,x22=0x7fd3b20218,x23=0x7fd3b20220,x24=0x0,x25=0x0,x26=0x0,x27=0x0,x28=0x0,x29=0x7fd3b20190,lr=0x5f5c8f4734,sp=0x7fd3b20180,pc=0x7c0c1d9700]
[15012|15012] event_addr:0x7c0c1d9700 hit_count:21, Regs:
[x0=0x1,x1=0x5f5c8f3598,x2=0x1,x3=0x7fd3b201e8,x4=0x0,x5=0x1414d4c,x6=0x1414d4c,x7=0x0,x8=0x9b504536b1897347,x9=0x9b504536b1897347,x10=0x9b504536b1897347,x11=0x3e8,x12=0x3,x13=0x706f6f6c5f657469,x14=0x7c0fa4e280,x15=0x0,x16=0x5f5c8f5a00,x17=0x7c0c1d9700,x18=0x7c0f35c000,x19=0x5f5c8f470c,x20=0x1,x21=0x1,x22=0x7fd3b20218,x23=0x7fd3b20220,x24=0x0,x25=0x0,x26=0x0,x27=0x0,x28=0x0,x29=0x7fd3b20190,lr=0x5f5c8f4734,sp=0x7fd3b20180,pc=0x7c0c1d9700]
[15012|15012] event_addr:0x7c0c1d9700 hit_count:22, Regs:
[x0=0x1,x1=0x5f5c8f3598,x2=0x1,x3=0x7fd3b201e8,x4=0x0,x5=0x1414d4c,x6=0x1414d4c,x7=0x0,x8=0x9b504536b1897347,x9=0x9b504536b1897347,x10=0x9b504536b1897347,x11=0x3e8,x12=0x3,x13=0x706f6f6c5f657469,x14=0x7c0fa4e280,x15=0x0,x16=0x5f5c8f5a00,x17=0x7c0c1d9700,x18=0x7c0f35c000,x19=0x5f5c8f470c,x20=0x1,x21=0x1,x22=0x7fd3b20218,x23=0x7fd3b20220,x24=0x0,x25=0x0,x26=0x0,x27=0x0,x28=0x0,x29=0x7fd3b20190,lr=0x5f5c8f4734,sp=0x7fd3b20180,pc=0x7c0c1d9700]
[15012|15012] event_addr:0x7c0c1d9700 hit_count:23, Regs:
[x0=0x1,x1=0x5f5c8f3598,x2=0x1,x3=0x7fd3b201e8,x4=0x0,x5=0x1414d4c,x6=0x1414d4c,x7=0x0,x8=0x9b504536b1897347,x9=0x9b504536b1897347,x10=0x9b504536b1897347,x11=0x3e8,x12=0x3,x13=0x706f6f6c5f657469,x14=0x7c0fa4e280,x15=0x0,x16=0x5f5c8f5a00,x17=0x7c0c1d9700,x18=0x7c0f35c000,x19=0x5f5c8f470c,x20=0x1,x21=0x1,x22=0x7fd3b20218,x23=0x7fd3b20220,x24=0x0,x25=0x0,x26=0x0,x27=0x0,x28=0x0,x29=0x7fd3b20190,lr=0x5f5c8f4734,sp=0x7fd3b20180,pc=0x7c0c1d9700]
[15012|15012] event_addr:0x7c0c1d9700 hit_count:24, Regs:
[x0=0x1,x1=0x5f5c8f3598,x2=0x1,x3=0x7fd3b201e8,x4=0x0,x5=0x1414d4c,x6=0x1414d4c,x7=0x0,x8=0x9b504536b1897347,x9=0x9b504536b1897347,x10=0x9b504536b1897347,x11=0x3e8,x12=0x3,x13=0x706f6f6c5f657469,x14=0x7c0fa4e280,x15=0x0,x16=0x5f5c8f5a00,x17=0x7c0c1d9700,x18=0x7c0f35c000,x19=0x5f5c8f470c,x20=0x1,x21=0x1,x22=0x7fd3b20218,x23=0x7fd3b20220,x24=0x0,x25=0x0,x26=0x0,x27=0x0,x28=0x0,x29=0x7fd3b20190,lr=0x5f5c8f4734,sp=0x7fd3b20180,pc=0x7c0c1d9700]
[15012|15012] event_addr:0x7c0c1d9700 hit_count:25, Regs:
[x0=0x1,x1=0x5f5c8f3598,x2=0x1,x3=0x7fd3b201e8,x4=0x0,x5=0x1414d4c,x6=0x1414d4c,x7=0x0,x8=0x9b504536b1897347,x9=0x9b504536b1897347,x10=0x9b504536b1897347,x11=0x3e8,x12=0x3,x13=0x706f6f6c5f657469,x14=0x7c0fa4e280,x15=0x0,x16=0x5f5c8f5a00,x17=0x7c0c1d9700,x18=0x7c0f35c000,x19=0x5f5c8f470c,x20=0x1,x21=0x1,x22=0x7fd3b20218,x23=0x7fd3b20220,x24=0x0,x25=0x0,x26=0x0,x27=0x0,x28=0x0,x29=0x7fd3b20190,lr=0x5f5c8f4734,sp=0x7fd3b20180,pc=0x7c0c1d9700]
[15012|15012] event_addr:0x7c0c1d9700 hit_count:26, Regs:
[x0=0x1,x1=0x5f5c8f3598,x2=0x1,x3=0x7fd3b201e8,x4=0x0,x5=0x1414d4c,x6=0x1414d4c,x7=0x0,x8=0x9b504536b1897347,x9=0x9b504536b1897347,x10=0x9b504536b1897347,x11=0x3e8,x12=0x3,x13=0x706f6f6c5f657469,x14=0x7c0fa4e280,x15=0x0,x16=0x5f5c8f5a00,x17=0x7c0c1d9700,x18=0x7c0f35c000,x19=0x5f5c8f470c,x20=0x1,x21=0x1,x22=0x7fd3b20218,x23=0x7fd3b20220,x24=0x0,x25=0x0,x26=0x0,x27=0x0,x28=0x0,x29=0x7fd3b20190,lr=0x5f5c8f4734,sp=0x7fd3b20180,pc=0x7c0c1d9700]
[15012|15012] event_addr:0x7c0c1d9700 hit_count:27, Regs:
[x0=0x1,x1=0x5f5c8f3598,x2=0x1,x3=0x7fd3b201e8,x4=0x0,x5=0x1414d4c,x6=0x1414d4c,x7=0x0,x8=0x9b504536b1897347,x9=0x9b504536b1897347,x10=0x9b504536b1897347,x11=0x3e8,x12=0x3,x13=0x706f6f6c5f657469,x14=0x7c0fa4e280,x15=0x0,x16=0x5f5c8f5a00,x17=0x7c0c1d9700,x18=0x7c0f35c000,x19=0x5f5c8f470c,x20=0x1,x21=0x1,x22=0x7fd3b20218,x23=0x7fd3b20220,x24=0x0,x25=0x0,x26=0x0,x27=0x0,x28=0x0,x29=0x7fd3b20190,lr=0x5f5c8f4734,sp=0x7fd3b20180,pc=0x7c0c1d9700]
[15012|15012] event_addr:0x7c0c1d9700 hit_count:28, Regs:
[x0=0x1,x1=0x5f5c8f3598,x2=0x1,x3=0x7fd3b201e8,x4=0x0,x5=0x1414d4c,x6=0x1414d4c,x7=0x0,x8=0x9b504536b1897347,x9=0x9b504536b1897347,x10=0x9b504536b1897347,x11=0x3e8,x12=0x3,x13=0x706f6f6c5f657469,x14=0x7c0fa4e280,x15=0x0,x16=0x5f5c8f5a00,x17=0x7c0c1d9700,x18=0x7c0f35c000,x19=0x5f5c8f470c,x20=0x1,x21=0x1,x22=0x7fd3b20218,x23=0x7fd3b20220,x24=0x0,x25=0x0,x26=0x0,x27=0x0,x28=0x0,x29=0x7fd3b20190,lr=0x5f5c8f4734,sp=0x7fd3b20180,pc=0x7c0c1d9700]
[15012|15012] event_addr:0x7c0c1d9700 hit_count:29, Regs:
[x0=0x1,x1=0x5f5c8f3598,x2=0x1,x3=0x7fd3b201e8,x4=0x0,x5=0x1414d4c,x6=0x1414d4c,x7=0x0,x8=0x9b504536b1897347,x9=0x9b504536b1897347,x10=0x9b504536b1897347,x11=0x3e8,x12=0x3,x13=0x706f6f6c5f657469,x14=0x7c0fa4e280,x15=0x0,x16=0x5f5c8f5a00,x17=0x7c0c1d9700,x18=0x7c0f35c000,x19=0x5f5c8f470c,x20=0x1,x21=0x1,x22=0x7fd3b20218,x23=0x7fd3b20220,x24=0x0,x25=0x0,x26=0x0,x27=0x0,x28=0x0,x29=0x7fd3b20190,lr=0x5f5c8f4734,sp=0x7fd3b20180,pc=0x7c0c1d9700]
[15012|15012] event_addr:0x7c0c1d9700 hit_count:30, Regs:
[x0=0x1,x1=0x5f5c8f3598,x2=0x1,x3=0x7fd3b201e8,x4=0x0,x5=0x1414d4c,x6=0x1414d4c,x7=0x0,x8=0x9b504536b1897347,x9=0x9b504536b1897347,x10=0x9b504536b1897347,x11=0x3e8,x12=0x3,x13=0x706f6f6c5f657469,x14=0x7c0fa4e280,x15=0x0,x16=0x5f5c8f5a00,x17=0x7c0c1d9700,x18=0x7c0f35c000,x19=0x5f5c8f470c,x20=0x1,x21=0x1,x22=0x7fd3b20218,x23=0x7fd3b20220,x24=0x0,x25=0x0,x26=0x0,x27=0x0,x28=0x0,x29=0x7fd3b20190,lr=0x5f5c8f4734,sp=0x7fd3b20180,pc=0x7c0c1d9700]
[15012|15012] event_addr:0x7c0c1d9700 hit_count:31, Regs:
[x0=0x1,x1=0x5f5c8f3598,x2=0x1,x3=0x7fd3b201e8,x4=0x0,x5=0x1414d4c,x6=0x1414d4c,x7=0x0,x8=0x9b504536b1897347,x9=0x9b504536b1897347,x10=0x9b504536b1897347,x11=0x3e8,x12=0x3,x13=0x706f6f6c5f657469,x14=0x7c0fa4e280,x15=0x0,x16=0x5f5c8f5a00,x17=0x7c0c1d9700,x18=0x7c0f35c000,x19=0x5f5c8f470c,x20=0x1,x21=0x1,x22=0x7fd3b20218,x23=0x7fd3b20220,x24=0x0,x25=0x0,x26=0x0,x27=0x0,x28=0x0,x29=0x7fd3b20190,lr=0x5f5c8f4734,sp=0x7fd3b20180,pc=0x7c0c1d9700]
[15012|15012] event_addr:0x7c0c1d9700 hit_count:32, Regs:
[x0=0x1,x1=0x5f5c8f3598,x2=0x1,x3=0x7fd3b201e8,x4=0x0,x5=0x1414d4c,x6=0x1414d4c,x7=0x0,x8=0x9b504536b1897347,x9=0x9b504536b1897347,x10=0x9b504536b1897347,x11=0x3e8,x12=0x3,x13=0x706f6f6c5f657469,x14=0x7c0fa4e280,x15=0x0,x16=0x5f5c8f5a00,x17=0x7c0c1d9700,x18=0x7c0f35c000,x19=0x5f5c8f470c,x20=0x1,x21=0x1,x22=0x7fd3b20218,x23=0x7fd3b20220,x24=0x0,x25=0x0,x26=0x0,x27=0x0,x28=0x0,x29=0x7fd3b20190,lr=0x5f5c8f4734,sp=0x7fd3b20180,pc=0x7c0c1d9700]
[15012|15012] event_addr:0x7c0c1d9700 hit_count:33, Regs:
[x0=0x1,x1=0x5f5c8f3598,x2=0x1,x3=0x7fd3b201e8,x4=0x0,x5=0x1414d4c,x6=0x1414d4c,x7=0x0,x8=0x9b504536b1897347,x9=0x9b504536b1897347,x10=0x9b504536b1897347,x11=0x3e8,x12=0x3,x13=0x706f6f6c5f657469,x14=0x7c0fa4e280,x15=0x0,x16=0x5f5c8f5a00,x17=0x7c0c1d9700,x18=0x7c0f35c000,x19=0x5f5c8f470c,x20=0x1,x21=0x1,x22=0x7fd3b20218,x23=0x7fd3b20220,x24=0x0,x25=0x0,x26=0x0,x27=0x0,x28=0x0,x29=0x7fd3b20190,lr=0x5f5c8f4734,sp=0x7fd3b20180,pc=0x7c0c1d9700]
[15012|15012] event_addr:0x7c0c1d9700 hit_count:34, Regs:
[x0=0x1,x1=0x5f5c8f3598,x2=0x1,x3=0x7fd3b201e8,x4=0x0,x5=0x1414d4c,x6=0x1414d4c,x7=0x0,x8=0x9b504536b1897347,x9=0x9b504536b1897347,x10=0x9b504536b1897347,x11=0x3e8,x12=0x3,x13=0x706f6f6c5f657469,x14=0x7c0fa4e280,x15=0x0,x16=0x5f5c8f5a00,x17=0x7c0c1d9700,x18=0x7c0f35c000,x19=0x5f5c8f470c,x20=0x1,x21=0x1,x22=0x7fd3b20218,x23=0x7fd3b20220,x24=0x0,x25=0x0,x26=0x0,x27=0x0,x28=0x0,x29=0x7fd3b20190,lr=0x5f5c8f4734,sp=0x7fd3b20180,pc=0x7c0c1d9700]
[15012|15012] event_addr:0x7c0c1d9700 hit_count:35, Regs:
[x0=0x1,x1=0x5f5c8f3598,x2=0x1,x3=0x7fd3b201e8,x4=0x0,x5=0x1414d4c,x6=0x1414d4c,x7=0x0,x8=0x9b504536b1897347,x9=0x9b504536b1897347,x10=0x9b504536b1897347,x11=0x3e8,x12=0x3,x13=0x706f6f6c5f657469,x14=0x7c0fa4e280,x15=0x0,x16=0x5f5c8f5a00,x17=0x7c0c1d9700,x18=0x7c0f35c000,x19=0x5f5c8f470c,x20=0x1,x21=0x1,x22=0x7fd3b20218,x23=0x7fd3b20220,x24=0x0,x25=0x0,x26=0x0,x27=0x0,x28=0x0,x29=0x7fd3b20190,lr=0x5f5c8f4734,sp=0x7fd3b20180,pc=0x7c0c1d9700]
[15012|15012] event_addr:0x7c0c1d9700 hit_count:36, Regs:
[x0=0x1,x1=0x5f5c8f3598,x2=0x1,x3=0x7fd3b201e8,x4=0x0,x5=0x1414d4c,x6=0x1414d4c,x7=0x0,x8=0x9b504536b1897347,x9=0x9b504536b1897347,x10=0x9b504536b1897347,x11=0x3e8,x12=0x3,x13=0x706f6f6c5f657469,x14=0x7c0fa4e280,x15=0x0,x16=0x5f5c8f5a00,x17=0x7c0c1d9700,x18=0x7c0f35c000,x19=0x5f5c8f470c,x20=0x1,x21=0x1,x22=0x7fd3b20218,x23=0x7fd3b20220,x24=0x0,x25=0x0,x26=0x0,x27=0x0,x28=0x0,x29=0x7fd3b20190,lr=0x5f5c8f4734,sp=0x7fd3b20180,pc=0x7c0c1d9700]
[15012|15012] event_addr:0x7c0c1d9700 hit_count:37, Regs:
[x0=0x1,x1=0x5f5c8f3598,x2=0x1,x3=0x7fd3b201e8,x4=0x0,x5=0x1414d4c,x6=0x1414d4c,x7=0x0,x8=0x9b504536b1897347,x9=0x9b504536b1897347,x10=0x9b504536b1897347,x11=0x3e8,x12=0x3,x13=0x706f6f6c5f657469,x14=0x7c0fa4e280,x15=0x0,x16=0x5f5c8f5a00,x17=0x7c0c1d9700,x18=0x7c0f35c000,x19=0x5f5c8f470c,x20=0x1,x21=0x1,x22=0x7fd3b20218,x23=0x7fd3b20220,x24=0x0,x25=0x0,x26=0x0,x27=0x0,x28=0x0,x29=0x7fd3b20190,lr=0x5f5c8f4734,sp=0x7fd3b20180,pc=0x7c0c1d9700]
[15012|15012] event_addr:0x7c0c1d9700 hit_count:38, Regs:
[x0=0x1,x1=0x5f5c8f3598,x2=0x1,x3=0x7fd3b201e8,x4=0x0,x5=0x1414d4c,x6=0x1414d4c,x7=0x0,x8=0x9b504536b1897347,x9=0x9b504536b1897347,x10=0x9b504536b1897347,x11=0x3e8,x12=0x3,x13=0x706f6f6c5f657469,x14=0x7c0fa4e280,x15=0x0,x16=0x5f5c8f5a00,x17=0x7c0c1d9700,x18=0x7c0f35c000,x19=0x5f5c8f470c,x20=0x1,x21=0x1,x22=0x7fd3b20218,x23=0x7fd3b20220,x24=0x0,x25=0x0,x26=0x0,x27=0x0,x28=0x0,x29=0x7fd3b20190,lr=0x5f5c8f4734,sp=0x7fd3b20180,pc=0x7c0c1d9700]
[15012|15012] event_addr:0x7c0c1d9700 hit_count:39, Regs:
[x0=0x1,x1=0x5f5c8f3598,x2=0x1,x3=0x7fd3b201e8,x4=0x0,x5=0x1414d4c,x6=0x1414d4c,x7=0x0,x8=0x9b504536b1897347,x9=0x9b504536b1897347,x10=0x9b504536b1897347,x11=0x3e8,x12=0x3,x13=0x706f6f6c5f657469,x14=0x7c0fa4e280,x15=0x0,x16=0x5f5c8f5a00,x17=0x7c0c1d9700,x18=0x7c0f35c000,x19=0x5f5c8f470c,x20=0x1,x21=0x1,x22=0x7fd3b20218,x23=0x7fd3b20220,x24=0x0,x25=0x0,x26=0x0,x27=0x0,x28=0x0,x29=0x7fd3b20190,lr=0x5f5c8f4734,sp=0x7fd3b20180,pc=0x7c0c1d9700]
[15012|15012] event_addr:0x7c0c1d9700 hit_count:40, Regs:
[x0=0x1,x1=0x5f5c8f3598,x2=0x1,x3=0x7fd3b201e8,x4=0x0,x5=0x1414d4c,x6=0x1414d4c,x7=0x0,x8=0x9b504536b1897347,x9=0x9b504536b1897347,x10=0x9b504536b1897347,x11=0x3e8,x12=0x3,x13=0x706f6f6c5f657469,x14=0x7c0fa4e280,x15=0x0,x16=0x5f5c8f5a00,x17=0x7c0c1d9700,x18=0x7c0f35c000,x19=0x5f5c8f470c,x20=0x1,x21=0x1,x22=0x7fd3b20218,x23=0x7fd3b20220,x24=0x0,x25=0x0,x26=0x0,x27=0x0,x28=0x0,x29=0x7fd3b20190,lr=0x5f5c8f4734,sp=0x7fd3b20180,pc=0x7c0c1d9700]
[15012|15012] event_addr:0x7c0c1d9700 hit_count:41, Regs:
[x0=0x1,x1=0x5f5c8f3598,x2=0x1,x3=0x7fd3b201e8,x4=0x0,x5=0x1414d4c,x6=0x1414d4c,x7=0x0,x8=0x9b504536b1897347,x9=0x9b504536b1897347,x10=0x9b504536b1897347,x11=0x3e8,x12=0x3,x13=0x706f6f6c5f657469,x14=0x7c0fa4e280,x15=0x0,x16=0x5f5c8f5a00,x17=0x7c0c1d9700,x18=0x7c0f35c000,x19=0x5f5c8f470c,x20=0x1,x21=0x1,x22=0x7fd3b20218,x23=0x7fd3b20220,x24=0x0,x25=0x0,x26=0x0,x27=0x0,x28=0x0,x29=0x7fd3b20190,lr=0x5f5c8f4734,sp=0x7fd3b20180,pc=0x7c0c1d9700]
[15012|15012] event_addr:0x7c0c1d9700 hit_count:42, Regs:
[x0=0x1,x1=0x5f5c8f3598,x2=0x1,x3=0x7fd3b201e8,x4=0x0,x5=0x1414d4c,x6=0x1414d4c,x7=0x0,x8=0x9b504536b1897347,x9=0x9b504536b1897347,x10=0x9b504536b1897347,x11=0x3e8,x12=0x3,x13=0x706f6f6c5f657469,x14=0x7c0fa4e280,x15=0x0,x16=0x5f5c8f5a00,x17=0x7c0c1d9700,x18=0x7c0f35c000,x19=0x5f5c8f470c,x20=0x1,x21=0x1,x22=0x7fd3b20218,x23=0x7fd3b20220,x24=0x0,x25=0x0,x26=0x0,x27=0x0,x28=0x0,x29=0x7fd3b20190,lr=0x5f5c8f4734,sp=0x7fd3b20180,pc=0x7c0c1d9700]
[15012|15012] event_addr:0x7c0c1d9700 hit_count:43, Regs:
[x0=0x1,x1=0x5f5c8f3598,x2=0x1,x3=0x7fd3b201e8,x4=0x0,x5=0x1414d4c,x6=0x1414d4c,x7=0x0,x8=0x9b504536b1897347,x9=0x9b504536b1897347,x10=0x9b504536b1897347,x11=0x3e8,x12=0x3,x13=0x706f6f6c5f657469,x14=0x7c0fa4e280,x15=0x0,x16=0x5f5c8f5a00,x17=0x7c0c1d9700,x18=0x7c0f35c000,x19=0x5f5c8f470c,x20=0x1,x21=0x1,x22=0x7fd3b20218,x23=0x7fd3b20220,x24=0x0,x25=0x0,x26=0x0,x27=0x0,x28=0x0,x29=0x7fd3b20190,lr=0x5f5c8f4734,sp=0x7fd3b20180,pc=0x7c0c1d9700]
[15012|15012] event_addr:0x7c0c1d9700 hit_count:44, Regs:
[x0=0x1,x1=0x5f5c8f3598,x2=0x1,x3=0x7fd3b201e8,x4=0x0,x5=0x1414d4c,x6=0x1414d4c,x7=0x0,x8=0x9b504536b1897347,x9=0x9b504536b1897347,x10=0x9b504536b1897347,x11=0x3e8,x12=0x3,x13=0x706f6f6c5f657469,x14=0x7c0fa4e280,x15=0x0,x16=0x5f5c8f5a00,x17=0x7c0c1d9700,x18=0x7c0f35c000,x19=0x5f5c8f470c,x20=0x1,x21=0x1,x22=0x7fd3b20218,x23=0x7fd3b20220,x24=0x0,x25=0x0,x26=0x0,x27=0x0,x28=0x0,x29=0x7fd3b20190,lr=0x5f5c8f4734,sp=0x7fd3b20180,pc=0x7c0c1d9700]
[15012|15012] event_addr:0x7c0c1d9700 hit_count:45, Regs:
[x0=0x1,x1=0x5f5c8f3598,x2=0x1,x3=0x7fd3b201e8,x4=0x0,x5=0x1414d4c,x6=0x1414d4c,x7=0x0,x8=0x9b504536b1897347,x9=0x9b504536b1897347,x10=0x9b504536b1897347,x11=0x3e8,x12=0x3,x13=0x706f6f6c5f657469,x14=0x7c0fa4e280,x15=0x0,x16=0x5f5c8f5a00,x17=0x7c0c1d9700,x18=0x7c0f35c000,x19=0x5f5c8f470c,x20=0x1,x21=0x1,x22=0x7fd3b20218,x23=0x7fd3b20220,x24=0x0,x25=0x0,x26=0x0,x27=0x0,x28=0x0,x29=0x7fd3b20190,lr=0x5f5c8f4734,sp=0x7fd3b20180,pc=0x7c0c1d9700]
[15012|15012] event_addr:0x7c0c1d9700 hit_count:46, Regs:
[x0=0x1,x1=0x5f5c8f3598,x2=0x1,x3=0x7fd3b201e8,x4=0x0,x5=0x1414d4c,x6=0x1414d4c,x7=0x0,x8=0x9b504536b1897347,x9=0x9b504536b1897347,x10=0x9b504536b1897347,x11=0x3e8,x12=0x3,x13=0x706f6f6c5f657469,x14=0x7c0fa4e280,x15=0x0,x16=0x5f5c8f5a00,x17=0x7c0c1d9700,x18=0x7c0f35c000,x19=0x5f5c8f470c,x20=0x1,x21=0x1,x22=0x7fd3b20218,x23=0x7fd3b20220,x24=0x0,x25=0x0,x26=0x0,x27=0x0,x28=0x0,x29=0x7fd3b20190,lr=0x5f5c8f4734,sp=0x7fd3b20180,pc=0x7c0c1d9700]
[15012|15012] event_addr:0x7c0c1d9700 hit_count:47, Regs:
[x0=0x1,x1=0x5f5c8f3598,x2=0x1,x3=0x7fd3b201e8,x4=0x0,x5=0x1414d4c,x6=0x1414d4c,x7=0x0,x8=0x9b504536b1897347,x9=0x9b504536b1897347,x10=0x9b504536b1897347,x11=0x3e8,x12=0x3,x13=0x706f6f6c5f657469,x14=0x7c0fa4e280,x15=0x0,x16=0x5f5c8f5a00,x17=0x7c0c1d9700,x18=0x7c0f35c000,x19=0x5f5c8f470c,x20=0x1,x21=0x1,x22=0x7fd3b20218,x23=0x7fd3b20220,x24=0x0,x25=0x0,x26=0x0,x27=0x0,x28=0x0,x29=0x7fd3b20190,lr=0x5f5c8f4734,sp=0x7fd3b20180,pc=0x7c0c1d9700]
[15012|15012] event_addr:0x7c0c1d9700 hit_count:48, Regs:
[x0=0x1,x1=0x5f5c8f3598,x2=0x1,x3=0x7fd3b201e8,x4=0x0,x5=0x1414d4c,x6=0x1414d4c,x7=0x0,x8=0x9b504536b1897347,x9=0x9b504536b1897347,x10=0x9b504536b1897347,x11=0x3e8,x12=0x3,x13=0x706f6f6c5f657469,x14=0x7c0fa4e280,x15=0x0,x16=0x5f5c8f5a00,x17=0x7c0c1d9700,x18=0x7c0f35c000,x19=0x5f5c8f470c,x20=0x1,x21=0x1,x22=0x7fd3b20218,x23=0x7fd3b20220,x24=0x0,x25=0x0,x26=0x0,x27=0x0,x28=0x0,x29=0x7fd3b20190,lr=0x5f5c8f4734,sp=0x7fd3b20180,pc=0x7c0c1d9700]
[15012|15012] event_addr:0x7c0c1d9700 hit_count:49, Regs:
[x0=0x1,x1=0x5f5c8f3598,x2=0x1,x3=0x7fd3b201e8,x4=0x0,x5=0x1414d4c,x6=0x1414d4c,x7=0x0,x8=0x9b504536b1897347,x9=0x9b504536b1897347,x10=0x9b504536b1897347,x11=0x3e8,x12=0x3,x13=0x706f6f6c5f657469,x14=0x7c0fa4e280,x15=0x0,x16=0x5f5c8f5a00,x17=0x7c0c1d9700,x18=0x7c0f35c000,x19=0x5f5c8f470c,x20=0x1,x21=0x1,x22=0x7fd3b20218,x23=0x7fd3b20220,x24=0x0,x25=0x0,x26=0x0,x27=0x0,x28=0x0,x29=0x7fd3b20190,lr=0x5f5c8f4734,sp=0x7fd3b20180,pc=0x7c0c1d9700]
[15012|15012] event_addr:0x7c0c1d9700 hit_count:50, Regs:
[x0=0x1,x1=0x5f5c8f3598,x2=0x1,x3=0x7fd3b201e8,x4=0x0,x5=0x1414d4c,x6=0x1414d4c,x7=0x0,x8=0x9b504536b1897347,x9=0x9b504536b1897347,x10=0x9b504536b1897347,x11=0x3e8,x12=0x3,x13=0x706f6f6c5f657469,x14=0x7c0fa4e280,x15=0x0,x16=0x5f5c8f5a00,x17=0x7c0c1d9700,x18=0x7c0f35c000,x19=0x5f5c8f470c,x20=0x1,x21=0x1,x22=0x7fd3b20218,x23=0x7fd3b20220,x24=0x0,x25=0x0,x26=0x0,x27=0x0,x28=0x0,x29=0x7fd3b20190,lr=0x5f5c8f4734,sp=0x7fd3b20180,pc=0x7c0c1d9700]
[15012|15012] event_addr:0x7c0c1d9700 hit_count:51, Regs:
[x0=0x1,x1=0x5f5c8f3598,x2=0x1,x3=0x7fd3b201e8,x4=0x0,x5=0x1414d4c,x6=0x1414d4c,x7=0x0,x8=0x9b504536b1897347,x9=0x9b504536b1897347,x10=0x9b504536b1897347,x11=0x3e8,x12=0x3,x13=0x706f6f6c5f657469,x14=0x7c0fa4e280,x15=0x0,x16=0x5f5c8f5a00,x17=0x7c0c1d9700,x18=0x7c0f35c000,x19=0x5f5c8f470c,x20=0x1,x21=0x1,x22=0x7fd3b20218,x23=0x7fd3b20220,x24=0x0,x25=0x0,x26=0x0,x27=0x0,x28=0x0,x29=0x7fd3b20190,lr=0x5f5c8f4734,sp=0x7fd3b20180,pc=0x7c0c1d9700]
[15012|15012] event_addr:0x7c0c1d9700 hit_count:52, Regs:
[x0=0x1,x1=0x5f5c8f3598,x2=0x1,x3=0x7fd3b201e8,x4=0x0,x5=0x1414d4c,x6=0x1414d4c,x7=0x0,x8=0x9b504536b1897347,x9=0x9b504536b1897347,x10=0x9b504536b1897347,x11=0x3e8,x12=0x3,x13=0x706f6f6c5f657469,x14=0x7c0fa4e280,x15=0x0,x16=0x5f5c8f5a00,x17=0x7c0c1d9700,x18=0x7c0f35c000,x19=0x5f5c8f470c,x20=0x1,x21=0x1,x22=0x7fd3b20218,x23=0x7fd3b20220,x24=0x0,x25=0x0,x26=0x0,x27=0x0,x28=0x0,x29=0x7fd3b20190,lr=0x5f5c8f4734,sp=0x7fd3b20180,pc=0x7c0c1d9700]
[15012|15012] event_addr:0x7c0c1d9700 hit_count:53, Regs:
[x0=0x1,x1=0x5f5c8f3598,x2=0x1,x3=0x7fd3b201e8,x4=0x0,x5=0x1414d4c,x6=0x1414d4c,x7=0x0,x8=0x9b504536b1897347,x9=0x9b504536b1897347,x10=0x9b504536b1897347,x11=0x3e8,x12=0x3,x13=0x706f6f6c5f657469,x14=0x7c0fa4e280,x15=0x0,x16=0x5f5c8f5a00,x17=0x7c0c1d9700,x18=0x7c0f35c000,x19=0x5f5c8f470c,x20=0x1,x21=0x1,x22=0x7fd3b20218,x23=0x7fd3b20220,x24=0x0,x25=0x0,x26=0x0,x27=0x0,x28=0x0,x29=0x7fd3b20190,lr=0x5f5c8f4734,sp=0x7fd3b20180,pc=0x7c0c1d9700]
[15012|15012] event_addr:0x7c0c1d9700 hit_count:54, Regs:
[x0=0x1,x1=0x5f5c8f3598,x2=0x1,x3=0x7fd3b201e8,x4=0x0,x5=0x1414d4c,x6=0x1414d4c,x7=0x0,x8=0x9b504536b1897347,x9=0x9b504536b1897347,x10=0x9b504536b1897347,x11=0x3e8,x12=0x3,x13=0x706f6f6c5f657469,x14=0x7c0fa4e280,x15=0x0,x16=0x5f5c8f5a00,x17=0x7c0c1d9700,x18=0x7c0f35c000,x19=0x5f5c8f470c,x20=0x1,x21=0x1,x22=0x7fd3b20218,x23=0x7fd3b20220,x24=0x0,x25=0x0,x26=0x0,x27=0x0,x28=0x0,x29=0x7fd3b20190,lr=0x5f5c8f4734,sp=0x7fd3b20180,pc=0x7c0c1d9700]
[15012|15012] event_addr:0x7c0c1d9700 hit_count:55, Regs:
[x0=0x1,x1=0x5f5c8f3598,x2=0x1,x3=0x7fd3b201e8,x4=0x0,x5=0x1414d4c,x6=0x1414d4c,x7=0x0,x8=0x9b504536b1897347,x9=0x9b504536b1897347,x10=0x9b504536b1897347,x11=0x3e8,x12=0x3,x13=0x706f6f6c5f657469,x14=0x7c0fa4e280,x15=0x0,x16=0x5f5c8f5a00,x17=0x7c0c1d9700,x18=0x7c0f35c000,x19=0x5f5c8f470c,x20=0x1,x21=0x1,x22=0x7fd3b20218,x23=0x7fd3b20220,x24=0x0,x25=0x0,x26=0x0,x27=0x0,x28=0x0,x29=0x7fd3b20190,lr=0x5f5c8f4734,sp=0x7fd3b20180,pc=0x7c0c1d9700]
[15012|15012] event_addr:0x7c0c1d9700 hit_count:56, Regs:
[x0=0x1,x1=0x5f5c8f3598,x2=0x1,x3=0x7fd3b201e8,x4=0x0,x5=0x1414d4c,x6=0x1414d4c,x7=0x0,x8=0x9b504536b1897347,x9=0x9b504536b1897347,x10=0x9b504536b1897347,x11=0x3e8,x12=0x3,x13=0x706f6f6c5f657469,x14=0x7c0fa4e280,x15=0x0,x16=0x5f5c8f5a00,x17=0x7c0c1d9700,x18=0x7c0f35c000,x19=0x5f5c8f470c,x20=0x1,x21=0x1,x22=0x7fd3b20218,x23=0x7fd3b20220,x24=0x0,x25=0x0,x26=0x0,x27=0x0,x28=0x0,x29=0x7fd3b20190,lr=0x5f5c8f4734,sp=0x7fd3b20180,pc=0x7c0c1d9700]
[15012|15012] event_addr:0x7c0c1d9700 hit_count:57, Regs:
[x0=0x1,x1=0x5f5c8f3598,x2=0x1,x3=0x7fd3b201e8,x4=0x0,x5=0x1414d4c,x6=0x1414d4c,x7=0x0,x8=0x9b504536b1897347,x9=0x9b504536b1897347,x10=0x9b504536b1897347,x11=0x3e8,x12=0x3,x13=0x706f6f6c5f657469,x14=0x7c0fa4e280,x15=0x0,x16=0x5f5c8f5a00,x17=0x7c0c1d9700,x18=0x7c0f35c000,x19=0x5f5c8f470c,x20=0x1,x21=0x1,x22=0x7fd3b20218,x23=0x7fd3b20220,x24=0x0,x25=0x0,x26=0x0,x27=0x0,x28=0x0,x29=0x7fd3b20190,lr=0x5f5c8f4734,sp=0x7fd3b20180,pc=0x7c0c1d9700]
[15012|15012] event_addr:0x7c0c1d9700 hit_count:58, Regs:
[x0=0x1,x1=0x5f5c8f3598,x2=0x1,x3=0x7fd3b201e8,x4=0x0,x5=0x1414d4c,x6=0x1414d4c,x7=0x0,x8=0x9b504536b1897347,x9=0x9b504536b1897347,x10=0x9b504536b1897347,x11=0x3e8,x12=0x3,x13=0x706f6f6c5f657469,x14=0x7c0fa4e280,x15=0x0,x16=0x5f5c8f5a00,x17=0x7c0c1d9700,x18=0x7c0f35c000,x19=0x5f5c8f470c,x20=0x1,x21=0x1,x22=0x7fd3b20218,x23=0x7fd3b20220,x24=0x0,x25=0x0,x26=0x0,x27=0x0,x28=0x0,x29=0x7fd3b20190,lr=0x5f5c8f4734,sp=0x7fd3b20180,pc=0x7c0c1d9700]
[15012|15012] event_addr:0x7c0c1d9700 hit_count:59, Regs:
[x0=0x1,x1=0x5f5c8f3598,x2=0x1,x3=0x7fd3b201e8,x4=0x0,x5=0x1414d4c,x6=0x1414d4c,x7=0x0,x8=0x9b504536b1897347,x9=0x9b504536b1897347,x10=0x9b504536b1897347,x11=0x3e8,x12=0x3,x13=0x706f6f6c5f657469,x14=0x7c0fa4e280,x15=0x0,x16=0x5f5c8f5a00,x17=0x7c0c1d9700,x18=0x7c0f35c000,x19=0x5f5c8f470c,x20=0x1,x21=0x1,x22=0x7fd3b20218,x23=0x7fd3b20220,x24=0x0,x25=0x0,x26=0x0,x27=0x0,x28=0x0,x29=0x7fd3b20190,lr=0x5f5c8f4734,sp=0x7fd3b20180,pc=0x7c0c1d9700]
[15012|15012] event_addr:0x7c0c1d9700 hit_count:60, Regs:
[x0=0x1,x1=0x5f5c8f3598,x2=0x1,x3=0x7fd3b201e8,x4=0x0,x5=0x1414d4c,x6=0x1414d4c,x7=0x0,x8=0x9b504536b1897347,x9=0x9b504536b1897347,x10=0x9b504536b1897347,x11=0x3e8,x12=0x3,x13=0x706f6f6c5f657469,x14=0x7c0fa4e280,x15=0x0,x16=0x5f5c8f5a00,x17=0x7c0c1d9700,x18=0x7c0f35c000,x19=0x5f5c8f470c,x20=0x1,x21=0x1,x22=0x7fd3b20218,x23=0x7fd3b20220,x24=0x0,x25=0x0,x26=0x0,x27=0x0,x28=0x0,x29=0x7fd3b20190,lr=0x5f5c8f4734,sp=0x7fd3b20180,pc=0x7c0c1d9700]
[15012|15012] event_addr:0x7c0c1d9700 hit_count:61, Regs:
[x0=0x1,x1=0x5f5c8f3598,x2=0x1,x3=0x7fd3b201e8,x4=0x0,x5=0x1414d4c,x6=0x1414d4c,x7=0x0,x8=0x9b504536b1897347,x9=0x9b504536b1897347,x10=0x9b504536b1897347,x11=0x3e8,x12=0x3,x13=0x706f6f6c5f657469,x14=0x7c0fa4e280,x15=0x0,x16=0x5f5c8f5a00,x17=0x7c0c1d9700,x18=0x7c0f35c000,x19=0x5f5c8f470c,x20=0x1,x21=0x1,x22=0x7fd3b20218,x23=0x7fd3b20220,x24=0x0,x25=0x0,x26=0x0,x27=0x0,x28=0x0,x29=0x7fd3b20190,lr=0x5f5c8f4734,sp=0x7fd3b20180,pc=0x7c0c1d9700]
[15012|15012] event_addr:0x7c0c1d9700 hit_count:62, Regs:
[x0=0x1,x1=0x5f5c8f3598,x2=0x1,x3=0x7fd3b201e8,x4=0x0,x5=0x1414d4c,x6=0x1414d4c,x7=0x0,x8=0x9b504536b1897347,x9=0x9b504536b1897347,x10=0x9b504536b1897347,x11=0x3e8,x12=0x3,x13=0x706f6f6c5f657469,x14=0x7c0fa4e280,x15=0x0,x16=0x5f5c8f5a00,x17=0x7c0c1d9700,x18=0x7c0f35c000,x19=0x5f5c8f470c,x20=0x1,x21=0x1,x22=0x7fd3b20218,x23=0x7fd3b20220,x24=0x0,x25=0x0,x26=0x0,x27=0x0,x28=0x0,x29=0x7fd3b20190,lr=0x5f5c8f4734,sp=0x7fd3b20180,pc=0x7c0c1d9700]
[15012|15012] event_addr:0x7c0c1d9700 hit_count:63, Regs:
[x0=0x1,x1=0x5f5c8f3598,x2=0x1,x3=0x7fd3b201e8,x4=0x0,x5=0x1414d4c,x6=0x1414d4c,x7=0x0,x8=0x9b504536b1897347,x9=0x9b504536b1897347,x10=0x9b504536b1897347,x11=0x3e8,x12=0x3,x13=0x706f6f6c5f657469,x14=0x7c0fa4e280,x15=0x0,x16=0x5f5c8f5a00,x17=0x7c0c1d9700,x18=0x7c0f35c000,x19=0x5f5c8f470c,x20=0x1,x21=0x1,x22=0x7fd3b20218,x23=0x7fd3b20220,x24=0x0,x25=0x0,x26=0x0,x27=0x0,x28=0x0,x29=0x7fd3b20190,lr=0x5f5c8f4734,sp=0x7fd3b20180,pc=0x7c0c1d9700]
[15012|15012] event_addr:0x7c0c1d9700 hit_count:64, Regs:
[x0=0x1,x1=0x5f5c8f3598,x2=0x1,x3=0x7fd3b201e8,x4=0x0,x5=0x1414d4c,x6=0x1414d4c,x7=0x0,x8=0x9b504536b1897347,x9=0x9b504536b1897347,x10=0x9b504536b1897347,x11=0x3e8,x12=0x3,x13=0x706f6f6c5f657469,x14=0x7c0fa4e280,x15=0x0,x16=0x5f5c8f5a00,x17=0x7c0c1d9700,x18=0x7c0f35c000,x19=0x5f5c8f470c,x20=0x1,x21=0x1,x22=0x7fd3b20218,x23=0x7fd3b20220,x24=0x0,x25=0x0,x26=0x0,x27=0x0,x28=0x0,x29=0x7fd3b20190,lr=0x5f5c8f4734,sp=0x7fd3b20180,pc=0x7c0c1d9700]
[15012|15012] event_addr:0x7c0c1d9700 hit_count:65, Regs:
[x0=0x1,x1=0x5f5c8f3598,x2=0x1,x3=0x7fd3b201e8,x4=0x0,x5=0x1414d4c,x6=0x1414d4c,x7=0x0,x8=0x9b504536b1897347,x9=0x9b504536b1897347,x10=0x9b504536b1897347,x11=0x3e8,x12=0x3,x13=0x706f6f6c5f657469,x14=0x7c0fa4e280,x15=0x0,x16=0x5f5c8f5a00,x17=0x7c0c1d9700,x18=0x7c0f35c000,x19=0x5f5c8f470c,x20=0x1,x21=0x1,x22=0x7fd3b20218,x23=0x7fd3b20220,x24=0x0,x25=0x0,x26=0x0,x27=0x0,x28=0x0,x29=0x7fd3b20190,lr=0x5f5c8f4734,sp=0x7fd3b20180,pc=0x7c0c1d9700]
[15012|15012] event_addr:0x7c0c1d9700 hit_count:66, Regs:
[x0=0x1,x1=0x5f5c8f3598,x2=0x1,x3=0x7fd3b201e8,x4=0x0,x5=0x1414d4c,x6=0x1414d4c,x7=0x0,x8=0x9b504536b1897347,x9=0x9b504536b1897347,x10=0x9b504536b1897347,x11=0x3e8,x12=0x3,x13=0x706f6f6c5f657469,x14=0x7c0fa4e280,x15=0x0,x16=0x5f5c8f5a00,x17=0x7c0c1d9700,x18=0x7c0f35c000,x19=0x5f5c8f470c,x20=0x1,x21=0x1,x22=0x7fd3b20218,x23=0x7fd3b20220,x24=0x0,x25=0x0,x26=0x0,x27=0x0,x28=0x0,x29=0x7fd3b20190,lr=0x5f5c8f4734,sp=0x7fd3b20180,pc=0x7c0c1d9700]
[15012|15012] event_addr:0x7c0c1d9700 hit_count:67, Regs:
[x0=0x1,x1=0x5f5c8f3598,x2=0x1,x3=0x7fd3b201e8,x4=0x0,x5=0x1414d4c,x6=0x1414d4c,x7=0x0,x8=0x9b504536b1897347,x9=0x9b504536b1897347,x10=0x9b504536b1897347,x11=0x3e8,x12=0x3,x13=0x706f6f6c5f657469,x14=0x7c0fa4e280,x15=0x0,x16=0x5f5c8f5a00,x17=0x7c0c1d9700,x18=0x7c0f35c000,x19=0x5f5c8f470c,x20=0x1,x21=0x1,x22=0x7fd3b20218,x23=0x7fd3b20220,x24=0x0,x25=0x0,x26=0x0,x27=0x0,x28=0x0,x29=0x7fd3b20190,lr=0x5f5c8f4734,sp=0x7fd3b20180,pc=0x7c0c1d9700]
[15012|15012] event_addr:0x7c0c1d9700 hit_count:68, Regs:
[x0=0x1,x1=0x5f5c8f3598,x2=0x1,x3=0x7fd3b201e8,x4=0x0,x5=0x1414d4c,x6=0x1414d4c,x7=0x0,x8=0x9b504536b1897347,x9=0x9b504536b1897347,x10=0x9b504536b1897347,x11=0x3e8,x12=0x3,x13=0x706f6f6c5f657469,x14=0x7c0fa4e280,x15=0x0,x16=0x5f5c8f5a00,x17=0x7c0c1d9700,x18=0x7c0f35c000,x19=0x5f5c8f470c,x20=0x1,x21=0x1,x22=0x7fd3b20218,x23=0x7fd3b20220,x24=0x0,x25=0x0,x26=0x0,x27=0x0,x28=0x0,x29=0x7fd3b20190,lr=0x5f5c8f4734,sp=0x7fd3b20180,pc=0x7c0c1d9700]
[15012|15012] event_addr:0x7c0c1d9700 hit_count:69, Regs:
[x0=0x1,x1=0x5f5c8f3598,x2=0x1,x3=0x7fd3b201e8,x4=0x0,x5=0x1414d4c,x6=0x1414d4c,x7=0x0,x8=0x9b504536b1897347,x9=0x9b504536b1897347,x10=0x9b504536b1897347,x11=0x3e8,x12=0x3,x13=0x706f6f6c5f657469,x14=0x7c0fa4e280,x15=0x0,x16=0x5f5c8f5a00,x17=0x7c0c1d9700,x18=0x7c0f35c000,x19=0x5f5c8f470c,x20=0x1,x21=0x1,x22=0x7fd3b20218,x23=0x7fd3b20220,x24=0x0,x25=0x0,x26=0x0,x27=0x0,x28=0x0,x29=0x7fd3b20190,lr=0x5f5c8f4734,sp=0x7fd3b20180,pc=0x7c0c1d9700]
[15012|15012] event_addr:0x7c0c1d9700 hit_count:70, Regs:
[x0=0x1,x1=0x5f5c8f3598,x2=0x1,x3=0x7fd3b201e8,x4=0x0,x5=0x1414d4c,x6=0x1414d4c,x7=0x0,x8=0x9b504536b1897347,x9=0x9b504536b1897347,x10=0x9b504536b1897347,x11=0x3e8,x12=0x3,x13=0x706f6f6c5f657469,x14=0x7c0fa4e280,x15=0x0,x16=0x5f5c8f5a00,x17=0x7c0c1d9700,x18=0x7c0f35c000,x19=0x5f5c8f470c,x20=0x1,x21=0x1,x22=0x7fd3b20218,x23=0x7fd3b20220,x24=0x0,x25=0x0,x26=0x0,x27=0x0,x28=0x0,x29=0x7fd3b20190,lr=0x5f5c8f4734,sp=0x7fd3b20180,pc=0x7c0c1d9700]
[15012|15012] event_addr:0x7c0c1d9700 hit_count:71, Regs:
[x0=0x1,x1=0x5f5c8f3598,x2=0x1,x3=0x7fd3b201e8,x4=0x0,x5=0x1414d4c,x6=0x1414d4c,x7=0x0,x8=0x9b504536b1897347,x9=0x9b504536b1897347,x10=0x9b504536b1897347,x11=0x3e8,x12=0x3,x13=0x706f6f6c5f657469,x14=0x7c0fa4e280,x15=0x0,x16=0x5f5c8f5a00,x17=0x7c0c1d9700,x18=0x7c0f35c000,x19=0x5f5c8f470c,x20=0x1,x21=0x1,x22=0x7fd3b20218,x23=0x7fd3b20220,x24=0x0,x25=0x0,x26=0x0,x27=0x0,x28=0x0,x29=0x7fd3b20190,lr=0x5f5c8f4734,sp=0x7fd3b20180,pc=0x7c0c1d9700]
[15012|15012] event_addr:0x7c0c1d9700 hit_count:72, Regs:
[x0=0x1,x1=0x5f5c8f3598,x2=0x1,x3=0x7fd3b201e8,x4=0x0,x5=0x1414d4c,x6=0x1414d4c,x7=0x0,x8=0x9b504536b1897347,x9=0x9b504536b1897347,x10=0x9b504536b1897347,x11=0x3e8,x12=0x3,x13=0x706f6f6c5f657469,x14=0x7c0fa4e280,x15=0x0,x16=0x5f5c8f5a00,x17=0x7c0c1d9700,x18=0x7c0f35c000,x19=0x5f5c8f470c,x20=0x1,x21=0x1,x22=0x7fd3b20218,x23=0x7fd3b20220,x24=0x0,x25=0x0,x26=0x0,x27=0x0,x28=0x0,x29=0x7fd3b20190,lr=0x5f5c8f4734,sp=0x7fd3b20180,pc=0x7c0c1d9700]
[15012|15012] event_addr:0x7c0c1d9700 hit_count:73, Regs:
[x0=0x1,x1=0x5f5c8f3598,x2=0x1,x3=0x7fd3b201e8,x4=0x0,x5=0x1414d4c,x6=0x1414d4c,x7=0x0,x8=0x9b504536b1897347,x9=0x9b504536b1897347,x10=0x9b504536b1897347,x11=0x3e8,x12=0x3,x13=0x706f6f6c5f657469,x14=0x7c0fa4e280,x15=0x0,x16=0x5f5c8f5a00,x17=0x7c0c1d9700,x18=0x7c0f35c000,x19=0x5f5c8f470c,x20=0x1,x21=0x1,x22=0x7fd3b20218,x23=0x7fd3b20220,x24=0x0,x25=0x0,x26=0x0,x27=0x0,x28=0x0,x29=0x7fd3b20190,lr=0x5f5c8f4734,sp=0x7fd3b20180,pc=0x7c0c1d9700]
[15012|15012] event_addr:0x7c0c1d9700 hit_count:74, Regs:
[x0=0x1,x1=0x5f5c8f3598,x2=0x1,x3=0x7fd3b201e8,x4=0x0,x5=0x1414d4c,x6=0x1414d4c,x7=0x0,x8=0x9b504536b1897347,x9=0x9b504536b1897347,x10=0x9b504536b1897347,x11=0x3e8,x12=0x3,x13=0x706f6f6c5f657469,x14=0x7c0fa4e280,x15=0x0,x16=0x5f5c8f5a00,x17=0x7c0c1d9700,x18=0x7c0f35c000,x19=0x5f5c8f470c,x20=0x1,x21=0x1,x22=0x7fd3b20218,x23=0x7fd3b20220,x24=0x0,x25=0x0,x26=0x0,x27=0x0,x28=0x0,x29=0x7fd3b20190,lr=0x5f5c8f4734,sp=0x7fd3b20180,pc=0x7c0c1d9700]
[15012|15012] event_addr:0x7c0c1d9700 hit_count:75, Regs:
[x0=0x1,x1=0x5f5c8f3598,x2=0x1,x3=0x7fd3b201e8,x4=0x0,x5=0x1414d4c,x6=0x1414d4c,x7=0x0,x8=0x9b504536b1897347,x9=0x9b504536b1897347,x10=0x9b504536b1897347,x11=0x3e8,x12=0x3,x13=0x706f6f6c5f657469,x14=0x7c0fa4e280,x15=0x0,x16=0x5f5c8f5a00,x17=0x7c0c1d9700,x18=0x7c0f35c000,x19=0x5f5c8f470c,x20=0x1,x21=0x1,x22=0x7fd3b20218,x23=0x7fd3b20220,x24=0x0,x25=0x0,x26=0x0,x27=0x0,x28=0x0,x29=0x7fd3b20190,lr=0x5f5c8f4734,sp=0x7fd3b20180,pc=0x7c0c1d9700]
[15012|15012] event_addr:0x7c0c1d9700 hit_count:76, Regs:
[x0=0x1,x1=0x5f5c8f3598,x2=0x1,x3=0x7fd3b201e8,x4=0x0,x5=0x1414d4c,x6=0x1414d4c,x7=0x0,x8=0x9b504536b1897347,x9=0x9b504536b1897347,x10=0x9b504536b1897347,x11=0x3e8,x12=0x3,x13=0x706f6f6c5f657469,x14=0x7c0fa4e280,x15=0x0,x16=0x5f5c8f5a00,x17=0x7c0c1d9700,x18=0x7c0f35c000,x19=0x5f5c8f470c,x20=0x1,x21=0x1,x22=0x7fd3b20218,x23=0x7fd3b20220,x24=0x0,x25=0x0,x26=0x0,x27=0x0,x28=0x0,x29=0x7fd3b20190,lr=0x5f5c8f4734,sp=0x7fd3b20180,pc=0x7c0c1d9700]
[15012|15012] event_addr:0x7c0c1d9700 hit_count:77, Regs:
[x0=0x1,x1=0x5f5c8f3598,x2=0x1,x3=0x7fd3b201e8,x4=0x0,x5=0x1414d4c,x6=0x1414d4c,x7=0x0,x8=0x9b504536b1897347,x9=0x9b504536b1897347,x10=0x9b504536b1897347,x11=0x3e8,x12=0x3,x13=0x706f6f6c5f657469,x14=0x7c0fa4e280,x15=0x0,x16=0x5f5c8f5a00,x17=0x7c0c1d9700,x18=0x7c0f35c000,x19=0x5f5c8f470c,x20=0x1,x21=0x1,x22=0x7fd3b20218,x23=0x7fd3b20220,x24=0x0,x25=0x0,x26=0x0,x27=0x0,x28=0x0,x29=0x7fd3b20190,lr=0x5f5c8f4734,sp=0x7fd3b20180,pc=0x7c0c1d9700]
[15012|15012] event_addr:0x7c0c1d9700 hit_count:78, Regs:
[x0=0x1,x1=0x5f5c8f3598,x2=0x1,x3=0x7fd3b201e8,x4=0x0,x5=0x1414d4c,x6=0x1414d4c,x7=0x0,x8=0x9b504536b1897347,x9=0x9b504536b1897347,x10=0x9b504536b1897347,x11=0x3e8,x12=0x3,x13=0x706f6f6c5f657469,x14=0x7c0fa4e280,x15=0x0,x16=0x5f5c8f5a00,x17=0x7c0c1d9700,x18=0x7c0f35c000,x19=0x5f5c8f470c,x20=0x1,x21=0x1,x22=0x7fd3b20218,x23=0x7fd3b20220,x24=0x0,x25=0x0,x26=0x0,x27=0x0,x28=0x0,x29=0x7fd3b20190,lr=0x5f5c8f4734,sp=0x7fd3b20180,pc=0x7c0c1d9700]
[15012|15012] event_addr:0x7c0c1d9700 hit_count:79, Regs:
[x0=0x1,x1=0x5f5c8f3598,x2=0x1,x3=0x7fd3b201e8,x4=0x0,x5=0x1414d4c,x6=0x1414d4c,x7=0x0,x8=0x9b504536b1897347,x9=0x9b504536b1897347,x10=0x9b504536b1897347,x11=0x3e8,x12=0x3,x13=0x706f6f6c5f657469,x14=0x7c0fa4e280,x15=0x0,x16=0x5f5c8f5a00,x17=0x7c0c1d9700,x18=0x7c0f35c000,x19=0x5f5c8f470c,x20=0x1,x21=0x1,x22=0x7fd3b20218,x23=0x7fd3b20220,x24=0x0,x25=0x0,x26=0x0,x27=0x0,x28=0x0,x29=0x7fd3b20190,lr=0x5f5c8f4734,sp=0x7fd3b20180,pc=0x7c0c1d9700]
[15012|15012] event_addr:0x7c0c1d9700 hit_count:80, Regs:
[x0=0x1,x1=0x5f5c8f3598,x2=0x1,x3=0x7fd3b201e8,x4=0x0,x5=0x1414d4c,x6=0x1414d4c,x7=0x0,x8=0x9b504536b1897347,x9=0x9b504536b1897347,x10=0x9b504536b1897347,x11=0x3e8,x12=0x3,x13=0x706f6f6c5f657469,x14=0x7c0fa4e280,x15=0x0,x16=0x5f5c8f5a00,x17=0x7c0c1d9700,x18=0x7c0f35c000,x19=0x5f5c8f470c,x20=0x1,x21=0x1,x22=0x7fd3b20218,x23=0x7fd3b20220,x24=0x0,x25=0x0,x26=0x0,x27=0x0,x28=0x0,x29=0x7fd3b20190,lr=0x5f5c8f4734,sp=0x7fd3b20180,pc=0x7c0c1d9700]
[15012|15012] event_addr:0x7c0c1d9700 hit_count:81, Regs:
[x0=0x1,x1=0x5f5c8f3598,x2=0x1,x3=0x7fd3b201e8,x4=0x0,x5=0x1414d4c,x6=0x1414d4c,x7=0x0,x8=0x9b504536b1897347,x9=0x9b504536b1897347,x10=0x9b504536b1897347,x11=0x3e8,x12=0x3,x13=0x706f6f6c5f657469,x14=0x7c0fa4e280,x15=0x0,x16=0x5f5c8f5a00,x17=0x7c0c1d9700,x18=0x7c0f35c000,x19=0x5f5c8f470c,x20=0x1,x21=0x1,x22=0x7fd3b20218,x23=0x7fd3b20220,x24=0x0,x25=0x0,x26=0x0,x27=0x0,x28=0x0,x29=0x7fd3b20190,lr=0x5f5c8f4734,sp=0x7fd3b20180,pc=0x7c0c1d9700]
[15012|15012] event_addr:0x7c0c1d9700 hit_count:82, Regs:
[x0=0x1,x1=0x5f5c8f3598,x2=0x1,x3=0x7fd3b201e8,x4=0x0,x5=0x1414d4c,x6=0x1414d4c,x7=0x0,x8=0x9b504536b1897347,x9=0x9b504536b1897347,x10=0x9b504536b1897347,x11=0x3e8,x12=0x3,x13=0x706f6f6c5f657469,x14=0x7c0fa4e280,x15=0x0,x16=0x5f5c8f5a00,x17=0x7c0c1d9700,x18=0x7c0f35c000,x19=0x5f5c8f470c,x20=0x1,x21=0x1,x22=0x7fd3b20218,x23=0x7fd3b20220,x24=0x0,x25=0x0,x26=0x0,x27=0x0,x28=0x0,x29=0x7fd3b20190,lr=0x5f5c8f4734,sp=0x7fd3b20180,pc=0x7c0c1d9700]
[15012|15012] event_addr:0x7c0c1d9700 hit_count:83, Regs:
[x0=0x1,x1=0x5f5c8f3598,x2=0x1,x3=0x7fd3b201e8,x4=0x0,x5=0x1414d4c,x6=0x1414d4c,x7=0x0,x8=0x9b504536b1897347,x9=0x9b504536b1897347,x10=0x9b504536b1897347,x11=0x3e8,x12=0x3,x13=0x706f6f6c5f657469,x14=0x7c0fa4e280,x15=0x0,x16=0x5f5c8f5a00,x17=0x7c0c1d9700,x18=0x7c0f35c000,x19=0x5f5c8f470c,x20=0x1,x21=0x1,x22=0x7fd3b20218,x23=0x7fd3b20220,x24=0x0,x25=0x0,x26=0x0,x27=0x0,x28=0x0,x29=0x7fd3b20190,lr=0x5f5c8f4734,sp=0x7fd3b20180,pc=0x7c0c1d9700]
[15012|15012] event_addr:0x7c0c1d9700 hit_count:84, Regs:
[x0=0x1,x1=0x5f5c8f3598,x2=0x1,x3=0x7fd3b201e8,x4=0x0,x5=0x1414d4c,x6=0x1414d4c,x7=0x0,x8=0x9b504536b1897347,x9=0x9b504536b1897347,x10=0x9b504536b1897347,x11=0x3e8,x12=0x3,x13=0x706f6f6c5f657469,x14=0x7c0fa4e280,x15=0x0,x16=0x5f5c8f5a00,x17=0x7c0c1d9700,x18=0x7c0f35c000,x19=0x5f5c8f470c,x20=0x1,x21=0x1,x22=0x7fd3b20218,x23=0x7fd3b20220,x24=0x0,x25=0x0,x26=0x0,x27=0x0,x28=0x0,x29=0x7fd3b20190,lr=0x5f5c8f4734,sp=0x7fd3b20180,pc=0x7c0c1d9700]
[15012|15012] event_addr:0x7c0c1d9700 hit_count:85, Regs:
[x0=0x1,x1=0x5f5c8f3598,x2=0x1,x3=0x7fd3b201e8,x4=0x0,x5=0x1414d4c,x6=0x1414d4c,x7=0x0,x8=0x9b504536b1897347,x9=0x9b504536b1897347,x10=0x9b504536b1897347,x11=0x3e8,x12=0x3,x13=0x706f6f6c5f657469,x14=0x7c0fa4e280,x15=0x0,x16=0x5f5c8f5a00,x17=0x7c0c1d9700,x18=0x7c0f35c000,x19=0x5f5c8f470c,x20=0x1,x21=0x1,x22=0x7fd3b20218,x23=0x7fd3b20220,x24=0x0,x25=0x0,x26=0x0,x27=0x0,x28=0x0,x29=0x7fd3b20190,lr=0x5f5c8f4734,sp=0x7fd3b20180,pc=0x7c0c1d9700]
[15012|15012] event_addr:0x7c0c1d9700 hit_count:86, Regs:
[x0=0x1,x1=0x5f5c8f3598,x2=0x1,x3=0x7fd3b201e8,x4=0x0,x5=0x1414d4c,x6=0x1414d4c,x7=0x0,x8=0x9b504536b1897347,x9=0x9b504536b1897347,x10=0x9b504536b1897347,x11=0x3e8,x12=0x3,x13=0x706f6f6c5f657469,x14=0x7c0fa4e280,x15=0x0,x16=0x5f5c8f5a00,x17=0x7c0c1d9700,x18=0x7c0f35c000,x19=0x5f5c8f470c,x20=0x1,x21=0x1,x22=0x7fd3b20218,x23=0x7fd3b20220,x24=0x0,x25=0x0,x26=0x0,x27=0x0,x28=0x0,x29=0x7fd3b20190,lr=0x5f5c8f4734,sp=0x7fd3b20180,pc=0x7c0c1d9700]
[15012|15012] event_addr:0x7c0c1d9700 hit_count:87, Regs:
[x0=0x1,x1=0x5f5c8f3598,x2=0x1,x3=0x7fd3b201e8,x4=0x0,x5=0x1414d4c,x6=0x1414d4c,x7=0x0,x8=0x9b504536b1897347,x9=0x9b504536b1897347,x10=0x9b504536b1897347,x11=0x3e8,x12=0x3,x13=0x706f6f6c5f657469,x14=0x7c0fa4e280,x15=0x0,x16=0x5f5c8f5a00,x17=0x7c0c1d9700,x18=0x7c0f35c000,x19=0x5f5c8f470c,x20=0x1,x21=0x1,x22=0x7fd3b20218,x23=0x7fd3b20220,x24=0x0,x25=0x0,x26=0x0,x27=0x0,x28=0x0,x29=0x7fd3b20190,lr=0x5f5c8f4734,sp=0x7fd3b20180,pc=0x7c0c1d9700]
[15012|15012] event_addr:0x7c0c1d9700 hit_count:88, Regs:
[x0=0x1,x1=0x5f5c8f3598,x2=0x1,x3=0x7fd3b201e8,x4=0x0,x5=0x1414d4c,x6=0x1414d4c,x7=0x0,x8=0x9b504536b1897347,x9=0x9b504536b1897347,x10=0x9b504536b1897347,x11=0x3e8,x12=0x3,x13=0x706f6f6c5f657469,x14=0x7c0fa4e280,x15=0x0,x16=0x5f5c8f5a00,x17=0x7c0c1d9700,x18=0x7c0f35c000,x19=0x5f5c8f470c,x20=0x1,x21=0x1,x22=0x7fd3b20218,x23=0x7fd3b20220,x24=0x0,x25=0x0,x26=0x0,x27=0x0,x28=0x0,x29=0x7fd3b20190,lr=0x5f5c8f4734,sp=0x7fd3b20180,pc=0x7c0c1d9700]
[15012|15012] event_addr:0x7c0c1d9700 hit_count:89, Regs:
[x0=0x1,x1=0x5f5c8f3598,x2=0x1,x3=0x7fd3b201e8,x4=0x0,x5=0x1414d4c,x6=0x1414d4c,x7=0x0,x8=0x9b504536b1897347,x9=0x9b504536b1897347,x10=0x9b504536b1897347,x11=0x3e8,x12=0x3,x13=0x706f6f6c5f657469,x14=0x7c0fa4e280,x15=0x0,x16=0x5f5c8f5a00,x17=0x7c0c1d9700,x18=0x7c0f35c000,x19=0x5f5c8f470c,x20=0x1,x21=0x1,x22=0x7fd3b20218,x23=0x7fd3b20220,x24=0x0,x25=0x0,x26=0x0,x27=0x0,x28=0x0,x29=0x7fd3b20190,lr=0x5f5c8f4734,sp=0x7fd3b20180,pc=0x7c0c1d9700]
[15012|15012] event_addr:0x7c0c1d9700 hit_count:90, Regs:
[x0=0x1,x1=0x5f5c8f3598,x2=0x1,x3=0x7fd3b201e8,x4=0x0,x5=0x1414d4c,x6=0x1414d4c,x7=0x0,x8=0x9b504536b1897347,x9=0x9b504536b1897347,x10=0x9b504536b1897347,x11=0x3e8,x12=0x3,x13=0x706f6f6c5f657469,x14=0x7c0fa4e280,x15=0x0,x16=0x5f5c8f5a00,x17=0x7c0c1d9700,x18=0x7c0f35c000,x19=0x5f5c8f470c,x20=0x1,x21=0x1,x22=0x7fd3b20218,x23=0x7fd3b20220,x24=0x0,x25=0x0,x26=0x0,x27=0x0,x28=0x0,x29=0x7fd3b20190,lr=0x5f5c8f4734,sp=0x7fd3b20180,pc=0x7c0c1d9700]
[15012|15012] event_addr:0x7c0c1d9700 hit_count:91, Regs:
[x0=0x1,x1=0x5f5c8f3598,x2=0x1,x3=0x7fd3b201e8,x4=0x0,x5=0x1414d4c,x6=0x1414d4c,x7=0x0,x8=0x9b504536b1897347,x9=0x9b504536b1897347,x10=0x9b504536b1897347,x11=0x3e8,x12=0x3,x13=0x706f6f6c5f657469,x14=0x7c0fa4e280,x15=0x0,x16=0x5f5c8f5a00,x17=0x7c0c1d9700,x18=0x7c0f35c000,x19=0x5f5c8f470c,x20=0x1,x21=0x1,x22=0x7fd3b20218,x23=0x7fd3b20220,x24=0x0,x25=0x0,x26=0x0,x27=0x0,x28=0x0,x29=0x7fd3b20190,lr=0x5f5c8f4734,sp=0x7fd3b20180,pc=0x7c0c1d9700]
[15012|15012] event_addr:0x7c0c1d9700 hit_count:92, Regs:
[x0=0x1,x1=0x5f5c8f3598,x2=0x1,x3=0x7fd3b201e8,x4=0x0,x5=0x1414d4c,x6=0x1414d4c,x7=0x0,x8=0x9b504536b1897347,x9=0x9b504536b1897347,x10=0x9b504536b1897347,x11=0x3e8,x12=0x3,x13=0x706f6f6c5f657469,x14=0x7c0fa4e280,x15=0x0,x16=0x5f5c8f5a00,x17=0x7c0c1d9700,x18=0x7c0f35c000,x19=0x5f5c8f470c,x20=0x1,x21=0x1,x22=0x7fd3b20218,x23=0x7fd3b20220,x24=0x0,x25=0x0,x26=0x0,x27=0x0,x28=0x0,x29=0x7fd3b20190,lr=0x5f5c8f4734,sp=0x7fd3b20180,pc=0x7c0c1d9700]
[15012|15012] event_addr:0x7c0c1d9700 hit_count:93, Regs:
[x0=0x1,x1=0x5f5c8f3598,x2=0x1,x3=0x7fd3b201e8,x4=0x0,x5=0x1414d4c,x6=0x1414d4c,x7=0x0,x8=0x9b504536b1897347,x9=0x9b504536b1897347,x10=0x9b504536b1897347,x11=0x3e8,x12=0x3,x13=0x706f6f6c5f657469,x14=0x7c0fa4e280,x15=0x0,x16=0x5f5c8f5a00,x17=0x7c0c1d9700,x18=0x7c0f35c000,x19=0x5f5c8f470c,x20=0x1,x21=0x1,x22=0x7fd3b20218,x23=0x7fd3b20220,x24=0x0,x25=0x0,x26=0x0,x27=0x0,x28=0x0,x29=0x7fd3b20190,lr=0x5f5c8f4734,sp=0x7fd3b20180,pc=0x7c0c1d9700]
[15012|15012] event_addr:0x7c0c1d9700 hit_count:94, Regs:
[x0=0x1,x1=0x5f5c8f3598,x2=0x1,x3=0x7fd3b201e8,x4=0x0,x5=0x1414d4c,x6=0x1414d4c,x7=0x0,x8=0x9b504536b1897347,x9=0x9b504536b1897347,x10=0x9b504536b1897347,x11=0x3e8,x12=0x3,x13=0x706f6f6c5f657469,x14=0x7c0fa4e280,x15=0x0,x16=0x5f5c8f5a00,x17=0x7c0c1d9700,x18=0x7c0f35c000,x19=0x5f5c8f470c,x20=0x1,x21=0x1,x22=0x7fd3b20218,x23=0x7fd3b20220,x24=0x0,x25=0x0,x26=0x0,x27=0x0,x28=0x0,x29=0x7fd3b20190,lr=0x5f5c8f4734,sp=0x7fd3b20180,pc=0x7c0c1d9700]
[15012|15012] event_addr:0x7c0c1d9700 hit_count:95, Regs:
[x0=0x1,x1=0x5f5c8f3598,x2=0x1,x3=0x7fd3b201e8,x4=0x0,x5=0x1414d4c,x6=0x1414d4c,x7=0x0,x8=0x9b504536b1897347,x9=0x9b504536b1897347,x10=0x9b504536b1897347,x11=0x3e8,x12=0x3,x13=0x706f6f6c5f657469,x14=0x7c0fa4e280,x15=0x0,x16=0x5f5c8f5a00,x17=0x7c0c1d9700,x18=0x7c0f35c000,x19=0x5f5c8f470c,x20=0x1,x21=0x1,x22=0x7fd3b20218,x23=0x7fd3b20220,x24=0x0,x25=0x0,x26=0x0,x27=0x0,x28=0x0,x29=0x7fd3b20190,lr=0x5f5c8f4734,sp=0x7fd3b20180,pc=0x7c0c1d9700]
[15012|15012] event_addr:0x7c0c1d9700 hit_count:96, Regs:
[x0=0x1,x1=0x5f5c8f3598,x2=0x1,x3=0x7fd3b201e8,x4=0x0,x5=0x1414d4c,x6=0x1414d4c,x7=0x0,x8=0x9b504536b1897347,x9=0x9b504536b1897347,x10=0x9b504536b1897347,x11=0x3e8,x12=0x3,x13=0x706f6f6c5f657469,x14=0x7c0fa4e280,x15=0x0,x16=0x5f5c8f5a00,x17=0x7c0c1d9700,x18=0x7c0f35c000,x19=0x5f5c8f470c,x20=0x1,x21=0x1,x22=0x7fd3b20218,x23=0x7fd3b20220,x24=0x0,x25=0x0,x26=0x0,x27=0x0,x28=0x0,x29=0x7fd3b20190,lr=0x5f5c8f4734,sp=0x7fd3b20180,pc=0x7c0c1d9700]
[15012|15012] event_addr:0x7c0c1d9700 hit_count:97, Regs:
[x0=0x1,x1=0x5f5c8f3598,x2=0x1,x3=0x7fd3b201e8,x4=0x0,x5=0x1414d4c,x6=0x1414d4c,x7=0x0,x8=0x9b504536b1897347,x9=0x9b504536b1897347,x10=0x9b504536b1897347,x11=0x3e8,x12=0x3,x13=0x706f6f6c5f657469,x14=0x7c0fa4e280,x15=0x0,x16=0x5f5c8f5a00,x17=0x7c0c1d9700,x18=0x7c0f35c000,x19=0x5f5c8f470c,x20=0x1,x21=0x1,x22=0x7fd3b20218,x23=0x7fd3b20220,x24=0x0,x25=0x0,x26=0x0,x27=0x0,x28=0x0,x29=0x7fd3b20190,lr=0x5f5c8f4734,sp=0x7fd3b20180,pc=0x7c0c1d9700]
[15012|15012] event_addr:0x7c0c1d9700 hit_count:98, Regs:
[x0=0x1,x1=0x5f5c8f3598,x2=0x1,x3=0x7fd3b201e8,x4=0x0,x5=0x1414d4c,x6=0x1414d4c,x7=0x0,x8=0x9b504536b1897347,x9=0x9b504536b1897347,x10=0x9b504536b1897347,x11=0x3e8,x12=0x3,x13=0x706f6f6c5f657469,x14=0x7c0fa4e280,x15=0x0,x16=0x5f5c8f5a00,x17=0x7c0c1d9700,x18=0x7c0f35c000,x19=0x5f5c8f470c,x20=0x1,x21=0x1,x22=0x7fd3b20218,x23=0x7fd3b20220,x24=0x0,x25=0x0,x26=0x0,x27=0x0,x28=0x0,x29=0x7fd3b20190,lr=0x5f5c8f4734,sp=0x7fd3b20180,pc=0x7c0c1d9700]
[15012|15012] event_addr:0x7c0c1d9700 hit_count:99, Regs:
[x0=0x1,x1=0x5f5c8f3598,x2=0x1,x3=0x7fd3b201e8,x4=0x0,x5=0x1414d4c,x6=0x1414d4c,x7=0x0,x8=0x9b504536b1897347,x9=0x9b504536b1897347,x10=0x9b504536b1897347,x11=0x3e8,x12=0x3,x13=0x706f6f6c5f657469,x14=0x7c0fa4e280,x15=0x0,x16=0x5f5c8f5a00,x17=0x7c0c1d9700,x18=0x7c0f35c000,x19=0x5f5c8f470c,x20=0x1,x21=0x1,x22=0x7fd3b20218,x23=0x7fd3b20220,x24=0x0,x25=0x0,x26=0x0,x27=0x0,x28=0x0,x29=0x7fd3b20190,lr=0x5f5c8f4734,sp=0x7fd3b20180,pc=0x7c0c1d9700]
[15012|15012] event_addr:0x7c0c1d9700 hit_count:100, Regs:
[x0=0x1,x1=0x5f5c8f3598,x2=0x1,x3=0x7fd3b201e8,x4=0x0,x5=0x1414d4c,x6=0x1414d4c,x7=0x0,x8=0x9b504536b1897347,x9=0x9b504536b1897347,x10=0x9b504536b1897347,x11=0x3e8,x12=0x3,x13=0x706f6f6c5f657469,x14=0x7c0fa4e280,x15=0x0,x16=0x5f5c8f5a00,x17=0x7c0c1d9700,x18=0x7c0f35c000,x19=0x5f5c8f470c,x20=0x1,x21=0x1,x22=0x7fd3b20218,x23=0x7fd3b20220,x24=0x0,x25=0x0,x26=0x0,x27=0x0,x28=0x0,x29=0x7fd3b20190,lr=0x5f5c8f4734,sp=0x7fd3b20180,pc=0x7c0c1d9700]
[15012|15012] event_addr:0x7c0c1d9700 hit_count:101, Regs:
[x0=0x1,x1=0x5f5c8f3598,x2=0x1,x3=0x7fd3b201e8,x4=0x0,x5=0x1414d4c,x6=0x1414d4c,x7=0x0,x8=0x9b504536b1897347,x9=0x9b504536b1897347,x10=0x9b504536b1897347,x11=0x3e8,x12=0x3,x13=0x706f6f6c5f657469,x14=0x7c0fa4e280,x15=0x0,x16=0x5f5c8f5a00,x17=0x7c0c1d9700,x18=0x7c0f35c000,x19=0x5f5c8f470c,x20=0x1,x21=0x1,x22=0x7fd3b20218,x23=0x7fd3b20220,x24=0x0,x25=0x0,x26=0x0,x27=0x0,x28=0x0,x29=0x7fd3b20190,lr=0x5f5c8f4734,sp=0x7fd3b20180,pc=0x7c0c1d9700]
[15012|15012] event_addr:0x7c0c1d9700 hit_count:102, Regs:
[x0=0x1,x1=0x5f5c8f3598,x2=0x1,x3=0x7fd3b201e8,x4=0x0,x5=0x1414d4c,x6=0x1414d4c,x7=0x0,x8=0x9b504536b1897347,x9=0x9b504536b1897347,x10=0x9b504536b1897347,x11=0x3e8,x12=0x3,x13=0x706f6f6c5f657469,x14=0x7c0fa4e280,x15=0x0,x16=0x5f5c8f5a00,x17=0x7c0c1d9700,x18=0x7c0f35c000,x19=0x5f5c8f470c,x20=0x1,x21=0x1,x22=0x7fd3b20218,x23=0x7fd3b20220,x24=0x0,x25=0x0,x26=0x0,x27=0x0,x28=0x0,x29=0x7fd3b20190,lr=0x5f5c8f4734,sp=0x7fd3b20180,pc=0x7c0c1d9700]
[15012|15012] event_addr:0x7c0c1d9700 hit_count:103, Regs:
[x0=0x1,x1=0x5f5c8f3598,x2=0x1,x3=0x7fd3b201e8,x4=0x0,x5=0x1414d4c,x6=0x1414d4c,x7=0x0,x8=0x9b504536b1897347,x9=0x9b504536b1897347,x10=0x9b504536b1897347,x11=0x3e8,x12=0x3,x13=0x706f6f6c5f657469,x14=0x7c0fa4e280,x15=0x0,x16=0x5f5c8f5a00,x17=0x7c0c1d9700,x18=0x7c0f35c000,x19=0x5f5c8f470c,x20=0x1,x21=0x1,x22=0x7fd3b20218,x23=0x7fd3b20220,x24=0x0,x25=0x0,x26=0x0,x27=0x0,x28=0x0,x29=0x7fd3b20190,lr=0x5f5c8f4734,sp=0x7fd3b20180,pc=0x7c0c1d9700]
[15012|15012] event_addr:0x7c0c1d9700 hit_count:104, Regs:
[x0=0x1,x1=0x5f5c8f3598,x2=0x1,x3=0x7fd3b201e8,x4=0x0,x5=0x1414d4c,x6=0x1414d4c,x7=0x0,x8=0x9b504536b1897347,x9=0x9b504536b1897347,x10=0x9b504536b1897347,x11=0x3e8,x12=0x3,x13=0x706f6f6c5f657469,x14=0x7c0fa4e280,x15=0x0,x16=0x5f5c8f5a00,x17=0x7c0c1d9700,x18=0x7c0f35c000,x19=0x5f5c8f470c,x20=0x1,x21=0x1,x22=0x7fd3b20218,x23=0x7fd3b20220,x24=0x0,x25=0x0,x26=0x0,x27=0x0,x28=0x0,x29=0x7fd3b20190,lr=0x5f5c8f4734,sp=0x7fd3b20180,pc=0x7c0c1d9700]
[15012|15012] event_addr:0x7c0c1d9700 hit_count:105, Regs:
[x0=0x1,x1=0x5f5c8f3598,x2=0x1,x3=0x7fd3b201e8,x4=0x0,x5=0x1414d4c,x6=0x1414d4c,x7=0x0,x8=0x9b504536b1897347,x9=0x9b504536b1897347,x10=0x9b504536b1897347,x11=0x3e8,x12=0x3,x13=0x706f6f6c5f657469,x14=0x7c0fa4e280,x15=0x0,x16=0x5f5c8f5a00,x17=0x7c0c1d9700,x18=0x7c0f35c000,x19=0x5f5c8f470c,x20=0x1,x21=0x1,x22=0x7fd3b20218,x23=0x7fd3b20220,x24=0x0,x25=0x0,x26=0x0,x27=0x0,x28=0x0,x29=0x7fd3b20190,lr=0x5f5c8f4734,sp=0x7fd3b20180,pc=0x7c0c1d9700]
[15012|15012] event_addr:0x7c0c1d9700 hit_count:106, Regs:
[x0=0x1,x1=0x5f5c8f3598,x2=0x1,x3=0x7fd3b201e8,x4=0x0,x5=0x1414d4c,x6=0x1414d4c,x7=0x0,x8=0x9b504536b1897347,x9=0x9b504536b1897347,x10=0x9b504536b1897347,x11=0x3e8,x12=0x3,x13=0x706f6f6c5f657469,x14=0x7c0fa4e280,x15=0x0,x16=0x5f5c8f5a00,x17=0x7c0c1d9700,x18=0x7c0f35c000,x19=0x5f5c8f470c,x20=0x1,x21=0x1,x22=0x7fd3b20218,x23=0x7fd3b20220,x24=0x0,x25=0x0,x26=0x0,x27=0x0,x28=0x0,x29=0x7fd3b20190,lr=0x5f5c8f4734,sp=0x7fd3b20180,pc=0x7c0c1d9700]
[15012|15012] event_addr:0x7c0c1d9700 hit_count:107, Regs:
[x0=0x1,x1=0x5f5c8f3598,x2=0x1,x3=0x7fd3b201e8,x4=0x0,x5=0x1414d4c,x6=0x1414d4c,x7=0x0,x8=0x9b504536b1897347,x9=0x9b504536b1897347,x10=0x9b504536b1897347,x11=0x3e8,x12=0x3,x13=0x706f6f6c5f657469,x14=0x7c0fa4e280,x15=0x0,x16=0x5f5c8f5a00,x17=0x7c0c1d9700,x18=0x7c0f35c000,x19=0x5f5c8f470c,x20=0x1,x21=0x1,x22=0x7fd3b20218,x23=0x7fd3b20220,x24=0x0,x25=0x0,x26=0x0,x27=0x0,x28=0x0,x29=0x7fd3b20190,lr=0x5f5c8f4734,sp=0x7fd3b20180,pc=0x7c0c1d9700]
[15012|15012] event_addr:0x7c0c1d9700 hit_count:108, Regs:
[x0=0x1,x1=0x5f5c8f3598,x2=0x1,x3=0x7fd3b201e8,x4=0x0,x5=0x1414d4c,x6=0x1414d4c,x7=0x0,x8=0x9b504536b1897347,x9=0x9b504536b1897347,x10=0x9b504536b1897347,x11=0x3e8,x12=0x3,x13=0x706f6f6c5f657469,x14=0x7c0fa4e280,x15=0x0,x16=0x5f5c8f5a00,x17=0x7c0c1d9700,x18=0x7c0f35c000,x19=0x5f5c8f470c,x20=0x1,x21=0x1,x22=0x7fd3b20218,x23=0x7fd3b20220,x24=0x0,x25=0x0,x26=0x0,x27=0x0,x28=0x0,x29=0x7fd3b20190,lr=0x5f5c8f4734,sp=0x7fd3b20180,pc=0x7c0c1d9700]
[15012|15012] event_addr:0x7c0c1d9700 hit_count:109, Regs:
[x0=0x1,x1=0x5f5c8f3598,x2=0x1,x3=0x7fd3b201e8,x4=0x0,x5=0x1414d4c,x6=0x1414d4c,x7=0x0,x8=0x9b504536b1897347,x9=0x9b504536b1897347,x10=0x9b504536b1897347,x11=0x3e8,x12=0x3,x13=0x706f6f6c5f657469,x14=0x7c0fa4e280,x15=0x0,x16=0x5f5c8f5a00,x17=0x7c0c1d9700,x18=0x7c0f35c000,x19=0x5f5c8f470c,x20=0x1,x21=0x1,x22=0x7fd3b20218,x23=0x7fd3b20220,x24=0x0,x25=0x0,x26=0x0,x27=0x0,x28=0x0,x29=0x7fd3b20190,lr=0x5f5c8f4734,sp=0x7fd3b20180,pc=0x7c0c1d9700]
[15012|15012] event_addr:0x7c0c1d9700 hit_count:110, Regs:
[x0=0x1,x1=0x5f5c8f3598,x2=0x1,x3=0x7fd3b201e8,x4=0x0,x5=0x1414d4c,x6=0x1414d4c,x7=0x0,x8=0x9b504536b1897347,x9=0x9b504536b1897347,x10=0x9b504536b1897347,x11=0x3e8,x12=0x3,x13=0x706f6f6c5f657469,x14=0x7c0fa4e280,x15=0x0,x16=0x5f5c8f5a00,x17=0x7c0c1d9700,x18=0x7c0f35c000,x19=0x5f5c8f470c,x20=0x1,x21=0x1,x22=0x7fd3b20218,x23=0x7fd3b20220,x24=0x0,x25=0x0,x26=0x0,x27=0x0,x28=0x0,x29=0x7fd3b20190,lr=0x5f5c8f4734,sp=0x7fd3b20180,pc=0x7c0c1d9700]
[15012|15012] event_addr:0x7c0c1d9700 hit_count:111, Regs:
[x0=0x1,x1=0x5f5c8f3598,x2=0x1,x3=0x7fd3b201e8,x4=0x0,x5=0x1414d4c,x6=0x1414d4c,x7=0x0,x8=0x9b504536b1897347,x9=0x9b504536b1897347,x10=0x9b504536b1897347,x11=0x3e8,x12=0x3,x13=0x706f6f6c5f657469,x14=0x7c0fa4e280,x15=0x0,x16=0x5f5c8f5a00,x17=0x7c0c1d9700,x18=0x7c0f35c000,x19=0x5f5c8f470c,x20=0x1,x21=0x1,x22=0x7fd3b20218,x23=0x7fd3b20220,x24=0x0,x25=0x0,x26=0x0,x27=0x0,x28=0x0,x29=0x7fd3b20190,lr=0x5f5c8f4734,sp=0x7fd3b20180,pc=0x7c0c1d9700]
[15012|15012] event_addr:0x7c0c1d9700 hit_count:112, Regs:
[x0=0x1,x1=0x5f5c8f3598,x2=0x1,x3=0x7fd3b201e8,x4=0x0,x5=0x1414d4c,x6=0x1414d4c,x7=0x0,x8=0x9b504536b1897347,x9=0x9b504536b1897347,x10=0x9b504536b1897347,x11=0x3e8,x12=0x3,x13=0x706f6f6c5f657469,x14=0x7c0fa4e280,x15=0x0,x16=0x5f5c8f5a00,x17=0x7c0c1d9700,x18=0x7c0f35c000,x19=0x5f5c8f470c,x20=0x1,x21=0x1,x22=0x7fd3b20218,x23=0x7fd3b20220,x24=0x0,x25=0x0,x26=0x0,x27=0x0,x28=0x0,x29=0x7fd3b20190,lr=0x5f5c8f4734,sp=0x7fd3b20180,pc=0x7c0c1d9700]
[15012|15012] event_addr:0x7c0c1d9700 hit_count:113, Regs:
[x0=0x1,x1=0x5f5c8f3598,x2=0x1,x3=0x7fd3b201e8,x4=0x0,x5=0x1414d4c,x6=0x1414d4c,x7=0x0,x8=0x9b504536b1897347,x9=0x9b504536b1897347,x10=0x9b504536b1897347,x11=0x3e8,x12=0x3,x13=0x706f6f6c5f657469,x14=0x7c0fa4e280,x15=0x0,x16=0x5f5c8f5a00,x17=0x7c0c1d9700,x18=0x7c0f35c000,x19=0x5f5c8f470c,x20=0x1,x21=0x1,x22=0x7fd3b20218,x23=0x7fd3b20220,x24=0x0,x25=0x0,x26=0x0,x27=0x0,x28=0x0,x29=0x7fd3b20190,lr=0x5f5c8f4734,sp=0x7fd3b20180,pc=0x7c0c1d9700]
[15012|15012] event_addr:0x7c0c1d9700 hit_count:114, Regs:
[x0=0x1,x1=0x5f5c8f3598,x2=0x1,x3=0x7fd3b201e8,x4=0x0,x5=0x1414d4c,x6=0x1414d4c,x7=0x0,x8=0x9b504536b1897347,x9=0x9b504536b1897347,x10=0x9b504536b1897347,x11=0x3e8,x12=0x3,x13=0x706f6f6c5f657469,x14=0x7c0fa4e280,x15=0x0,x16=0x5f5c8f5a00,x17=0x7c0c1d9700,x18=0x7c0f35c000,x19=0x5f5c8f470c,x20=0x1,x21=0x1,x22=0x7fd3b20218,x23=0x7fd3b20220,x24=0x0,x25=0x0,x26=0x0,x27=0x0,x28=0x0,x29=0x7fd3b20190,lr=0x5f5c8f4734,sp=0x7fd3b20180,pc=0x7c0c1d9700]
[15012|15012] event_addr:0x7c0c1d9700 hit_count:115, Regs:
[x0=0x1,x1=0x5f5c8f3598,x2=0x1,x3=0x7fd3b201e8,x4=0x0,x5=0x1414d4c,x6=0x1414d4c,x7=0x0,x8=0x9b504536b1897347,x9=0x9b504536b1897347,x10=0x9b504536b1897347,x11=0x3e8,x12=0x3,x13=0x706f6f6c5f657469,x14=0x7c0fa4e280,x15=0x0,x16=0x5f5c8f5a00,x17=0x7c0c1d9700,x18=0x7c0f35c000,x19=0x5f5c8f470c,x20=0x1,x21=0x1,x22=0x7fd3b20218,x23=0x7fd3b20220,x24=0x0,x25=0x0,x26=0x0,x27=0x0,x28=0x0,x29=0x7fd3b20190,lr=0x5f5c8f4734,sp=0x7fd3b20180,pc=0x7c0c1d9700]
[15012|15012] event_addr:0x7c0c1d9700 hit_count:116, Regs:
[x0=0x1,x1=0x5f5c8f3598,x2=0x1,x3=0x7fd3b201e8,x4=0x0,x5=0x1414d4c,x6=0x1414d4c,x7=0x0,x8=0x9b504536b1897347,x9=0x9b504536b1897347,x10=0x9b504536b1897347,x11=0x3e8,x12=0x3,x13=0x706f6f6c5f657469,x14=0x7c0fa4e280,x15=0x0,x16=0x5f5c8f5a00,x17=0x7c0c1d9700,x18=0x7c0f35c000,x19=0x5f5c8f470c,x20=0x1,x21=0x1,x22=0x7fd3b20218,x23=0x7fd3b20220,x24=0x0,x25=0x0,x26=0x0,x27=0x0,x28=0x0,x29=0x7fd3b20190,lr=0x5f5c8f4734,sp=0x7fd3b20180,pc=0x7c0c1d9700]
[15012|15012] event_addr:0x7c0c1d9700 hit_count:117, Regs:
[x0=0x1,x1=0x5f5c8f3598,x2=0x1,x3=0x7fd3b201e8,x4=0x0,x5=0x1414d4c,x6=0x1414d4c,x7=0x0,x8=0x9b504536b1897347,x9=0x9b504536b1897347,x10=0x9b504536b1897347,x11=0x3e8,x12=0x3,x13=0x706f6f6c5f657469,x14=0x7c0fa4e280,x15=0x0,x16=0x5f5c8f5a00,x17=0x7c0c1d9700,x18=0x7c0f35c000,x19=0x5f5c8f470c,x20=0x1,x21=0x1,x22=0x7fd3b20218,x23=0x7fd3b20220,x24=0x0,x25=0x0,x26=0x0,x27=0x0,x28=0x0,x29=0x7fd3b20190,lr=0x5f5c8f4734,sp=0x7fd3b20180,pc=0x7c0c1d9700]
[15012|15012] event_addr:0x7c0c1d9700 hit_count:118, Regs:
[x0=0x1,x1=0x5f5c8f3598,x2=0x1,x3=0x7fd3b201e8,x4=0x0,x5=0x1414d4c,x6=0x1414d4c,x7=0x0,x8=0x9b504536b1897347,x9=0x9b504536b1897347,x10=0x9b504536b1897347,x11=0x3e8,x12=0x3,x13=0x706f6f6c5f657469,x14=0x7c0fa4e280,x15=0x0,x16=0x5f5c8f5a00,x17=0x7c0c1d9700,x18=0x7c0f35c000,x19=0x5f5c8f470c,x20=0x1,x21=0x1,x22=0x7fd3b20218,x23=0x7fd3b20220,x24=0x0,x25=0x0,x26=0x0,x27=0x0,x28=0x0,x29=0x7fd3b20190,lr=0x5f5c8f4734,sp=0x7fd3b20180,pc=0x7c0c1d9700]
[15012|15012] event_addr:0x7c0c1d9700 hit_count:119, Regs:
[x0=0x1,x1=0x5f5c8f3598,x2=0x1,x3=0x7fd3b201e8,x4=0x0,x5=0x1414d4c,x6=0x1414d4c,x7=0x0,x8=0x9b504536b1897347,x9=0x9b504536b1897347,x10=0x9b504536b1897347,x11=0x3e8,x12=0x3,x13=0x706f6f6c5f657469,x14=0x7c0fa4e280,x15=0x0,x16=0x5f5c8f5a00,x17=0x7c0c1d9700,x18=0x7c0f35c000,x19=0x5f5c8f470c,x20=0x1,x21=0x1,x22=0x7fd3b20218,x23=0x7fd3b20220,x24=0x0,x25=0x0,x26=0x0,x27=0x0,x28=0x0,x29=0x7fd3b20190,lr=0x5f5c8f4734,sp=0x7fd3b20180,pc=0x7c0c1d9700]
[15012|15012] event_addr:0x7c0c1d9700 hit_count:120, Regs:
[x0=0x1,x1=0x5f5c8f3598,x2=0x1,x3=0x7fd3b201e8,x4=0x0,x5=0x1414d4c,x6=0x1414d4c,x7=0x0,x8=0x9b504536b1897347,x9=0x9b504536b1897347,x10=0x9b504536b1897347,x11=0x3e8,x12=0x3,x13=0x706f6f6c5f657469,x14=0x7c0fa4e280,x15=0x0,x16=0x5f5c8f5a00,x17=0x7c0c1d9700,x18=0x7c0f35c000,x19=0x5f5c8f470c,x20=0x1,x21=0x1,x22=0x7fd3b20218,x23=0x7fd3b20220,x24=0x0,x25=0x0,x26=0x0,x27=0x0,x28=0x0,x29=0x7fd3b20190,lr=0x5f5c8f4734,sp=0x7fd3b20180,pc=0x7c0c1d9700]
[15012|15012] event_addr:0x7c0c1d9700 hit_count:121, Regs:
[x0=0x1,x1=0x5f5c8f3598,x2=0x1,x3=0x7fd3b201e8,x4=0x0,x5=0x1414d4c,x6=0x1414d4c,x7=0x0,x8=0x9b504536b1897347,x9=0x9b504536b1897347,x10=0x9b504536b1897347,x11=0x3e8,x12=0x3,x13=0x706f6f6c5f657469,x14=0x7c0fa4e280,x15=0x0,x16=0x5f5c8f5a00,x17=0x7c0c1d9700,x18=0x7c0f35c000,x19=0x5f5c8f470c,x20=0x1,x21=0x1,x22=0x7fd3b20218,x23=0x7fd3b20220,x24=0x0,x25=0x0,x26=0x0,x27=0x0,x28=0x0,x29=0x7fd3b20190,lr=0x5f5c8f4734,sp=0x7fd3b20180,pc=0x7c0c1d9700]
[15012|15012] event_addr:0x7c0c1d9700 hit_count:122, Regs:
[x0=0x1,x1=0x5f5c8f3598,x2=0x1,x3=0x7fd3b201e8,x4=0x0,x5=0x1414d4c,x6=0x1414d4c,x7=0x0,x8=0x9b504536b1897347,x9=0x9b504536b1897347,x10=0x9b504536b1897347,x11=0x3e8,x12=0x3,x13=0x706f6f6c5f657469,x14=0x7c0fa4e280,x15=0x0,x16=0x5f5c8f5a00,x17=0x7c0c1d9700,x18=0x7c0f35c000,x19=0x5f5c8f470c,x20=0x1,x21=0x1,x22=0x7fd3b20218,x23=0x7fd3b20220,x24=0x0,x25=0x0,x26=0x0,x27=0x0,x28=0x0,x29=0x7fd3b20190,lr=0x5f5c8f4734,sp=0x7fd3b20180,pc=0x7c0c1d9700]
[15012|15012] event_addr:0x7c0c1d9700 hit_count:123, Regs:
[x0=0x1,x1=0x5f5c8f3598,x2=0x1,x3=0x7fd3b201e8,x4=0x0,x5=0x1414d4c,x6=0x1414d4c,x7=0x0,x8=0x9b504536b1897347,x9=0x9b504536b1897347,x10=0x9b504536b1897347,x11=0x3e8,x12=0x3,x13=0x706f6f6c5f657469,x14=0x7c0fa4e280,x15=0x0,x16=0x5f5c8f5a00,x17=0x7c0c1d9700,x18=0x7c0f35c000,x19=0x5f5c8f470c,x20=0x1,x21=0x1,x22=0x7fd3b20218,x23=0x7fd3b20220,x24=0x0,x25=0x0,x26=0x0,x27=0x0,x28=0x0,x29=0x7fd3b20190,lr=0x5f5c8f4734,sp=0x7fd3b20180,pc=0x7c0c1d9700]
[15012|15012] event_addr:0x7c0c1d9700 hit_count:124, Regs:
[x0=0x1,x1=0x5f5c8f3598,x2=0x1,x3=0x7fd3b201e8,x4=0x0,x5=0x1414d4c,x6=0x1414d4c,x7=0x0,x8=0x9b504536b1897347,x9=0x9b504536b1897347,x10=0x9b504536b1897347,x11=0x3e8,x12=0x3,x13=0x706f6f6c5f657469,x14=0x7c0fa4e280,x15=0x0,x16=0x5f5c8f5a00,x17=0x7c0c1d9700,x18=0x7c0f35c000,x19=0x5f5c8f470c,x20=0x1,x21=0x1,x22=0x7fd3b20218,x23=0x7fd3b20220,x24=0x0,x25=0x0,x26=0x0,x27=0x0,x28=0x0,x29=0x7fd3b20190,lr=0x5f5c8f4734,sp=0x7fd3b20180,pc=0x7c0c1d9700]
[15012|15012] event_addr:0x7c0c1d9700 hit_count:125, Regs:
[x0=0x1,x1=0x5f5c8f3598,x2=0x1,x3=0x7fd3b201e8,x4=0x0,x5=0x1414d4c,x6=0x1414d4c,x7=0x0,x8=0x9b504536b1897347,x9=0x9b504536b1897347,x10=0x9b504536b1897347,x11=0x3e8,x12=0x3,x13=0x706f6f6c5f657469,x14=0x7c0fa4e280,x15=0x0,x16=0x5f5c8f5a00,x17=0x7c0c1d9700,x18=0x7c0f35c000,x19=0x5f5c8f470c,x20=0x1,x21=0x1,x22=0x7fd3b20218,x23=0x7fd3b20220,x24=0x0,x25=0x0,x26=0x0,x27=0x0,x28=0x0,x29=0x7fd3b20190,lr=0x5f5c8f4734,sp=0x7fd3b20180,pc=0x7c0c1d9700]
[15012|15012] event_addr:0x7c0c1d9700 hit_count:126, Regs:
[x0=0x1,x1=0x5f5c8f3598,x2=0x1,x3=0x7fd3b201e8,x4=0x0,x5=0x1414d4c,x6=0x1414d4c,x7=0x0,x8=0x9b504536b1897347,x9=0x9b504536b1897347,x10=0x9b504536b1897347,x11=0x3e8,x12=0x3,x13=0x706f6f6c5f657469,x14=0x7c0fa4e280,x15=0x0,x16=0x5f5c8f5a00,x17=0x7c0c1d9700,x18=0x7c0f35c000,x19=0x5f5c8f470c,x20=0x1,x21=0x1,x22=0x7fd3b20218,x23=0x7fd3b20220,x24=0x0,x25=0x0,x26=0x0,x27=0x0,x28=0x0,x29=0x7fd3b20190,lr=0x5f5c8f4734,sp=0x7fd3b20180,pc=0x7c0c1d9700]
[15012|15012] event_addr:0x7c0c1d9700 hit_count:127, Regs:
[x0=0x1,x1=0x5f5c8f3598,x2=0x1,x3=0x7fd3b201e8,x4=0x0,x5=0x1414d4c,x6=0x1414d4c,x7=0x0,x8=0x9b504536b1897347,x9=0x9b504536b1897347,x10=0x9b504536b1897347,x11=0x3e8,x12=0x3,x13=0x706f6f6c5f657469,x14=0x7c0fa4e280,x15=0x0,x16=0x5f5c8f5a00,x17=0x7c0c1d9700,x18=0x7c0f35c000,x19=0x5f5c8f470c,x20=0x1,x21=0x1,x22=0x7fd3b20218,x23=0x7fd3b20220,x24=0x0,x25=0x0,x26=0x0,x27=0x0,x28=0x0,x29=0x7fd3b20190,lr=0x5f5c8f4734,sp=0x7fd3b20180,pc=0x7c0c1d9700]
[15012|15012] event_addr:0x7c0c1d9700 hit_count:128, Regs:
[x0=0x1,x1=0x5f5c8f3598,x2=0x1,x3=0x7fd3b201e8,x4=0x0,x5=0x1414d4c,x6=0x1414d4c,x7=0x0,x8=0x9b504536b1897347,x9=0x9b504536b1897347,x10=0x9b504536b1897347,x11=0x3e8,x12=0x3,x13=0x706f6f6c5f657469,x14=0x7c0fa4e280,x15=0x0,x16=0x5f5c8f5a00,x17=0x7c0c1d9700,x18=0x7c0f35c000,x19=0x5f5c8f470c,x20=0x1,x21=0x1,x22=0x7fd3b20218,x23=0x7fd3b20220,x24=0x0,x25=0x0,x26=0x0,x27=0x0,x28=0x0,x29=0x7fd3b20190,lr=0x5f5c8f4734,sp=0x7fd3b20180,pc=0x7c0c1d9700]
[15012|15012] event_addr:0x7c0c1d9700 hit_count:129, Regs:
[x0=0x1,x1=0x5f5c8f3598,x2=0x1,x3=0x7fd3b201e8,x4=0x0,x5=0x1414d4c,x6=0x1414d4c,x7=0x0,x8=0x9b504536b1897347,x9=0x9b504536b1897347,x10=0x9b504536b1897347,x11=0x3e8,x12=0x3,x13=0x706f6f6c5f657469,x14=0x7c0fa4e280,x15=0x0,x16=0x5f5c8f5a00,x17=0x7c0c1d9700,x18=0x7c0f35c000,x19=0x5f5c8f470c,x20=0x1,x21=0x1,x22=0x7fd3b20218,x23=0x7fd3b20220,x24=0x0,x25=0x0,x26=0x0,x27=0x0,x28=0x0,x29=0x7fd3b20190,lr=0x5f5c8f4734,sp=0x7fd3b20180,pc=0x7c0c1d9700]
[15012|15012] event_addr:0x7c0c1d9700 hit_count:130, Regs:
[x0=0x1,x1=0x5f5c8f3598,x2=0x1,x3=0x7fd3b201e8,x4=0x0,x5=0x1414d4c,x6=0x1414d4c,x7=0x0,x8=0x9b504536b1897347,x9=0x9b504536b1897347,x10=0x9b504536b1897347,x11=0x3e8,x12=0x3,x13=0x706f6f6c5f657469,x14=0x7c0fa4e280,x15=0x0,x16=0x5f5c8f5a00,x17=0x7c0c1d9700,x18=0x7c0f35c000,x19=0x5f5c8f470c,x20=0x1,x21=0x1,x22=0x7fd3b20218,x23=0x7fd3b20220,x24=0x0,x25=0x0,x26=0x0,x27=0x0,x28=0x0,x29=0x7fd3b20190,lr=0x5f5c8f4734,sp=0x7fd3b20180,pc=0x7c0c1d9700]
[15012|15012] event_addr:0x7c0c1d9700 hit_count:131, Regs:
[x0=0x1,x1=0x5f5c8f3598,x2=0x1,x3=0x7fd3b201e8,x4=0x0,x5=0x1414d4c,x6=0x1414d4c,x7=0x0,x8=0x9b504536b1897347,x9=0x9b504536b1897347,x10=0x9b504536b1897347,x11=0x3e8,x12=0x3,x13=0x706f6f6c5f657469,x14=0x7c0fa4e280,x15=0x0,x16=0x5f5c8f5a00,x17=0x7c0c1d9700,x18=0x7c0f35c000,x19=0x5f5c8f470c,x20=0x1,x21=0x1,x22=0x7fd3b20218,x23=0x7fd3b20220,x24=0x0,x25=0x0,x26=0x0,x27=0x0,x28=0x0,x29=0x7fd3b20190,lr=0x5f5c8f4734,sp=0x7fd3b20180,pc=0x7c0c1d9700]
[15012|15012] event_addr:0x7c0c1d9700 hit_count:132, Regs:
[x0=0x1,x1=0x5f5c8f3598,x2=0x1,x3=0x7fd3b201e8,x4=0x0,x5=0x1414d4c,x6=0x1414d4c,x7=0x0,x8=0x9b504536b1897347,x9=0x9b504536b1897347,x10=0x9b504536b1897347,x11=0x3e8,x12=0x3,x13=0x706f6f6c5f657469,x14=0x7c0fa4e280,x15=0x0,x16=0x5f5c8f5a00,x17=0x7c0c1d9700,x18=0x7c0f35c000,x19=0x5f5c8f470c,x20=0x1,x21=0x1,x22=0x7fd3b20218,x23=0x7fd3b20220,x24=0x0,x25=0x0,x26=0x0,x27=0x0,x28=0x0,x29=0x7fd3b20190,lr=0x5f5c8f4734,sp=0x7fd3b20180,pc=0x7c0c1d9700]
[15012|15012] event_addr:0x7c0c1d9700 hit_count:133, Regs:
[x0=0x1,x1=0x5f5c8f3598,x2=0x1,x3=0x7fd3b201e8,x4=0x0,x5=0x1414d4c,x6=0x1414d4c,x7=0x0,x8=0x9b504536b1897347,x9=0x9b504536b1897347,x10=0x9b504536b1897347,x11=0x3e8,x12=0x3,x13=0x706f6f6c5f657469,x14=0x7c0fa4e280,x15=0x0,x16=0x5f5c8f5a00,x17=0x7c0c1d9700,x18=0x7c0f35c000,x19=0x5f5c8f470c,x20=0x1,x21=0x1,x22=0x7fd3b20218,x23=0x7fd3b20220,x24=0x0,x25=0x0,x26=0x0,x27=0x0,x28=0x0,x29=0x7fd3b20190,lr=0x5f5c8f4734,sp=0x7fd3b20180,pc=0x7c0c1d9700]
[15012|15012] event_addr:0x7c0c1d9700 hit_count:134, Regs:
[x0=0x1,x1=0x5f5c8f3598,x2=0x1,x3=0x7fd3b201e8,x4=0x0,x5=0x1414d4c,x6=0x1414d4c,x7=0x0,x8=0x9b504536b1897347,x9=0x9b504536b1897347,x10=0x9b504536b1897347,x11=0x3e8,x12=0x3,x13=0x706f6f6c5f657469,x14=0x7c0fa4e280,x15=0x0,x16=0x5f5c8f5a00,x17=0x7c0c1d9700,x18=0x7c0f35c000,x19=0x5f5c8f470c,x20=0x1,x21=0x1,x22=0x7fd3b20218,x23=0x7fd3b20220,x24=0x0,x25=0x0,x26=0x0,x27=0x0,x28=0x0,x29=0x7fd3b20190,lr=0x5f5c8f4734,sp=0x7fd3b20180,pc=0x7c0c1d9700]
[15012|15012] event_addr:0x7c0c1d9700 hit_count:135, Regs:
[x0=0x1,x1=0x5f5c8f3598,x2=0x1,x3=0x7fd3b201e8,x4=0x0,x5=0x1414d4c,x6=0x1414d4c,x7=0x0,x8=0x9b504536b1897347,x9=0x9b504536b1897347,x10=0x9b504536b1897347,x11=0x3e8,x12=0x3,x13=0x706f6f6c5f657469,x14=0x7c0fa4e280,x15=0x0,x16=0x5f5c8f5a00,x17=0x7c0c1d9700,x18=0x7c0f35c000,x19=0x5f5c8f470c,x20=0x1,x21=0x1,x22=0x7fd3b20218,x23=0x7fd3b20220,x24=0x0,x25=0x0,x26=0x0,x27=0x0,x28=0x0,x29=0x7fd3b20190,lr=0x5f5c8f4734,sp=0x7fd3b20180,pc=0x7c0c1d9700]
[15012|15012] event_addr:0x7c0c1d9700 hit_count:136, Regs:
[x0=0x1,x1=0x5f5c8f3598,x2=0x1,x3=0x7fd3b201e8,x4=0x0,x5=0x1414d4c,x6=0x1414d4c,x7=0x0,x8=0x9b504536b1897347,x9=0x9b504536b1897347,x10=0x9b504536b1897347,x11=0x3e8,x12=0x3,x13=0x706f6f6c5f657469,x14=0x7c0fa4e280,x15=0x0,x16=0x5f5c8f5a00,x17=0x7c0c1d9700,x18=0x7c0f35c000,x19=0x5f5c8f470c,x20=0x1,x21=0x1,x22=0x7fd3b20218,x23=0x7fd3b20220,x24=0x0,x25=0x0,x26=0x0,x27=0x0,x28=0x0,x29=0x7fd3b20190,lr=0x5f5c8f4734,sp=0x7fd3b20180,pc=0x7c0c1d9700]
[15012|15012] event_addr:0x7c0c1d9700 hit_count:137, Regs:
[x0=0x1,x1=0x5f5c8f3598,x2=0x1,x3=0x7fd3b201e8,x4=0x0,x5=0x1414d4c,x6=0x1414d4c,x7=0x0,x8=0x9b504536b1897347,x9=0x9b504536b1897347,x10=0x9b504536b1897347,x11=0x3e8,x12=0x3,x13=0x706f6f6c5f657469,x14=0x7c0fa4e280,x15=0x0,x16=0x5f5c8f5a00,x17=0x7c0c1d9700,x18=0x7c0f35c000,x19=0x5f5c8f470c,x20=0x1,x21=0x1,x22=0x7fd3b20218,x23=0x7fd3b20220,x24=0x0,x25=0x0,x26=0x0,x27=0x0,x28=0x0,x29=0x7fd3b20190,lr=0x5f5c8f4734,sp=0x7fd3b20180,pc=0x7c0c1d9700]
[15012|15012] event_addr:0x7c0c1d9700 hit_count:138, Regs:
[x0=0x1,x1=0x5f5c8f3598,x2=0x1,x3=0x7fd3b201e8,x4=0x0,x5=0x1414d4c,x6=0x1414d4c,x7=0x0,x8=0x9b504536b1897347,x9=0x9b504536b1897347,x10=0x9b504536b1897347,x11=0x3e8,x12=0x3,x13=0x706f6f6c5f657469,x14=0x7c0fa4e280,x15=0x0,x16=0x5f5c8f5a00,x17=0x7c0c1d9700,x18=0x7c0f35c000,x19=0x5f5c8f470c,x20=0x1,x21=0x1,x22=0x7fd3b20218,x23=0x7fd3b20220,x24=0x0,x25=0x0,x26=0x0,x27=0x0,x28=0x0,x29=0x7fd3b20190,lr=0x5f5c8f4734,sp=0x7fd3b20180,pc=0x7c0c1d9700]
[15012|15012] event_addr:0x7c0c1d9700 hit_count:139, Regs:
[x0=0x1,x1=0x5f5c8f3598,x2=0x1,x3=0x7fd3b201e8,x4=0x0,x5=0x1414d4c,x6=0x1414d4c,x7=0x0,x8=0x9b504536b1897347,x9=0x9b504536b1897347,x10=0x9b504536b1897347,x11=0x3e8,x12=0x3,x13=0x706f6f6c5f657469,x14=0x7c0fa4e280,x15=0x0,x16=0x5f5c8f5a00,x17=0x7c0c1d9700,x18=0x7c0f35c000,x19=0x5f5c8f470c,x20=0x1,x21=0x1,x22=0x7fd3b20218,x23=0x7fd3b20220,x24=0x0,x25=0x0,x26=0x0,x27=0x0,x28=0x0,x29=0x7fd3b20190,lr=0x5f5c8f4734,sp=0x7fd3b20180,pc=0x7c0c1d9700]
[15012|15012] event_addr:0x7c0c1d9700 hit_count:140, Regs:
[x0=0x1,x1=0x5f5c8f3598,x2=0x1,x3=0x7fd3b201e8,x4=0x0,x5=0x1414d4c,x6=0x1414d4c,x7=0x0,x8=0x9b504536b1897347,x9=0x9b504536b1897347,x10=0x9b504536b1897347,x11=0x3e8,x12=0x3,x13=0x706f6f6c5f657469,x14=0x7c0fa4e280,x15=0x0,x16=0x5f5c8f5a00,x17=0x7c0c1d9700,x18=0x7c0f35c000,x19=0x5f5c8f470c,x20=0x1,x21=0x1,x22=0x7fd3b20218,x23=0x7fd3b20220,x24=0x0,x25=0x0,x26=0x0,x27=0x0,x28=0x0,x29=0x7fd3b20190,lr=0x5f5c8f4734,sp=0x7fd3b20180,pc=0x7c0c1d9700]
[15012|15012] event_addr:0x7c0c1d9700 hit_count:141, Regs:
[x0=0x1,x1=0x5f5c8f3598,x2=0x1,x3=0x7fd3b201e8,x4=0x0,x5=0x1414d4c,x6=0x1414d4c,x7=0x0,x8=0x9b504536b1897347,x9=0x9b504536b1897347,x10=0x9b504536b1897347,x11=0x3e8,x12=0x3,x13=0x706f6f6c5f657469,x14=0x7c0fa4e280,x15=0x0,x16=0x5f5c8f5a00,x17=0x7c0c1d9700,x18=0x7c0f35c000,x19=0x5f5c8f470c,x20=0x1,x21=0x1,x22=0x7fd3b20218,x23=0x7fd3b20220,x24=0x0,x25=0x0,x26=0x0,x27=0x0,x28=0x0,x29=0x7fd3b20190,lr=0x5f5c8f4734,sp=0x7fd3b20180,pc=0x7c0c1d9700]
[15012|15012] event_addr:0x7c0c1d9700 hit_count:142, Regs:
[x0=0x1,x1=0x5f5c8f3598,x2=0x1,x3=0x7fd3b201e8,x4=0x0,x5=0x1414d4c,x6=0x1414d4c,x7=0x0,x8=0x9b504536b1897347,x9=0x9b504536b1897347,x10=0x9b504536b1897347,x11=0x3e8,x12=0x3,x13=0x706f6f6c5f657469,x14=0x7c0fa4e280,x15=0x0,x16=0x5f5c8f5a00,x17=0x7c0c1d9700,x18=0x7c0f35c000,x19=0x5f5c8f470c,x20=0x1,x21=0x1,x22=0x7fd3b20218,x23=0x7fd3b20220,x24=0x0,x25=0x0,x26=0x0,x27=0x0,x28=0x0,x29=0x7fd3b20190,lr=0x5f5c8f4734,sp=0x7fd3b20180,pc=0x7c0c1d9700]
[15012|15012] event_addr:0x7c0c1d9700 hit_count:143, Regs:
[x0=0x1,x1=0x5f5c8f3598,x2=0x1,x3=0x7fd3b201e8,x4=0x0,x5=0x1414d4c,x6=0x1414d4c,x7=0x0,x8=0x9b504536b1897347,x9=0x9b504536b1897347,x10=0x9b504536b1897347,x11=0x3e8,x12=0x3,x13=0x706f6f6c5f657469,x14=0x7c0fa4e280,x15=0x0,x16=0x5f5c8f5a00,x17=0x7c0c1d9700,x18=0x7c0f35c000,x19=0x5f5c8f470c,x20=0x1,x21=0x1,x22=0x7fd3b20218,x23=0x7fd3b20220,x24=0x0,x25=0x0,x26=0x0,x27=0x0,x28=0x0,x29=0x7fd3b20190,lr=0x5f5c8f4734,sp=0x7fd3b20180,pc=0x7c0c1d9700]
[15012|15012] event_addr:0x7c0c1d9700 hit_count:144, Regs:
[x0=0x1,x1=0x5f5c8f3598,x2=0x1,x3=0x7fd3b201e8,x4=0x0,x5=0x1414d4c,x6=0x1414d4c,x7=0x0,x8=0x9b504536b1897347,x9=0x9b504536b1897347,x10=0x9b504536b1897347,x11=0x3e8,x12=0x3,x13=0x706f6f6c5f657469,x14=0x7c0fa4e280,x15=0x0,x16=0x5f5c8f5a00,x17=0x7c0c1d9700,x18=0x7c0f35c000,x19=0x5f5c8f470c,x20=0x1,x21=0x1,x22=0x7fd3b20218,x23=0x7fd3b20220,x24=0x0,x25=0x0,x26=0x0,x27=0x0,x28=0x0,x29=0x7fd3b20190,lr=0x5f5c8f4734,sp=0x7fd3b20180,pc=0x7c0c1d9700]
[15012|15012] event_addr:0x7c0c1d9700 hit_count:145, Regs:
[x0=0x1,x1=0x5f5c8f3598,x2=0x1,x3=0x7fd3b201e8,x4=0x0,x5=0x1414d4c,x6=0x1414d4c,x7=0x0,x8=0x9b504536b1897347,x9=0x9b504536b1897347,x10=0x9b504536b1897347,x11=0x3e8,x12=0x3,x13=0x706f6f6c5f657469,x14=0x7c0fa4e280,x15=0x0,x16=0x5f5c8f5a00,x17=0x7c0c1d9700,x18=0x7c0f35c000,x19=0x5f5c8f470c,x20=0x1,x21=0x1,x22=0x7fd3b20218,x23=0x7fd3b20220,x24=0x0,x25=0x0,x26=0x0,x27=0x0,x28=0x0,x29=0x7fd3b20190,lr=0x5f5c8f4734,sp=0x7fd3b20180,pc=0x7c0c1d9700]
[15012|15012] event_addr:0x7c0c1d9700 hit_count:146, Regs:
[x0=0x1,x1=0x5f5c8f3598,x2=0x1,x3=0x7fd3b201e8,x4=0x0,x5=0x1414d4c,x6=0x1414d4c,x7=0x0,x8=0x9b504536b1897347,x9=0x9b504536b1897347,x10=0x9b504536b1897347,x11=0x3e8,x12=0x3,x13=0x706f6f6c5f657469,x14=0x7c0fa4e280,x15=0x0,x16=0x5f5c8f5a00,x17=0x7c0c1d9700,x18=0x7c0f35c000,x19=0x5f5c8f470c,x20=0x1,x21=0x1,x22=0x7fd3b20218,x23=0x7fd3b20220,x24=0x0,x25=0x0,x26=0x0,x27=0x0,x28=0x0,x29=0x7fd3b20190,lr=0x5f5c8f4734,sp=0x7fd3b20180,pc=0x7c0c1d9700]
[15012|15012] event_addr:0x7c0c1d9700 hit_count:147, Regs:
[x0=0x1,x1=0x5f5c8f3598,x2=0x1,x3=0x7fd3b201e8,x4=0x0,x5=0x1414d4c,x6=0x1414d4c,x7=0x0,x8=0x9b504536b1897347,x9=0x9b504536b1897347,x10=0x9b504536b1897347,x11=0x3e8,x12=0x3,x13=0x706f6f6c5f657469,x14=0x7c0fa4e280,x15=0x0,x16=0x5f5c8f5a00,x17=0x7c0c1d9700,x18=0x7c0f35c000,x19=0x5f5c8f470c,x20=0x1,x21=0x1,x22=0x7fd3b20218,x23=0x7fd3b20220,x24=0x0,x25=0x0,x26=0x0,x27=0x0,x28=0x0,x29=0x7fd3b20190,lr=0x5f5c8f4734,sp=0x7fd3b20180,pc=0x7c0c1d9700]
[15012|15012] event_addr:0x7c0c1d9700 hit_count:148, Regs:
[x0=0x1,x1=0x5f5c8f3598,x2=0x1,x3=0x7fd3b201e8,x4=0x0,x5=0x1414d4c,x6=0x1414d4c,x7=0x0,x8=0x9b504536b1897347,x9=0x9b504536b1897347,x10=0x9b504536b1897347,x11=0x3e8,x12=0x3,x13=0x706f6f6c5f657469,x14=0x7c0fa4e280,x15=0x0,x16=0x5f5c8f5a00,x17=0x7c0c1d9700,x18=0x7c0f35c000,x19=0x5f5c8f470c,x20=0x1,x21=0x1,x22=0x7fd3b20218,x23=0x7fd3b20220,x24=0x0,x25=0x0,x26=0x0,x27=0x0,x28=0x0,x29=0x7fd3b20190,lr=0x5f5c8f4734,sp=0x7fd3b20180,pc=0x7c0c1d9700]
[15012|15012] event_addr:0x7c0c1d9700 hit_count:149, Regs:
[x0=0x1,x1=0x5f5c8f3598,x2=0x1,x3=0x7fd3b201e8,x4=0x0,x5=0x1414d4c,x6=0x1414d4c,x7=0x0,x8=0x9b504536b1897347,x9=0x9b504536b1897347,x10=0x9b504536b1897347,x11=0x3e8,x12=0x3,x13=0x706f6f6c5f657469,x14=0x7c0fa4e280,x15=0x0,x16=0x5f5c8f5a00,x17=0x7c0c1d9700,x18=0x7c0f35c000,x19=0x5f5c8f470c,x20=0x1,x21=0x1,x22=0x7fd3b20218,x23=0x7fd3b20220,x24=0x0,x25=0x0,x26=0x0,x27=0x0,x28=0x0,x29=0x7fd3b20190,lr=0x5f5c8f4734,sp=0x7fd3b20180,pc=0x7c0c1d9700]
[15012|15012] event_addr:0x7c0c1d9700 hit_count:150, Regs:
[x0=0x1,x1=0x5f5c8f3598,x2=0x1,x3=0x7fd3b201e8,x4=0x0,x5=0x1414d4c,x6=0x1414d4c,x7=0x0,x8=0x9b504536b1897347,x9=0x9b504536b1897347,x10=0x9b504536b1897347,x11=0x3e8,x12=0x3,x13=0x706f6f6c5f657469,x14=0x7c0fa4e280,x15=0x0,x16=0x5f5c8f5a00,x17=0x7c0c1d9700,x18=0x7c0f35c000,x19=0x5f5c8f470c,x20=0x1,x21=0x1,x22=0x7fd3b20218,x23=0x7fd3b20220,x24=0x0,x25=0x0,x26=0x0,x27=0x0,x28=0x0,x29=0x7fd3b20190,lr=0x5f5c8f4734,sp=0x7fd3b20180,pc=0x7c0c1d9700]
[15012|15012] event_addr:0x7c0c1d9700 hit_count:151, Regs:
[x0=0x1,x1=0x5f5c8f3598,x2=0x1,x3=0x7fd3b201e8,x4=0x0,x5=0x1414d4c,x6=0x1414d4c,x7=0x0,x8=0x9b504536b1897347,x9=0x9b504536b1897347,x10=0x9b504536b1897347,x11=0x3e8,x12=0x3,x13=0x706f6f6c5f657469,x14=0x7c0fa4e280,x15=0x0,x16=0x5f5c8f5a00,x17=0x7c0c1d9700,x18=0x7c0f35c000,x19=0x5f5c8f470c,x20=0x1,x21=0x1,x22=0x7fd3b20218,x23=0x7fd3b20220,x24=0x0,x25=0x0,x26=0x0,x27=0x0,x28=0x0,x29=0x7fd3b20190,lr=0x5f5c8f4734,sp=0x7fd3b20180,pc=0x7c0c1d9700]
[15012|15012] event_addr:0x7c0c1d9700 hit_count:152, Regs:
[x0=0x1,x1=0x5f5c8f3598,x2=0x1,x3=0x7fd3b201e8,x4=0x0,x5=0x1414d4c,x6=0x1414d4c,x7=0x0,x8=0x9b504536b1897347,x9=0x9b504536b1897347,x10=0x9b504536b1897347,x11=0x3e8,x12=0x3,x13=0x706f6f6c5f657469,x14=0x7c0fa4e280,x15=0x0,x16=0x5f5c8f5a00,x17=0x7c0c1d9700,x18=0x7c0f35c000,x19=0x5f5c8f470c,x20=0x1,x21=0x1,x22=0x7fd3b20218,x23=0x7fd3b20220,x24=0x0,x25=0x0,x26=0x0,x27=0x0,x28=0x0,x29=0x7fd3b20190,lr=0x5f5c8f4734,sp=0x7fd3b20180,pc=0x7c0c1d9700]
[15012|15012] event_addr:0x7c0c1d9700 hit_count:153, Regs:
[x0=0x1,x1=0x5f5c8f3598,x2=0x1,x3=0x7fd3b201e8,x4=0x0,x5=0x1414d4c,x6=0x1414d4c,x7=0x0,x8=0x9b504536b1897347,x9=0x9b504536b1897347,x10=0x9b504536b1897347,x11=0x3e8,x12=0x3,x13=0x706f6f6c5f657469,x14=0x7c0fa4e280,x15=0x0,x16=0x5f5c8f5a00,x17=0x7c0c1d9700,x18=0x7c0f35c000,x19=0x5f5c8f470c,x20=0x1,x21=0x1,x22=0x7fd3b20218,x23=0x7fd3b20220,x24=0x0,x25=0x0,x26=0x0,x27=0x0,x28=0x0,x29=0x7fd3b20190,lr=0x5f5c8f4734,sp=0x7fd3b20180,pc=0x7c0c1d9700]
[15012|15012] event_addr:0x7c0c1d9700 hit_count:154, Regs:
[x0=0x1,x1=0x5f5c8f3598,x2=0x1,x3=0x7fd3b201e8,x4=0x0,x5=0x1414d4c,x6=0x1414d4c,x7=0x0,x8=0x9b504536b1897347,x9=0x9b504536b1897347,x10=0x9b504536b1897347,x11=0x3e8,x12=0x3,x13=0x706f6f6c5f657469,x14=0x7c0fa4e280,x15=0x0,x16=0x5f5c8f5a00,x17=0x7c0c1d9700,x18=0x7c0f35c000,x19=0x5f5c8f470c,x20=0x1,x21=0x1,x22=0x7fd3b20218,x23=0x7fd3b20220,x24=0x0,x25=0x0,x26=0x0,x27=0x0,x28=0x0,x29=0x7fd3b20190,lr=0x5f5c8f4734,sp=0x7fd3b20180,pc=0x7c0c1d9700]
[15012|15012] event_addr:0x7c0c1d9700 hit_count:155, Regs:
[x0=0x1,x1=0x5f5c8f3598,x2=0x1,x3=0x7fd3b201e8,x4=0x0,x5=0x1414d4c,x6=0x1414d4c,x7=0x0,x8=0x9b504536b1897347,x9=0x9b504536b1897347,x10=0x9b504536b1897347,x11=0x3e8,x12=0x3,x13=0x706f6f6c5f657469,x14=0x7c0fa4e280,x15=0x0,x16=0x5f5c8f5a00,x17=0x7c0c1d9700,x18=0x7c0f35c000,x19=0x5f5c8f470c,x20=0x1,x21=0x1,x22=0x7fd3b20218,x23=0x7fd3b20220,x24=0x0,x25=0x0,x26=0x0,x27=0x0,x28=0x0,x29=0x7fd3b20190,lr=0x5f5c8f4734,sp=0x7fd3b20180,pc=0x7c0c1d9700]
[15012|15012] event_addr:0x7c0c1d9700 hit_count:156, Regs:
[x0=0x1,x1=0x5f5c8f3598,x2=0x1,x3=0x7fd3b201e8,x4=0x0,x5=0x1414d4c,x6=0x1414d4c,x7=0x0,x8=0x9b504536b1897347,x9=0x9b504536b1897347,x10=0x9b504536b1897347,x11=0x3e8,x12=0x3,x13=0x706f6f6c5f657469,x14=0x7c0fa4e280,x15=0x0,x16=0x5f5c8f5a00,x17=0x7c0c1d9700,x18=0x7c0f35c000,x19=0x5f5c8f470c,x20=0x1,x21=0x1,x22=0x7fd3b20218,x23=0x7fd3b20220,x24=0x0,x25=0x0,x26=0x0,x27=0x0,x28=0x0,x29=0x7fd3b20190,lr=0x5f5c8f4734,sp=0x7fd3b20180,pc=0x7c0c1d9700]
[15012|15012] event_addr:0x7c0c1d9700 hit_count:157, Regs:
[x0=0x1,x1=0x5f5c8f3598,x2=0x1,x3=0x7fd3b201e8,x4=0x0,x5=0x1414d4c,x6=0x1414d4c,x7=0x0,x8=0x9b504536b1897347,x9=0x9b504536b1897347,x10=0x9b504536b1897347,x11=0x3e8,x12=0x3,x13=0x706f6f6c5f657469,x14=0x7c0fa4e280,x15=0x0,x16=0x5f5c8f5a00,x17=0x7c0c1d9700,x18=0x7c0f35c000,x19=0x5f5c8f470c,x20=0x1,x21=0x1,x22=0x7fd3b20218,x23=0x7fd3b20220,x24=0x0,x25=0x0,x26=0x0,x27=0x0,x28=0x0,x29=0x7fd3b20190,lr=0x5f5c8f4734,sp=0x7fd3b20180,pc=0x7c0c1d9700]
[15012|15012] event_addr:0x7c0c1d9700 hit_count:158, Regs:
[x0=0x1,x1=0x5f5c8f3598,x2=0x1,x3=0x7fd3b201e8,x4=0x0,x5=0x1414d4c,x6=0x1414d4c,x7=0x0,x8=0x9b504536b1897347,x9=0x9b504536b1897347,x10=0x9b504536b1897347,x11=0x3e8,x12=0x3,x13=0x706f6f6c5f657469,x14=0x7c0fa4e280,x15=0x0,x16=0x5f5c8f5a00,x17=0x7c0c1d9700,x18=0x7c0f35c000,x19=0x5f5c8f470c,x20=0x1,x21=0x1,x22=0x7fd3b20218,x23=0x7fd3b20220,x24=0x0,x25=0x0,x26=0x0,x27=0x0,x28=0x0,x29=0x7fd3b20190,lr=0x5f5c8f4734,sp=0x7fd3b20180,pc=0x7c0c1d9700]
[15012|15012] event_addr:0x7c0c1d9700 hit_count:159, Regs:
[x0=0x1,x1=0x5f5c8f3598,x2=0x1,x3=0x7fd3b201e8,x4=0x0,x5=0x1414d4c,x6=0x1414d4c,x7=0x0,x8=0x9b504536b1897347,x9=0x9b504536b1897347,x10=0x9b504536b1897347,x11=0x3e8,x12=0x3,x13=0x706f6f6c5f657469,x14=0x7c0fa4e280,x15=0x0,x16=0x5f5c8f5a00,x17=0x7c0c1d9700,x18=0x7c0f35c000,x19=0x5f5c8f470c,x20=0x1,x21=0x1,x22=0x7fd3b20218,x23=0x7fd3b20220,x24=0x0,x25=0x0,x26=0x0,x27=0x0,x28=0x0,x29=0x7fd3b20190,lr=0x5f5c8f4734,sp=0x7fd3b20180,pc=0x7c0c1d9700]
[15012|15012] event_addr:0x7c0c1d9700 hit_count:160, Regs:
[x0=0x1,x1=0x5f5c8f3598,x2=0x1,x3=0x7fd3b201e8,x4=0x0,x5=0x1414d4c,x6=0x1414d4c,x7=0x0,x8=0x9b504536b1897347,x9=0x9b504536b1897347,x10=0x9b504536b1897347,x11=0x3e8,x12=0x3,x13=0x706f6f6c5f657469,x14=0x7c0fa4e280,x15=0x0,x16=0x5f5c8f5a00,x17=0x7c0c1d9700,x18=0x7c0f35c000,x19=0x5f5c8f470c,x20=0x1,x21=0x1,x22=0x7fd3b20218,x23=0x7fd3b20220,x24=0x0,x25=0x0,x26=0x0,x27=0x0,x28=0x0,x29=0x7fd3b20190,lr=0x5f5c8f4734,sp=0x7fd3b20180,pc=0x7c0c1d9700]
[15012|15012] event_addr:0x7c0c1d9700 hit_count:161, Regs:
[x0=0x1,x1=0x5f5c8f3598,x2=0x1,x3=0x7fd3b201e8,x4=0x0,x5=0x1414d4c,x6=0x1414d4c,x7=0x0,x8=0x9b504536b1897347,x9=0x9b504536b1897347,x10=0x9b504536b1897347,x11=0x3e8,x12=0x3,x13=0x706f6f6c5f657469,x14=0x7c0fa4e280,x15=0x0,x16=0x5f5c8f5a00,x17=0x7c0c1d9700,x18=0x7c0f35c000,x19=0x5f5c8f470c,x20=0x1,x21=0x1,x22=0x7fd3b20218,x23=0x7fd3b20220,x24=0x0,x25=0x0,x26=0x0,x27=0x0,x28=0x0,x29=0x7fd3b20190,lr=0x5f5c8f4734,sp=0x7fd3b20180,pc=0x7c0c1d9700]
[15012|15012] event_addr:0x7c0c1d9700 hit_count:162, Regs:
[x0=0x1,x1=0x5f5c8f3598,x2=0x1,x3=0x7fd3b201e8,x4=0x0,x5=0x1414d4c,x6=0x1414d4c,x7=0x0,x8=0x9b504536b1897347,x9=0x9b504536b1897347,x10=0x9b504536b1897347,x11=0x3e8,x12=0x3,x13=0x706f6f6c5f657469,x14=0x7c0fa4e280,x15=0x0,x16=0x5f5c8f5a00,x17=0x7c0c1d9700,x18=0x7c0f35c000,x19=0x5f5c8f470c,x20=0x1,x21=0x1,x22=0x7fd3b20218,x23=0x7fd3b20220,x24=0x0,x25=0x0,x26=0x0,x27=0x0,x28=0x0,x29=0x7fd3b20190,lr=0x5f5c8f4734,sp=0x7fd3b20180,pc=0x7c0c1d9700]
[15012|15012] event_addr:0x7c0c1d9700 hit_count:163, Regs:
[x0=0x1,x1=0x5f5c8f3598,x2=0x1,x3=0x7fd3b201e8,x4=0x0,x5=0x1414d4c,x6=0x1414d4c,x7=0x0,x8=0x9b504536b1897347,x9=0x9b504536b1897347,x10=0x9b504536b1897347,x11=0x3e8,x12=0x3,x13=0x706f6f6c5f657469,x14=0x7c0fa4e280,x15=0x0,x16=0x5f5c8f5a00,x17=0x7c0c1d9700,x18=0x7c0f35c000,x19=0x5f5c8f470c,x20=0x1,x21=0x1,x22=0x7fd3b20218,x23=0x7fd3b20220,x24=0x0,x25=0x0,x26=0x0,x27=0x0,x28=0x0,x29=0x7fd3b20190,lr=0x5f5c8f4734,sp=0x7fd3b20180,pc=0x7c0c1d9700]
[15012|15012] event_addr:0x7c0c1d9700 hit_count:164, Regs:
[x0=0x1,x1=0x5f5c8f3598,x2=0x1,x3=0x7fd3b201e8,x4=0x0,x5=0x1414d4c,x6=0x1414d4c,x7=0x0,x8=0x9b504536b1897347,x9=0x9b504536b1897347,x10=0x9b504536b1897347,x11=0x3e8,x12=0x3,x13=0x706f6f6c5f657469,x14=0x7c0fa4e280,x15=0x0,x16=0x5f5c8f5a00,x17=0x7c0c1d9700,x18=0x7c0f35c000,x19=0x5f5c8f470c,x20=0x1,x21=0x1,x22=0x7fd3b20218,x23=0x7fd3b20220,x24=0x0,x25=0x0,x26=0x0,x27=0x0,x28=0x0,x29=0x7fd3b20190,lr=0x5f5c8f4734,sp=0x7fd3b20180,pc=0x7c0c1d9700]
[15012|15012] event_addr:0x7c0c1d9700 hit_count:165, Regs:
[x0=0x1,x1=0x5f5c8f3598,x2=0x1,x3=0x7fd3b201e8,x4=0x0,x5=0x1414d4c,x6=0x1414d4c,x7=0x0,x8=0x9b504536b1897347,x9=0x9b504536b1897347,x10=0x9b504536b1897347,x11=0x3e8,x12=0x3,x13=0x706f6f6c5f657469,x14=0x7c0fa4e280,x15=0x0,x16=0x5f5c8f5a00,x17=0x7c0c1d9700,x18=0x7c0f35c000,x19=0x5f5c8f470c,x20=0x1,x21=0x1,x22=0x7fd3b20218,x23=0x7fd3b20220,x24=0x0,x25=0x0,x26=0x0,x27=0x0,x28=0x0,x29=0x7fd3b20190,lr=0x5f5c8f4734,sp=0x7fd3b20180,pc=0x7c0c1d9700]
[15012|15012] event_addr:0x7c0c1d9700 hit_count:166, Regs:
[x0=0x1,x1=0x5f5c8f3598,x2=0x1,x3=0x7fd3b201e8,x4=0x0,x5=0x1414d4c,x6=0x1414d4c,x7=0x0,x8=0x9b504536b1897347,x9=0x9b504536b1897347,x10=0x9b504536b1897347,x11=0x3e8,x12=0x3,x13=0x706f6f6c5f657469,x14=0x7c0fa4e280,x15=0x0,x16=0x5f5c8f5a00,x17=0x7c0c1d9700,x18=0x7c0f35c000,x19=0x5f5c8f470c,x20=0x1,x21=0x1,x22=0x7fd3b20218,x23=0x7fd3b20220,x24=0x0,x25=0x0,x26=0x0,x27=0x0,x28=0x0,x29=0x7fd3b20190,lr=0x5f5c8f4734,sp=0x7fd3b20180,pc=0x7c0c1d9700]
[15012|15012] event_addr:0x7c0c1d9700 hit_count:167, Regs:
[x0=0x1,x1=0x5f5c8f3598,x2=0x1,x3=0x7fd3b201e8,x4=0x0,x5=0x1414d4c,x6=0x1414d4c,x7=0x0,x8=0x9b504536b1897347,x9=0x9b504536b1897347,x10=0x9b504536b1897347,x11=0x3e8,x12=0x3,x13=0x706f6f6c5f657469,x14=0x7c0fa4e280,x15=0x0,x16=0x5f5c8f5a00,x17=0x7c0c1d9700,x18=0x7c0f35c000,x19=0x5f5c8f470c,x20=0x1,x21=0x1,x22=0x7fd3b20218,x23=0x7fd3b20220,x24=0x0,x25=0x0,x26=0x0,x27=0x0,x28=0x0,x29=0x7fd3b20190,lr=0x5f5c8f4734,sp=0x7fd3b20180,pc=0x7c0c1d9700]
[15012|15012] event_addr:0x7c0c1d9700 hit_count:168, Regs:
[x0=0x1,x1=0x5f5c8f3598,x2=0x1,x3=0x7fd3b201e8,x4=0x0,x5=0x1414d4c,x6=0x1414d4c,x7=0x0,x8=0x9b504536b1897347,x9=0x9b504536b1897347,x10=0x9b504536b1897347,x11=0x3e8,x12=0x3,x13=0x706f6f6c5f657469,x14=0x7c0fa4e280,x15=0x0,x16=0x5f5c8f5a00,x17=0x7c0c1d9700,x18=0x7c0f35c000,x19=0x5f5c8f470c,x20=0x1,x21=0x1,x22=0x7fd3b20218,x23=0x7fd3b20220,x24=0x0,x25=0x0,x26=0x0,x27=0x0,x28=0x0,x29=0x7fd3b20190,lr=0x5f5c8f4734,sp=0x7fd3b20180,pc=0x7c0c1d9700]
[15012|15012] event_addr:0x7c0c1d9700 hit_count:169, Regs:
[x0=0x1,x1=0x5f5c8f3598,x2=0x1,x3=0x7fd3b201e8,x4=0x0,x5=0x1414d4c,x6=0x1414d4c,x7=0x0,x8=0x9b504536b1897347,x9=0x9b504536b1897347,x10=0x9b504536b1897347,x11=0x3e8,x12=0x3,x13=0x706f6f6c5f657469,x14=0x7c0fa4e280,x15=0x0,x16=0x5f5c8f5a00,x17=0x7c0c1d9700,x18=0x7c0f35c000,x19=0x5f5c8f470c,x20=0x1,x21=0x1,x22=0x7fd3b20218,x23=0x7fd3b20220,x24=0x0,x25=0x0,x26=0x0,x27=0x0,x28=0x0,x29=0x7fd3b20190,lr=0x5f5c8f4734,sp=0x7fd3b20180,pc=0x7c0c1d9700]
[15012|15012] event_addr:0x7c0c1d9700 hit_count:170, Regs:
[x0=0x1,x1=0x5f5c8f3598,x2=0x1,x3=0x7fd3b201e8,x4=0x0,x5=0x1414d4c,x6=0x1414d4c,x7=0x0,x8=0x9b504536b1897347,x9=0x9b504536b1897347,x10=0x9b504536b1897347,x11=0x3e8,x12=0x3,x13=0x706f6f6c5f657469,x14=0x7c0fa4e280,x15=0x0,x16=0x5f5c8f5a00,x17=0x7c0c1d9700,x18=0x7c0f35c000,x19=0x5f5c8f470c,x20=0x1,x21=0x1,x22=0x7fd3b20218,x23=0x7fd3b20220,x24=0x0,x25=0x0,x26=0x0,x27=0x0,x28=0x0,x29=0x7fd3b20190,lr=0x5f5c8f4734,sp=0x7fd3b20180,pc=0x7c0c1d9700]
[15012|15012] event_addr:0x7c0c1d9700 hit_count:171, Regs:
[x0=0x1,x1=0x5f5c8f3598,x2=0x1,x3=0x7fd3b201e8,x4=0x0,x5=0x1414d4c,x6=0x1414d4c,x7=0x0,x8=0x9b504536b1897347,x9=0x9b504536b1897347,x10=0x9b504536b1897347,x11=0x3e8,x12=0x3,x13=0x706f6f6c5f657469,x14=0x7c0fa4e280,x15=0x0,x16=0x5f5c8f5a00,x17=0x7c0c1d9700,x18=0x7c0f35c000,x19=0x5f5c8f470c,x20=0x1,x21=0x1,x22=0x7fd3b20218,x23=0x7fd3b20220,x24=0x0,x25=0x0,x26=0x0,x27=0x0,x28=0x0,x29=0x7fd3b20190,lr=0x5f5c8f4734,sp=0x7fd3b20180,pc=0x7c0c1d9700]
[15012|15012] event_addr:0x7c0c1d9700 hit_count:172, Regs:
[x0=0x1,x1=0x5f5c8f3598,x2=0x1,x3=0x7fd3b201e8,x4=0x0,x5=0x1414d4c,x6=0x1414d4c,x7=0x0,x8=0x9b504536b1897347,x9=0x9b504536b1897347,x10=0x9b504536b1897347,x11=0x3e8,x12=0x3,x13=0x706f6f6c5f657469,x14=0x7c0fa4e280,x15=0x0,x16=0x5f5c8f5a00,x17=0x7c0c1d9700,x18=0x7c0f35c000,x19=0x5f5c8f470c,x20=0x1,x21=0x1,x22=0x7fd3b20218,x23=0x7fd3b20220,x24=0x0,x25=0x0,x26=0x0,x27=0x0,x28=0x0,x29=0x7fd3b20190,lr=0x5f5c8f4734,sp=0x7fd3b20180,pc=0x7c0c1d9700]
[15012|15012] event_addr:0x7c0c1d9700 hit_count:173, Regs:
[x0=0x1,x1=0x5f5c8f3598,x2=0x1,x3=0x7fd3b201e8,x4=0x0,x5=0x1414d4c,x6=0x1414d4c,x7=0x0,x8=0x9b504536b1897347,x9=0x9b504536b1897347,x10=0x9b504536b1897347,x11=0x3e8,x12=0x3,x13=0x706f6f6c5f657469,x14=0x7c0fa4e280,x15=0x0,x16=0x5f5c8f5a00,x17=0x7c0c1d9700,x18=0x7c0f35c000,x19=0x5f5c8f470c,x20=0x1,x21=0x1,x22=0x7fd3b20218,x23=0x7fd3b20220,x24=0x0,x25=0x0,x26=0x0,x27=0x0,x28=0x0,x29=0x7fd3b20190,lr=0x5f5c8f4734,sp=0x7fd3b20180,pc=0x7c0c1d9700]
[15012|15012] event_addr:0x7c0c1d9700 hit_count:174, Regs:
[x0=0x1,x1=0x5f5c8f3598,x2=0x1,x3=0x7fd3b201e8,x4=0x0,x5=0x1414d4c,x6=0x1414d4c,x7=0x0,x8=0x9b504536b1897347,x9=0x9b504536b1897347,x10=0x9b504536b1897347,x11=0x3e8,x12=0x3,x13=0x706f6f6c5f657469,x14=0x7c0fa4e280,x15=0x0,x16=0x5f5c8f5a00,x17=0x7c0c1d9700,x18=0x7c0f35c000,x19=0x5f5c8f470c,x20=0x1,x21=0x1,x22=0x7fd3b20218,x23=0x7fd3b20220,x24=0x0,x25=0x0,x26=0x0,x27=0x0,x28=0x0,x29=0x7fd3b20190,lr=0x5f5c8f4734,sp=0x7fd3b20180,pc=0x7c0c1d9700]
[15012|15012] event_addr:0x7c0c1d9700 hit_count:175, Regs:
[x0=0x1,x1=0x5f5c8f3598,x2=0x1,x3=0x7fd3b201e8,x4=0x0,x5=0x1414d4c,x6=0x1414d4c,x7=0x0,x8=0x9b504536b1897347,x9=0x9b504536b1897347,x10=0x9b504536b1897347,x11=0x3e8,x12=0x3,x13=0x706f6f6c5f657469,x14=0x7c0fa4e280,x15=0x0,x16=0x5f5c8f5a00,x17=0x7c0c1d9700,x18=0x7c0f35c000,x19=0x5f5c8f470c,x20=0x1,x21=0x1,x22=0x7fd3b20218,x23=0x7fd3b20220,x24=0x0,x25=0x0,x26=0x0,x27=0x0,x28=0x0,x29=0x7fd3b20190,lr=0x5f5c8f4734,sp=0x7fd3b20180,pc=0x7c0c1d9700]
[15012|15012] event_addr:0x7c0c1d9700 hit_count:176, Regs:
[x0=0x1,x1=0x5f5c8f3598,x2=0x1,x3=0x7fd3b201e8,x4=0x0,x5=0x1414d4c,x6=0x1414d4c,x7=0x0,x8=0x9b504536b1897347,x9=0x9b504536b1897347,x10=0x9b504536b1897347,x11=0x3e8,x12=0x3,x13=0x706f6f6c5f657469,x14=0x7c0fa4e280,x15=0x0,x16=0x5f5c8f5a00,x17=0x7c0c1d9700,x18=0x7c0f35c000,x19=0x5f5c8f470c,x20=0x1,x21=0x1,x22=0x7fd3b20218,x23=0x7fd3b20220,x24=0x0,x25=0x0,x26=0x0,x27=0x0,x28=0x0,x29=0x7fd3b20190,lr=0x5f5c8f4734,sp=0x7fd3b20180,pc=0x7c0c1d9700]
[15012|15012] event_addr:0x7c0c1d9700 hit_count:177, Regs:
[x0=0x1,x1=0x5f5c8f3598,x2=0x1,x3=0x7fd3b201e8,x4=0x0,x5=0x1414d4c,x6=0x1414d4c,x7=0x0,x8=0x9b504536b1897347,x9=0x9b504536b1897347,x10=0x9b504536b1897347,x11=0x3e8,x12=0x3,x13=0x706f6f6c5f657469,x14=0x7c0fa4e280,x15=0x0,x16=0x5f5c8f5a00,x17=0x7c0c1d9700,x18=0x7c0f35c000,x19=0x5f5c8f470c,x20=0x1,x21=0x1,x22=0x7fd3b20218,x23=0x7fd3b20220,x24=0x0,x25=0x0,x26=0x0,x27=0x0,x28=0x0,x29=0x7fd3b20190,lr=0x5f5c8f4734,sp=0x7fd3b20180,pc=0x7c0c1d9700]
[15012|15012] event_addr:0x7c0c1d9700 hit_count:178, Regs:
[x0=0x1,x1=0x5f5c8f3598,x2=0x1,x3=0x7fd3b201e8,x4=0x0,x5=0x1414d4c,x6=0x1414d4c,x7=0x0,x8=0x9b504536b1897347,x9=0x9b504536b1897347,x10=0x9b504536b1897347,x11=0x3e8,x12=0x3,x13=0x706f6f6c5f657469,x14=0x7c0fa4e280,x15=0x0,x16=0x5f5c8f5a00,x17=0x7c0c1d9700,x18=0x7c0f35c000,x19=0x5f5c8f470c,x20=0x1,x21=0x1,x22=0x7fd3b20218,x23=0x7fd3b20220,x24=0x0,x25=0x0,x26=0x0,x27=0x0,x28=0x0,x29=0x7fd3b20190,lr=0x5f5c8f4734,sp=0x7fd3b20180,pc=0x7c0c1d9700]
[15012|15012] event_addr:0x7c0c1d9700 hit_count:179, Regs:
[x0=0x1,x1=0x5f5c8f3598,x2=0x1,x3=0x7fd3b201e8,x4=0x0,x5=0x1414d4c,x6=0x1414d4c,x7=0x0,x8=0x9b504536b1897347,x9=0x9b504536b1897347,x10=0x9b504536b1897347,x11=0x3e8,x12=0x3,x13=0x706f6f6c5f657469,x14=0x7c0fa4e280,x15=0x0,x16=0x5f5c8f5a00,x17=0x7c0c1d9700,x18=0x7c0f35c000,x19=0x5f5c8f470c,x20=0x1,x21=0x1,x22=0x7fd3b20218,x23=0x7fd3b20220,x24=0x0,x25=0x0,x26=0x0,x27=0x0,x28=0x0,x29=0x7fd3b20190,lr=0x5f5c8f4734,sp=0x7fd3b20180,pc=0x7c0c1d9700]
[15012|15012] event_addr:0x7c0c1d9700 hit_count:180, Regs:
[x0=0x1,x1=0x5f5c8f3598,x2=0x1,x3=0x7fd3b201e8,x4=0x0,x5=0x1414d4c,x6=0x1414d4c,x7=0x0,x8=0x9b504536b1897347,x9=0x9b504536b1897347,x10=0x9b504536b1897347,x11=0x3e8,x12=0x3,x13=0x706f6f6c5f657469,x14=0x7c0fa4e280,x15=0x0,x16=0x5f5c8f5a00,x17=0x7c0c1d9700,x18=0x7c0f35c000,x19=0x5f5c8f470c,x20=0x1,x21=0x1,x22=0x7fd3b20218,x23=0x7fd3b20220,x24=0x0,x25=0x0,x26=0x0,x27=0x0,x28=0x0,x29=0x7fd3b20190,lr=0x5f5c8f4734,sp=0x7fd3b20180,pc=0x7c0c1d9700]
[15012|15012] event_addr:0x7c0c1d9700 hit_count:181, Regs:
[x0=0x1,x1=0x5f5c8f3598,x2=0x1,x3=0x7fd3b201e8,x4=0x0,x5=0x1414d4c,x6=0x1414d4c,x7=0x0,x8=0x9b504536b1897347,x9=0x9b504536b1897347,x10=0x9b504536b1897347,x11=0x3e8,x12=0x3,x13=0x706f6f6c5f657469,x14=0x7c0fa4e280,x15=0x0,x16=0x5f5c8f5a00,x17=0x7c0c1d9700,x18=0x7c0f35c000,x19=0x5f5c8f470c,x20=0x1,x21=0x1,x22=0x7fd3b20218,x23=0x7fd3b20220,x24=0x0,x25=0x0,x26=0x0,x27=0x0,x28=0x0,x29=0x7fd3b20190,lr=0x5f5c8f4734,sp=0x7fd3b20180,pc=0x7c0c1d9700]
[15012|15012] event_addr:0x7c0c1d9700 hit_count:182, Regs:
[x0=0x1,x1=0x5f5c8f3598,x2=0x1,x3=0x7fd3b201e8,x4=0x0,x5=0x1414d4c,x6=0x1414d4c,x7=0x0,x8=0x9b504536b1897347,x9=0x9b504536b1897347,x10=0x9b504536b1897347,x11=0x3e8,x12=0x3,x13=0x706f6f6c5f657469,x14=0x7c0fa4e280,x15=0x0,x16=0x5f5c8f5a00,x17=0x7c0c1d9700,x18=0x7c0f35c000,x19=0x5f5c8f470c,x20=0x1,x21=0x1,x22=0x7fd3b20218,x23=0x7fd3b20220,x24=0x0,x25=0x0,x26=0x0,x27=0x0,x28=0x0,x29=0x7fd3b20190,lr=0x5f5c8f4734,sp=0x7fd3b20180,pc=0x7c0c1d9700]
[15012|15012] event_addr:0x7c0c1d9700 hit_count:183, Regs:
[x0=0x1,x1=0x5f5c8f3598,x2=0x1,x3=0x7fd3b201e8,x4=0x0,x5=0x1414d4c,x6=0x1414d4c,x7=0x0,x8=0x9b504536b1897347,x9=0x9b504536b1897347,x10=0x9b504536b1897347,x11=0x3e8,x12=0x3,x13=0x706f6f6c5f657469,x14=0x7c0fa4e280,x15=0x0,x16=0x5f5c8f5a00,x17=0x7c0c1d9700,x18=0x7c0f35c000,x19=0x5f5c8f470c,x20=0x1,x21=0x1,x22=0x7fd3b20218,x23=0x7fd3b20220,x24=0x0,x25=0x0,x26=0x0,x27=0x0,x28=0x0,x29=0x7fd3b20190,lr=0x5f5c8f4734,sp=0x7fd3b20180,pc=0x7c0c1d9700]
[15012|15012] event_addr:0x7c0c1d9700 hit_count:184, Regs:
[x0=0x1,x1=0x5f5c8f3598,x2=0x1,x3=0x7fd3b201e8,x4=0x0,x5=0x1414d4c,x6=0x1414d4c,x7=0x0,x8=0x9b504536b1897347,x9=0x9b504536b1897347,x10=0x9b504536b1897347,x11=0x3e8,x12=0x3,x13=0x706f6f6c5f657469,x14=0x7c0fa4e280,x15=0x0,x16=0x5f5c8f5a00,x17=0x7c0c1d9700,x18=0x7c0f35c000,x19=0x5f5c8f470c,x20=0x1,x21=0x1,x22=0x7fd3b20218,x23=0x7fd3b20220,x24=0x0,x25=0x0,x26=0x0,x27=0x0,x28=0x0,x29=0x7fd3b20190,lr=0x5f5c8f4734,sp=0x7fd3b20180,pc=0x7c0c1d9700]
[15012|15012] event_addr:0x7c0c1d9700 hit_count:185, Regs:
[x0=0x1,x1=0x5f5c8f3598,x2=0x1,x3=0x7fd3b201e8,x4=0x0,x5=0x1414d4c,x6=0x1414d4c,x7=0x0,x8=0x9b504536b1897347,x9=0x9b504536b1897347,x10=0x9b504536b1897347,x11=0x3e8,x12=0x3,x13=0x706f6f6c5f657469,x14=0x7c0fa4e280,x15=0x0,x16=0x5f5c8f5a00,x17=0x7c0c1d9700,x18=0x7c0f35c000,x19=0x5f5c8f470c,x20=0x1,x21=0x1,x22=0x7fd3b20218,x23=0x7fd3b20220,x24=0x0,x25=0x0,x26=0x0,x27=0x0,x28=0x0,x29=0x7fd3b20190,lr=0x5f5c8f4734,sp=0x7fd3b20180,pc=0x7c0c1d9700]
[15012|15012] event_addr:0x7c0c1d9700 hit_count:186, Regs:
[x0=0x1,x1=0x5f5c8f3598,x2=0x1,x3=0x7fd3b201e8,x4=0x0,x5=0x1414d4c,x6=0x1414d4c,x7=0x0,x8=0x9b504536b1897347,x9=0x9b504536b1897347,x10=0x9b504536b1897347,x11=0x3e8,x12=0x3,x13=0x706f6f6c5f657469,x14=0x7c0fa4e280,x15=0x0,x16=0x5f5c8f5a00,x17=0x7c0c1d9700,x18=0x7c0f35c000,x19=0x5f5c8f470c,x20=0x1,x21=0x1,x22=0x7fd3b20218,x23=0x7fd3b20220,x24=0x0,x25=0x0,x26=0x0,x27=0x0,x28=0x0,x29=0x7fd3b20190,lr=0x5f5c8f4734,sp=0x7fd3b20180,pc=0x7c0c1d9700]
[15012|15012] event_addr:0x7c0c1d9700 hit_count:187, Regs:
[x0=0x1,x1=0x5f5c8f3598,x2=0x1,x3=0x7fd3b201e8,x4=0x0,x5=0x1414d4c,x6=0x1414d4c,x7=0x0,x8=0x9b504536b1897347,x9=0x9b504536b1897347,x10=0x9b504536b1897347,x11=0x3e8,x12=0x3,x13=0x706f6f6c5f657469,x14=0x7c0fa4e280,x15=0x0,x16=0x5f5c8f5a00,x17=0x7c0c1d9700,x18=0x7c0f35c000,x19=0x5f5c8f470c,x20=0x1,x21=0x1,x22=0x7fd3b20218,x23=0x7fd3b20220,x24=0x0,x25=0x0,x26=0x0,x27=0x0,x28=0x0,x29=0x7fd3b20190,lr=0x5f5c8f4734,sp=0x7fd3b20180,pc=0x7c0c1d9700]
[15012|15012] event_addr:0x7c0c1d9700 hit_count:188, Regs:
[x0=0x1,x1=0x5f5c8f3598,x2=0x1,x3=0x7fd3b201e8,x4=0x0,x5=0x1414d4c,x6=0x1414d4c,x7=0x0,x8=0x9b504536b1897347,x9=0x9b504536b1897347,x10=0x9b504536b1897347,x11=0x3e8,x12=0x3,x13=0x706f6f6c5f657469,x14=0x7c0fa4e280,x15=0x0,x16=0x5f5c8f5a00,x17=0x7c0c1d9700,x18=0x7c0f35c000,x19=0x5f5c8f470c,x20=0x1,x21=0x1,x22=0x7fd3b20218,x23=0x7fd3b20220,x24=0x0,x25=0x0,x26=0x0,x27=0x0,x28=0x0,x29=0x7fd3b20190,lr=0x5f5c8f4734,sp=0x7fd3b20180,pc=0x7c0c1d9700]
[15012|15012] event_addr:0x7c0c1d9700 hit_count:189, Regs:
[x0=0x1,x1=0x5f5c8f3598,x2=0x1,x3=0x7fd3b201e8,x4=0x0,x5=0x1414d4c,x6=0x1414d4c,x7=0x0,x8=0x9b504536b1897347,x9=0x9b504536b1897347,x10=0x9b504536b1897347,x11=0x3e8,x12=0x3,x13=0x706f6f6c5f657469,x14=0x7c0fa4e280,x15=0x0,x16=0x5f5c8f5a00,x17=0x7c0c1d9700,x18=0x7c0f35c000,x19=0x5f5c8f470c,x20=0x1,x21=0x1,x22=0x7fd3b20218,x23=0x7fd3b20220,x24=0x0,x25=0x0,x26=0x0,x27=0x0,x28=0x0,x29=0x7fd3b20190,lr=0x5f5c8f4734,sp=0x7fd3b20180,pc=0x7c0c1d9700]
[15012|15012] event_addr:0x7c0c1d9700 hit_count:190, Regs:
[x0=0x1,x1=0x5f5c8f3598,x2=0x1,x3=0x7fd3b201e8,x4=0x0,x5=0x1414d4c,x6=0x1414d4c,x7=0x0,x8=0x9b504536b1897347,x9=0x9b504536b1897347,x10=0x9b504536b1897347,x11=0x3e8,x12=0x3,x13=0x706f6f6c5f657469,x14=0x7c0fa4e280,x15=0x0,x16=0x5f5c8f5a00,x17=0x7c0c1d9700,x18=0x7c0f35c000,x19=0x5f5c8f470c,x20=0x1,x21=0x1,x22=0x7fd3b20218,x23=0x7fd3b20220,x24=0x0,x25=0x0,x26=0x0,x27=0x0,x28=0x0,x29=0x7fd3b20190,lr=0x5f5c8f4734,sp=0x7fd3b20180,pc=0x7c0c1d9700]
[15012|15012] event_addr:0x7c0c1d9700 hit_count:191, Regs:
[x0=0x1,x1=0x5f5c8f3598,x2=0x1,x3=0x7fd3b201e8,x4=0x0,x5=0x1414d4c,x6=0x1414d4c,x7=0x0,x8=0x9b504536b1897347,x9=0x9b504536b1897347,x10=0x9b504536b1897347,x11=0x3e8,x12=0x3,x13=0x706f6f6c5f657469,x14=0x7c0fa4e280,x15=0x0,x16=0x5f5c8f5a00,x17=0x7c0c1d9700,x18=0x7c0f35c000,x19=0x5f5c8f470c,x20=0x1,x21=0x1,x22=0x7fd3b20218,x23=0x7fd3b20220,x24=0x0,x25=0x0,x26=0x0,x27=0x0,x28=0x0,x29=0x7fd3b20190,lr=0x5f5c8f4734,sp=0x7fd3b20180,pc=0x7c0c1d9700]
[15012|15012] event_addr:0x7c0c1d9700 hit_count:192, Regs:
[x0=0x1,x1=0x5f5c8f3598,x2=0x1,x3=0x7fd3b201e8,x4=0x0,x5=0x1414d4c,x6=0x1414d4c,x7=0x0,x8=0x9b504536b1897347,x9=0x9b504536b1897347,x10=0x9b504536b1897347,x11=0x3e8,x12=0x3,x13=0x706f6f6c5f657469,x14=0x7c0fa4e280,x15=0x0,x16=0x5f5c8f5a00,x17=0x7c0c1d9700,x18=0x7c0f35c000,x19=0x5f5c8f470c,x20=0x1,x21=0x1,x22=0x7fd3b20218,x23=0x7fd3b20220,x24=0x0,x25=0x0,x26=0x0,x27=0x0,x28=0x0,x29=0x7fd3b20190,lr=0x5f5c8f4734,sp=0x7fd3b20180,pc=0x7c0c1d9700]
[15012|15012] event_addr:0x7c0c1d9700 hit_count:193, Regs:
[x0=0x1,x1=0x5f5c8f3598,x2=0x1,x3=0x7fd3b201e8,x4=0x0,x5=0x1414d4c,x6=0x1414d4c,x7=0x0,x8=0x9b504536b1897347,x9=0x9b504536b1897347,x10=0x9b504536b1897347,x11=0x3e8,x12=0x3,x13=0x706f6f6c5f657469,x14=0x7c0fa4e280,x15=0x0,x16=0x5f5c8f5a00,x17=0x7c0c1d9700,x18=0x7c0f35c000,x19=0x5f5c8f470c,x20=0x1,x21=0x1,x22=0x7fd3b20218,x23=0x7fd3b20220,x24=0x0,x25=0x0,x26=0x0,x27=0x0,x28=0x0,x29=0x7fd3b20190,lr=0x5f5c8f4734,sp=0x7fd3b20180,pc=0x7c0c1d9700]
[15012|15012] event_addr:0x7c0c1d9700 hit_count:194, Regs:
[x0=0x1,x1=0x5f5c8f3598,x2=0x1,x3=0x7fd3b201e8,x4=0x0,x5=0x1414d4c,x6=0x1414d4c,x7=0x0,x8=0x9b504536b1897347,x9=0x9b504536b1897347,x10=0x9b504536b1897347,x11=0x3e8,x12=0x3,x13=0x706f6f6c5f657469,x14=0x7c0fa4e280,x15=0x0,x16=0x5f5c8f5a00,x17=0x7c0c1d9700,x18=0x7c0f35c000,x19=0x5f5c8f470c,x20=0x1,x21=0x1,x22=0x7fd3b20218,x23=0x7fd3b20220,x24=0x0,x25=0x0,x26=0x0,x27=0x0,x28=0x0,x29=0x7fd3b20190,lr=0x5f5c8f4734,sp=0x7fd3b20180,pc=0x7c0c1d9700]
[15012|15012] event_addr:0x7c0c1d9700 hit_count:195, Regs:
[x0=0x1,x1=0x5f5c8f3598,x2=0x1,x3=0x7fd3b201e8,x4=0x0,x5=0x1414d4c,x6=0x1414d4c,x7=0x0,x8=0x9b504536b1897347,x9=0x9b504536b1897347,x10=0x9b504536b1897347,x11=0x3e8,x12=0x3,x13=0x706f6f6c5f657469,x14=0x7c0fa4e280,x15=0x0,x16=0x5f5c8f5a00,x17=0x7c0c1d9700,x18=0x7c0f35c000,x19=0x5f5c8f470c,x20=0x1,x21=0x1,x22=0x7fd3b20218,x23=0x7fd3b20220,x24=0x0,x25=0x0,x26=0x0,x27=0x0,x28=0x0,x29=0x7fd3b20190,lr=0x5f5c8f4734,sp=0x7fd3b20180,pc=0x7c0c1d9700]
[15012|15012] event_addr:0x7c0c1d9700 hit_count:196, Regs:
[x0=0x1,x1=0x5f5c8f3598,x2=0x1,x3=0x7fd3b201e8,x4=0x0,x5=0x1414d4c,x6=0x1414d4c,x7=0x0,x8=0x9b504536b1897347,x9=0x9b504536b1897347,x10=0x9b504536b1897347,x11=0x3e8,x12=0x3,x13=0x706f6f6c5f657469,x14=0x7c0fa4e280,x15=0x0,x16=0x5f5c8f5a00,x17=0x7c0c1d9700,x18=0x7c0f35c000,x19=0x5f5c8f470c,x20=0x1,x21=0x1,x22=0x7fd3b20218,x23=0x7fd3b20220,x24=0x0,x25=0x0,x26=0x0,x27=0x0,x28=0x0,x29=0x7fd3b20190,lr=0x5f5c8f4734,sp=0x7fd3b20180,pc=0x7c0c1d9700]
[15012|15012] event_addr:0x7c0c1d9700 hit_count:197, Regs:
[x0=0x1,x1=0x5f5c8f3598,x2=0x1,x3=0x7fd3b201e8,x4=0x0,x5=0x1414d4c,x6=0x1414d4c,x7=0x0,x8=0x9b504536b1897347,x9=0x9b504536b1897347,x10=0x9b504536b1897347,x11=0x3e8,x12=0x3,x13=0x706f6f6c5f657469,x14=0x7c0fa4e280,x15=0x0,x16=0x5f5c8f5a00,x17=0x7c0c1d9700,x18=0x7c0f35c000,x19=0x5f5c8f470c,x20=0x1,x21=0x1,x22=0x7fd3b20218,x23=0x7fd3b20220,x24=0x0,x25=0x0,x26=0x0,x27=0x0,x28=0x0,x29=0x7fd3b20190,lr=0x5f5c8f4734,sp=0x7fd3b20180,pc=0x7c0c1d9700]
[15012|15012] event_addr:0x7c0c1d9700 hit_count:198, Regs:
[x0=0x1,x1=0x5f5c8f3598,x2=0x1,x3=0x7fd3b201e8,x4=0x0,x5=0x1414d4c,x6=0x1414d4c,x7=0x0,x8=0x9b504536b1897347,x9=0x9b504536b1897347,x10=0x9b504536b1897347,x11=0x3e8,x12=0x3,x13=0x706f6f6c5f657469,x14=0x7c0fa4e280,x15=0x0,x16=0x5f5c8f5a00,x17=0x7c0c1d9700,x18=0x7c0f35c000,x19=0x5f5c8f470c,x20=0x1,x21=0x1,x22=0x7fd3b20218,x23=0x7fd3b20220,x24=0x0,x25=0x0,x26=0x0,x27=0x0,x28=0x0,x29=0x7fd3b20190,lr=0x5f5c8f4734,sp=0x7fd3b20180,pc=0x7c0c1d9700]
[15012|15012] event_addr:0x7c0c1d9700 hit_count:199, Regs:
[x0=0x1,x1=0x5f5c8f3598,x2=0x1,x3=0x7fd3b201e8,x4=0x0,x5=0x1414d4c,x6=0x1414d4c,x7=0x0,x8=0x9b504536b1897347,x9=0x9b504536b1897347,x10=0x9b504536b1897347,x11=0x3e8,x12=0x3,x13=0x706f6f6c5f657469,x14=0x7c0fa4e280,x15=0x0,x16=0x5f5c8f5a00,x17=0x7c0c1d9700,x18=0x7c0f35c000,x19=0x5f5c8f470c,x20=0x1,x21=0x1,x22=0x7fd3b20218,x23=0x7fd3b20220,x24=0x0,x25=0x0,x26=0x0,x27=0x0,x28=0x0,x29=0x7fd3b20190,lr=0x5f5c8f4734,sp=0x7fd3b20180,pc=0x7c0c1d9700]
[15012|15012] event_addr:0x7c0c1d9700 hit_count:200, Regs:
[x0=0x1,x1=0x5f5c8f3598,x2=0x1,x3=0x7fd3b201e8,x4=0x0,x5=0x1414d4c,x6=0x1414d4c,x7=0x0,x8=0x9b504536b1897347,x9=0x9b504536b1897347,x10=0x9b504536b1897347,x11=0x3e8,x12=0x3,x13=0x706f6f6c5f657469,x14=0x7c0fa4e280,x15=0x0,x16=0x5f5c8f5a00,x17=0x7c0c1d9700,x18=0x7c0f35c000,x19=0x5f5c8f470c,x20=0x1,x21=0x1,x22=0x7fd3b20218,x23=0x7fd3b20220,x24=0x0,x25=0x0,x26=0x0,x27=0x0,x28=0x0,x29=0x7fd3b20190,lr=0x5f5c8f4734,sp=0x7fd3b20180,pc=0x7c0c1d9700]
[15012|15012] event_addr:0x7c0c1d9700 hit_count:201, Regs:
[x0=0x1,x1=0x5f5c8f3598,x2=0x1,x3=0x7fd3b201e8,x4=0x0,x5=0x1414d4c,x6=0x1414d4c,x7=0x0,x8=0x9b504536b1897347,x9=0x9b504536b1897347,x10=0x9b504536b1897347,x11=0x3e8,x12=0x3,x13=0x706f6f6c5f657469,x14=0x7c0fa4e280,x15=0x0,x16=0x5f5c8f5a00,x17=0x7c0c1d9700,x18=0x7c0f35c000,x19=0x5f5c8f470c,x20=0x1,x21=0x1,x22=0x7fd3b20218,x23=0x7fd3b20220,x24=0x0,x25=0x0,x26=0x0,x27=0x0,x28=0x0,x29=0x7fd3b20190,lr=0x5f5c8f4734,sp=0x7fd3b20180,pc=0x7c0c1d9700]
[15012|15012] event_addr:0x7c0c1d9700 hit_count:202, Regs:
[x0=0x1,x1=0x5f5c8f3598,x2=0x1,x3=0x7fd3b201e8,x4=0x0,x5=0x1414d4c,x6=0x1414d4c,x7=0x0,x8=0x9b504536b1897347,x9=0x9b504536b1897347,x10=0x9b504536b1897347,x11=0x3e8,x12=0x3,x13=0x706f6f6c5f657469,x14=0x7c0fa4e280,x15=0x0,x16=0x5f5c8f5a00,x17=0x7c0c1d9700,x18=0x7c0f35c000,x19=0x5f5c8f470c,x20=0x1,x21=0x1,x22=0x7fd3b20218,x23=0x7fd3b20220,x24=0x0,x25=0x0,x26=0x0,x27=0x0,x28=0x0,x29=0x7fd3b20190,lr=0x5f5c8f4734,sp=0x7fd3b20180,pc=0x7c0c1d9700]
[15012|15012] event_addr:0x7c0c1d9700 hit_count:203, Regs:
[x0=0x1,x1=0x5f5c8f3598,x2=0x1,x3=0x7fd3b201e8,x4=0x0,x5=0x1414d4c,x6=0x1414d4c,x7=0x0,x8=0x9b504536b1897347,x9=0x9b504536b1897347,x10=0x9b504536b1897347,x11=0x3e8,x12=0x3,x13=0x706f6f6c5f657469,x14=0x7c0fa4e280,x15=0x0,x16=0x5f5c8f5a00,x17=0x7c0c1d9700,x18=0x7c0f35c000,x19=0x5f5c8f470c,x20=0x1,x21=0x1,x22=0x7fd3b20218,x23=0x7fd3b20220,x24=0x0,x25=0x0,x26=0x0,x27=0x0,x28=0x0,x29=0x7fd3b20190,lr=0x5f5c8f4734,sp=0x7fd3b20180,pc=0x7c0c1d9700]
[15012|15012] event_addr:0x7c0c1d9700 hit_count:204, Regs:
[x0=0x1,x1=0x5f5c8f3598,x2=0x1,x3=0x7fd3b201e8,x4=0x0,x5=0x1414d4c,x6=0x1414d4c,x7=0x0,x8=0x9b504536b1897347,x9=0x9b504536b1897347,x10=0x9b504536b1897347,x11=0x3e8,x12=0x3,x13=0x706f6f6c5f657469,x14=0x7c0fa4e280,x15=0x0,x16=0x5f5c8f5a00,x17=0x7c0c1d9700,x18=0x7c0f35c000,x19=0x5f5c8f470c,x20=0x1,x21=0x1,x22=0x7fd3b20218,x23=0x7fd3b20220,x24=0x0,x25=0x0,x26=0x0,x27=0x0,x28=0x0,x29=0x7fd3b20190,lr=0x5f5c8f4734,sp=0x7fd3b20180,pc=0x7c0c1d9700]
[15012|15012] event_addr:0x7c0c1d9700 hit_count:205, Regs:
[x0=0x1,x1=0x5f5c8f3598,x2=0x1,x3=0x7fd3b201e8,x4=0x0,x5=0x1414d4c,x6=0x1414d4c,x7=0x0,x8=0x9b504536b1897347,x9=0x9b504536b1897347,x10=0x9b504536b1897347,x11=0x3e8,x12=0x3,x13=0x706f6f6c5f657469,x14=0x7c0fa4e280,x15=0x0,x16=0x5f5c8f5a00,x17=0x7c0c1d9700,x18=0x7c0f35c000,x19=0x5f5c8f470c,x20=0x1,x21=0x1,x22=0x7fd3b20218,x23=0x7fd3b20220,x24=0x0,x25=0x0,x26=0x0,x27=0x0,x28=0x0,x29=0x7fd3b20190,lr=0x5f5c8f4734,sp=0x7fd3b20180,pc=0x7c0c1d9700]
[15012|15012] event_addr:0x7c0c1d9700 hit_count:206, Regs:
[x0=0x1,x1=0x5f5c8f3598,x2=0x1,x3=0x7fd3b201e8,x4=0x0,x5=0x1414d4c,x6=0x1414d4c,x7=0x0,x8=0x9b504536b1897347,x9=0x9b504536b1897347,x10=0x9b504536b1897347,x11=0x3e8,x12=0x3,x13=0x706f6f6c5f657469,x14=0x7c0fa4e280,x15=0x0,x16=0x5f5c8f5a00,x17=0x7c0c1d9700,x18=0x7c0f35c000,x19=0x5f5c8f470c,x20=0x1,x21=0x1,x22=0x7fd3b20218,x23=0x7fd3b20220,x24=0x0,x25=0x0,x26=0x0,x27=0x0,x28=0x0,x29=0x7fd3b20190,lr=0x5f5c8f4734,sp=0x7fd3b20180,pc=0x7c0c1d9700]
[15012|15012] event_addr:0x7c0c1d9700 hit_count:207, Regs:
[x0=0x1,x1=0x5f5c8f3598,x2=0x1,x3=0x7fd3b201e8,x4=0x0,x5=0x1414d4c,x6=0x1414d4c,x7=0x0,x8=0x9b504536b1897347,x9=0x9b504536b1897347,x10=0x9b504536b1897347,x11=0x3e8,x12=0x3,x13=0x706f6f6c5f657469,x14=0x7c0fa4e280,x15=0x0,x16=0x5f5c8f5a00,x17=0x7c0c1d9700,x18=0x7c0f35c000,x19=0x5f5c8f470c,x20=0x1,x21=0x1,x22=0x7fd3b20218,x23=0x7fd3b20220,x24=0x0,x25=0x0,x26=0x0,x27=0x0,x28=0x0,x29=0x7fd3b20190,lr=0x5f5c8f4734,sp=0x7fd3b20180,pc=0x7c0c1d9700]
[15012|15012] event_addr:0x7c0c1d9700 hit_count:208, Regs:
[x0=0x1,x1=0x5f5c8f3598,x2=0x1,x3=0x7fd3b201e8,x4=0x0,x5=0x1414d4c,x6=0x1414d4c,x7=0x0,x8=0x9b504536b1897347,x9=0x9b504536b1897347,x10=0x9b504536b1897347,x11=0x3e8,x12=0x3,x13=0x706f6f6c5f657469,x14=0x7c0fa4e280,x15=0x0,x16=0x5f5c8f5a00,x17=0x7c0c1d9700,x18=0x7c0f35c000,x19=0x5f5c8f470c,x20=0x1,x21=0x1,x22=0x7fd3b20218,x23=0x7fd3b20220,x24=0x0,x25=0x0,x26=0x0,x27=0x0,x28=0x0,x29=0x7fd3b20190,lr=0x5f5c8f4734,sp=0x7fd3b20180,pc=0x7c0c1d9700]
[15012|15012] event_addr:0x7c0c1d9700 hit_count:209, Regs:
[x0=0x1,x1=0x5f5c8f3598,x2=0x1,x3=0x7fd3b201e8,x4=0x0,x5=0x1414d4c,x6=0x1414d4c,x7=0x0,x8=0x9b504536b1897347,x9=0x9b504536b1897347,x10=0x9b504536b1897347,x11=0x3e8,x12=0x3,x13=0x706f6f6c5f657469,x14=0x7c0fa4e280,x15=0x0,x16=0x5f5c8f5a00,x17=0x7c0c1d9700,x18=0x7c0f35c000,x19=0x5f5c8f470c,x20=0x1,x21=0x1,x22=0x7fd3b20218,x23=0x7fd3b20220,x24=0x0,x25=0x0,x26=0x0,x27=0x0,x28=0x0,x29=0x7fd3b20190,lr=0x5f5c8f4734,sp=0x7fd3b20180,pc=0x7c0c1d9700]
[15012|15012] event_addr:0x7c0c1d9700 hit_count:210, Regs:
[x0=0x1,x1=0x5f5c8f3598,x2=0x1,x3=0x7fd3b201e8,x4=0x0,x5=0x1414d4c,x6=0x1414d4c,x7=0x0,x8=0x9b504536b1897347,x9=0x9b504536b1897347,x10=0x9b504536b1897347,x11=0x3e8,x12=0x3,x13=0x706f6f6c5f657469,x14=0x7c0fa4e280,x15=0x0,x16=0x5f5c8f5a00,x17=0x7c0c1d9700,x18=0x7c0f35c000,x19=0x5f5c8f470c,x20=0x1,x21=0x1,x22=0x7fd3b20218,x23=0x7fd3b20220,x24=0x0,x25=0x0,x26=0x0,x27=0x0,x28=0x0,x29=0x7fd3b20190,lr=0x5f5c8f4734,sp=0x7fd3b20180,pc=0x7c0c1d9700]
[15012|15012] event_addr:0x7c0c1d9700 hit_count:211, Regs:
[x0=0x1,x1=0x5f5c8f3598,x2=0x1,x3=0x7fd3b201e8,x4=0x0,x5=0x1414d4c,x6=0x1414d4c,x7=0x0,x8=0x9b504536b1897347,x9=0x9b504536b1897347,x10=0x9b504536b1897347,x11=0x3e8,x12=0x3,x13=0x706f6f6c5f657469,x14=0x7c0fa4e280,x15=0x0,x16=0x5f5c8f5a00,x17=0x7c0c1d9700,x18=0x7c0f35c000,x19=0x5f5c8f470c,x20=0x1,x21=0x1,x22=0x7fd3b20218,x23=0x7fd3b20220,x24=0x0,x25=0x0,x26=0x0,x27=0x0,x28=0x0,x29=0x7fd3b20190,lr=0x5f5c8f4734,sp=0x7fd3b20180,pc=0x7c0c1d9700]
[15012|15012] event_addr:0x7c0c1d9700 hit_count:212, Regs:
[x0=0x1,x1=0x5f5c8f3598,x2=0x1,x3=0x7fd3b201e8,x4=0x0,x5=0x1414d4c,x6=0x1414d4c,x7=0x0,x8=0x9b504536b1897347,x9=0x9b504536b1897347,x10=0x9b504536b1897347,x11=0x3e8,x12=0x3,x13=0x706f6f6c5f657469,x14=0x7c0fa4e280,x15=0x0,x16=0x5f5c8f5a00,x17=0x7c0c1d9700,x18=0x7c0f35c000,x19=0x5f5c8f470c,x20=0x1,x21=0x1,x22=0x7fd3b20218,x23=0x7fd3b20220,x24=0x0,x25=0x0,x26=0x0,x27=0x0,x28=0x0,x29=0x7fd3b20190,lr=0x5f5c8f4734,sp=0x7fd3b20180,pc=0x7c0c1d9700]
[15012|15012] event_addr:0x7c0c1d9700 hit_count:213, Regs:
[x0=0x1,x1=0x5f5c8f3598,x2=0x1,x3=0x7fd3b201e8,x4=0x0,x5=0x1414d4c,x6=0x1414d4c,x7=0x0,x8=0x9b504536b1897347,x9=0x9b504536b1897347,x10=0x9b504536b1897347,x11=0x3e8,x12=0x3,x13=0x706f6f6c5f657469,x14=0x7c0fa4e280,x15=0x0,x16=0x5f5c8f5a00,x17=0x7c0c1d9700,x18=0x7c0f35c000,x19=0x5f5c8f470c,x20=0x1,x21=0x1,x22=0x7fd3b20218,x23=0x7fd3b20220,x24=0x0,x25=0x0,x26=0x0,x27=0x0,x28=0x0,x29=0x7fd3b20190,lr=0x5f5c8f4734,sp=0x7fd3b20180,pc=0x7c0c1d9700]
[15012|15012] event_addr:0x7c0c1d9700 hit_count:214, Regs:
[x0=0x1,x1=0x5f5c8f3598,x2=0x1,x3=0x7fd3b201e8,x4=0x0,x5=0x1414d4c,x6=0x1414d4c,x7=0x0,x8=0x9b504536b1897347,x9=0x9b504536b1897347,x10=0x9b504536b1897347,x11=0x3e8,x12=0x3,x13=0x706f6f6c5f657469,x14=0x7c0fa4e280,x15=0x0,x16=0x5f5c8f5a00,x17=0x7c0c1d9700,x18=0x7c0f35c000,x19=0x5f5c8f470c,x20=0x1,x21=0x1,x22=0x7fd3b20218,x23=0x7fd3b20220,x24=0x0,x25=0x0,x26=0x0,x27=0x0,x28=0x0,x29=0x7fd3b20190,lr=0x5f5c8f4734,sp=0x7fd3b20180,pc=0x7c0c1d9700]
[15012|15012] event_addr:0x7c0c1d9700 hit_count:215, Regs:
[x0=0x1,x1=0x5f5c8f3598,x2=0x1,x3=0x7fd3b201e8,x4=0x0,x5=0x1414d4c,x6=0x1414d4c,x7=0x0,x8=0x9b504536b1897347,x9=0x9b504536b1897347,x10=0x9b504536b1897347,x11=0x3e8,x12=0x3,x13=0x706f6f6c5f657469,x14=0x7c0fa4e280,x15=0x0,x16=0x5f5c8f5a00,x17=0x7c0c1d9700,x18=0x7c0f35c000,x19=0x5f5c8f470c,x20=0x1,x21=0x1,x22=0x7fd3b20218,x23=0x7fd3b20220,x24=0x0,x25=0x0,x26=0x0,x27=0x0,x28=0x0,x29=0x7fd3b20190,lr=0x5f5c8f4734,sp=0x7fd3b20180,pc=0x7c0c1d9700]
[15012|15012] event_addr:0x7c0c1d9700 hit_count:216, Regs:
[x0=0x1,x1=0x5f5c8f3598,x2=0x1,x3=0x7fd3b201e8,x4=0x0,x5=0x1414d4c,x6=0x1414d4c,x7=0x0,x8=0x9b504536b1897347,x9=0x9b504536b1897347,x10=0x9b504536b1897347,x11=0x3e8,x12=0x3,x13=0x706f6f6c5f657469,x14=0x7c0fa4e280,x15=0x0,x16=0x5f5c8f5a00,x17=0x7c0c1d9700,x18=0x7c0f35c000,x19=0x5f5c8f470c,x20=0x1,x21=0x1,x22=0x7fd3b20218,x23=0x7fd3b20220,x24=0x0,x25=0x0,x26=0x0,x27=0x0,x28=0x0,x29=0x7fd3b20190,lr=0x5f5c8f4734,sp=0x7fd3b20180,pc=0x7c0c1d9700]
[15012|15012] event_addr:0x7c0c1d9700 hit_count:217, Regs:
[x0=0x1,x1=0x5f5c8f3598,x2=0x1,x3=0x7fd3b201e8,x4=0x0,x5=0x1414d4c,x6=0x1414d4c,x7=0x0,x8=0x9b504536b1897347,x9=0x9b504536b1897347,x10=0x9b504536b1897347,x11=0x3e8,x12=0x3,x13=0x706f6f6c5f657469,x14=0x7c0fa4e280,x15=0x0,x16=0x5f5c8f5a00,x17=0x7c0c1d9700,x18=0x7c0f35c000,x19=0x5f5c8f470c,x20=0x1,x21=0x1,x22=0x7fd3b20218,x23=0x7fd3b20220,x24=0x0,x25=0x0,x26=0x0,x27=0x0,x28=0x0,x29=0x7fd3b20190,lr=0x5f5c8f4734,sp=0x7fd3b20180,pc=0x7c0c1d9700]
[15012|15012] event_addr:0x7c0c1d9700 hit_count:218, Regs:
[x0=0x1,x1=0x5f5c8f3598,x2=0x1,x3=0x7fd3b201e8,x4=0x0,x5=0x1414d4c,x6=0x1414d4c,x7=0x0,x8=0x9b504536b1897347,x9=0x9b504536b1897347,x10=0x9b504536b1897347,x11=0x3e8,x12=0x3,x13=0x706f6f6c5f657469,x14=0x7c0fa4e280,x15=0x0,x16=0x5f5c8f5a00,x17=0x7c0c1d9700,x18=0x7c0f35c000,x19=0x5f5c8f470c,x20=0x1,x21=0x1,x22=0x7fd3b20218,x23=0x7fd3b20220,x24=0x0,x25=0x0,x26=0x0,x27=0x0,x28=0x0,x29=0x7fd3b20190,lr=0x5f5c8f4734,sp=0x7fd3b20180,pc=0x7c0c1d9700]
[15012|15012] event_addr:0x7c0c1d9700 hit_count:219, Regs:
[x0=0x1,x1=0x5f5c8f3598,x2=0x1,x3=0x7fd3b201e8,x4=0x0,x5=0x1414d4c,x6=0x1414d4c,x7=0x0,x8=0x9b504536b1897347,x9=0x9b504536b1897347,x10=0x9b504536b1897347,x11=0x3e8,x12=0x3,x13=0x706f6f6c5f657469,x14=0x7c0fa4e280,x15=0x0,x16=0x5f5c8f5a00,x17=0x7c0c1d9700,x18=0x7c0f35c000,x19=0x5f5c8f470c,x20=0x1,x21=0x1,x22=0x7fd3b20218,x23=0x7fd3b20220,x24=0x0,x25=0x0,x26=0x0,x27=0x0,x28=0x0,x29=0x7fd3b20190,lr=0x5f5c8f4734,sp=0x7fd3b20180,pc=0x7c0c1d9700]
[15012|15012] event_addr:0x7c0c1d9700 hit_count:220, Regs:
[x0=0x1,x1=0x5f5c8f3598,x2=0x1,x3=0x7fd3b201e8,x4=0x0,x5=0x1414d4c,x6=0x1414d4c,x7=0x0,x8=0x9b504536b1897347,x9=0x9b504536b1897347,x10=0x9b504536b1897347,x11=0x3e8,x12=0x3,x13=0x706f6f6c5f657469,x14=0x7c0fa4e280,x15=0x0,x16=0x5f5c8f5a00,x17=0x7c0c1d9700,x18=0x7c0f35c000,x19=0x5f5c8f470c,x20=0x1,x21=0x1,x22=0x7fd3b20218,x23=0x7fd3b20220,x24=0x0,x25=0x0,x26=0x0,x27=0x0,x28=0x0,x29=0x7fd3b20190,lr=0x5f5c8f4734,sp=0x7fd3b20180,pc=0x7c0c1d9700]
[15012|15012] event_addr:0x7c0c1d9700 hit_count:221, Regs:
[x0=0x1,x1=0x5f5c8f3598,x2=0x1,x3=0x7fd3b201e8,x4=0x0,x5=0x1414d4c,x6=0x1414d4c,x7=0x0,x8=0x9b504536b1897347,x9=0x9b504536b1897347,x10=0x9b504536b1897347,x11=0x3e8,x12=0x3,x13=0x706f6f6c5f657469,x14=0x7c0fa4e280,x15=0x0,x16=0x5f5c8f5a00,x17=0x7c0c1d9700,x18=0x7c0f35c000,x19=0x5f5c8f470c,x20=0x1,x21=0x1,x22=0x7fd3b20218,x23=0x7fd3b20220,x24=0x0,x25=0x0,x26=0x0,x27=0x0,x28=0x0,x29=0x7fd3b20190,lr=0x5f5c8f4734,sp=0x7fd3b20180,pc=0x7c0c1d9700]
[15012|15012] event_addr:0x7c0c1d9700 hit_count:222, Regs:
[x0=0x1,x1=0x5f5c8f3598,x2=0x1,x3=0x7fd3b201e8,x4=0x0,x5=0x1414d4c,x6=0x1414d4c,x7=0x0,x8=0x9b504536b1897347,x9=0x9b504536b1897347,x10=0x9b504536b1897347,x11=0x3e8,x12=0x3,x13=0x706f6f6c5f657469,x14=0x7c0fa4e280,x15=0x0,x16=0x5f5c8f5a00,x17=0x7c0c1d9700,x18=0x7c0f35c000,x19=0x5f5c8f470c,x20=0x1,x21=0x1,x22=0x7fd3b20218,x23=0x7fd3b20220,x24=0x0,x25=0x0,x26=0x0,x27=0x0,x28=0x0,x29=0x7fd3b20190,lr=0x5f5c8f4734,sp=0x7fd3b20180,pc=0x7c0c1d9700]
[15012|15012] event_addr:0x7c0c1d9700 hit_count:223, Regs:
[x0=0x1,x1=0x5f5c8f3598,x2=0x1,x3=0x7fd3b201e8,x4=0x0,x5=0x1414d4c,x6=0x1414d4c,x7=0x0,x8=0x9b504536b1897347,x9=0x9b504536b1897347,x10=0x9b504536b1897347,x11=0x3e8,x12=0x3,x13=0x706f6f6c5f657469,x14=0x7c0fa4e280,x15=0x0,x16=0x5f5c8f5a00,x17=0x7c0c1d9700,x18=0x7c0f35c000,x19=0x5f5c8f470c,x20=0x1,x21=0x1,x22=0x7fd3b20218,x23=0x7fd3b20220,x24=0x0,x25=0x0,x26=0x0,x27=0x0,x28=0x0,x29=0x7fd3b20190,lr=0x5f5c8f4734,sp=0x7fd3b20180,pc=0x7c0c1d9700]
[15012|15012] event_addr:0x7c0c1d9700 hit_count:224, Regs:
[x0=0x1,x1=0x5f5c8f3598,x2=0x1,x3=0x7fd3b201e8,x4=0x0,x5=0x1414d4c,x6=0x1414d4c,x7=0x0,x8=0x9b504536b1897347,x9=0x9b504536b1897347,x10=0x9b504536b1897347,x11=0x3e8,x12=0x3,x13=0x706f6f6c5f657469,x14=0x7c0fa4e280,x15=0x0,x16=0x5f5c8f5a00,x17=0x7c0c1d9700,x18=0x7c0f35c000,x19=0x5f5c8f470c,x20=0x1,x21=0x1,x22=0x7fd3b20218,x23=0x7fd3b20220,x24=0x0,x25=0x0,x26=0x0,x27=0x0,x28=0x0,x29=0x7fd3b20190,lr=0x5f5c8f4734,sp=0x7fd3b20180,pc=0x7c0c1d9700]
[15012|15012] event_addr:0x7c0c1d9700 hit_count:225, Regs:
[x0=0x1,x1=0x5f5c8f3598,x2=0x1,x3=0x7fd3b201e8,x4=0x0,x5=0x1414d4c,x6=0x1414d4c,x7=0x0,x8=0x9b504536b1897347,x9=0x9b504536b1897347,x10=0x9b504536b1897347,x11=0x3e8,x12=0x3,x13=0x706f6f6c5f657469,x14=0x7c0fa4e280,x15=0x0,x16=0x5f5c8f5a00,x17=0x7c0c1d9700,x18=0x7c0f35c000,x19=0x5f5c8f470c,x20=0x1,x21=0x1,x22=0x7fd3b20218,x23=0x7fd3b20220,x24=0x0,x25=0x0,x26=0x0,x27=0x0,x28=0x0,x29=0x7fd3b20190,lr=0x5f5c8f4734,sp=0x7fd3b20180,pc=0x7c0c1d9700]
[15012|15012] event_addr:0x7c0c1d9700 hit_count:226, Regs:
[x0=0x1,x1=0x5f5c8f3598,x2=0x1,x3=0x7fd3b201e8,x4=0x0,x5=0x1414d4c,x6=0x1414d4c,x7=0x0,x8=0x9b504536b1897347,x9=0x9b504536b1897347,x10=0x9b504536b1897347,x11=0x3e8,x12=0x3,x13=0x706f6f6c5f657469,x14=0x7c0fa4e280,x15=0x0,x16=0x5f5c8f5a00,x17=0x7c0c1d9700,x18=0x7c0f35c000,x19=0x5f5c8f470c,x20=0x1,x21=0x1,x22=0x7fd3b20218,x23=0x7fd3b20220,x24=0x0,x25=0x0,x26=0x0,x27=0x0,x28=0x0,x29=0x7fd3b20190,lr=0x5f5c8f4734,sp=0x7fd3b20180,pc=0x7c0c1d9700]
[15012|15012] event_addr:0x7c0c1d9700 hit_count:227, Regs:
[x0=0x1,x1=0x5f5c8f3598,x2=0x1,x3=0x7fd3b201e8,x4=0x0,x5=0x1414d4c,x6=0x1414d4c,x7=0x0,x8=0x9b504536b1897347,x9=0x9b504536b1897347,x10=0x9b504536b1897347,x11=0x3e8,x12=0x3,x13=0x706f6f6c5f657469,x14=0x7c0fa4e280,x15=0x0,x16=0x5f5c8f5a00,x17=0x7c0c1d9700,x18=0x7c0f35c000,x19=0x5f5c8f470c,x20=0x1,x21=0x1,x22=0x7fd3b20218,x23=0x7fd3b20220,x24=0x0,x25=0x0,x26=0x0,x27=0x0,x28=0x0,x29=0x7fd3b20190,lr=0x5f5c8f4734,sp=0x7fd3b20180,pc=0x7c0c1d9700]
[15012|15012] event_addr:0x7c0c1d9700 hit_count:228, Regs:
[x0=0x1,x1=0x5f5c8f3598,x2=0x1,x3=0x7fd3b201e8,x4=0x0,x5=0x1414d4c,x6=0x1414d4c,x7=0x0,x8=0x9b504536b1897347,x9=0x9b504536b1897347,x10=0x9b504536b1897347,x11=0x3e8,x12=0x3,x13=0x706f6f6c5f657469,x14=0x7c0fa4e280,x15=0x0,x16=0x5f5c8f5a00,x17=0x7c0c1d9700,x18=0x7c0f35c000,x19=0x5f5c8f470c,x20=0x1,x21=0x1,x22=0x7fd3b20218,x23=0x7fd3b20220,x24=0x0,x25=0x0,x26=0x0,x27=0x0,x28=0x0,x29=0x7fd3b20190,lr=0x5f5c8f4734,sp=0x7fd3b20180,pc=0x7c0c1d9700]
[15012|15012] event_addr:0x7c0c1d9700 hit_count:229, Regs:
[x0=0x1,x1=0x5f5c8f3598,x2=0x1,x3=0x7fd3b201e8,x4=0x0,x5=0x1414d4c,x6=0x1414d4c,x7=0x0,x8=0x9b504536b1897347,x9=0x9b504536b1897347,x10=0x9b504536b1897347,x11=0x3e8,x12=0x3,x13=0x706f6f6c5f657469,x14=0x7c0fa4e280,x15=0x0,x16=0x5f5c8f5a00,x17=0x7c0c1d9700,x18=0x7c0f35c000,x19=0x5f5c8f470c,x20=0x1,x21=0x1,x22=0x7fd3b20218,x23=0x7fd3b20220,x24=0x0,x25=0x0,x26=0x0,x27=0x0,x28=0x0,x29=0x7fd3b20190,lr=0x5f5c8f4734,sp=0x7fd3b20180,pc=0x7c0c1d9700]
[15012|15012] event_addr:0x7c0c1d9700 hit_count:230, Regs:
[x0=0x1,x1=0x5f5c8f3598,x2=0x1,x3=0x7fd3b201e8,x4=0x0,x5=0x1414d4c,x6=0x1414d4c,x7=0x0,x8=0x9b504536b1897347,x9=0x9b504536b1897347,x10=0x9b504536b1897347,x11=0x3e8,x12=0x3,x13=0x706f6f6c5f657469,x14=0x7c0fa4e280,x15=0x0,x16=0x5f5c8f5a00,x17=0x7c0c1d9700,x18=0x7c0f35c000,x19=0x5f5c8f470c,x20=0x1,x21=0x1,x22=0x7fd3b20218,x23=0x7fd3b20220,x24=0x0,x25=0x0,x26=0x0,x27=0x0,x28=0x0,x29=0x7fd3b20190,lr=0x5f5c8f4734,sp=0x7fd3b20180,pc=0x7c0c1d9700]
[15012|15012] event_addr:0x7c0c1d9700 hit_count:231, Regs:
[x0=0x1,x1=0x5f5c8f3598,x2=0x1,x3=0x7fd3b201e8,x4=0x0,x5=0x1414d4c,x6=0x1414d4c,x7=0x0,x8=0x9b504536b1897347,x9=0x9b504536b1897347,x10=0x9b504536b1897347,x11=0x3e8,x12=0x3,x13=0x706f6f6c5f657469,x14=0x7c0fa4e280,x15=0x0,x16=0x5f5c8f5a00,x17=0x7c0c1d9700,x18=0x7c0f35c000,x19=0x5f5c8f470c,x20=0x1,x21=0x1,x22=0x7fd3b20218,x23=0x7fd3b20220,x24=0x0,x25=0x0,x26=0x0,x27=0x0,x28=0x0,x29=0x7fd3b20190,lr=0x5f5c8f4734,sp=0x7fd3b20180,pc=0x7c0c1d9700]
[15012|15012] event_addr:0x7c0c1d9700 hit_count:232, Regs:
[x0=0x1,x1=0x5f5c8f3598,x2=0x1,x3=0x7fd3b201e8,x4=0x0,x5=0x1414d4c,x6=0x1414d4c,x7=0x0,x8=0x9b504536b1897347,x9=0x9b504536b1897347,x10=0x9b504536b1897347,x11=0x3e8,x12=0x3,x13=0x706f6f6c5f657469,x14=0x7c0fa4e280,x15=0x0,x16=0x5f5c8f5a00,x17=0x7c0c1d9700,x18=0x7c0f35c000,x19=0x5f5c8f470c,x20=0x1,x21=0x1,x22=0x7fd3b20218,x23=0x7fd3b20220,x24=0x0,x25=0x0,x26=0x0,x27=0x0,x28=0x0,x29=0x7fd3b20190,lr=0x5f5c8f4734,sp=0x7fd3b20180,pc=0x7c0c1d9700]
[15012|15012] event_addr:0x7c0c1d9700 hit_count:233, Regs:
[x0=0x1,x1=0x5f5c8f3598,x2=0x1,x3=0x7fd3b201e8,x4=0x0,x5=0x1414d4c,x6=0x1414d4c,x7=0x0,x8=0x9b504536b1897347,x9=0x9b504536b1897347,x10=0x9b504536b1897347,x11=0x3e8,x12=0x3,x13=0x706f6f6c5f657469,x14=0x7c0fa4e280,x15=0x0,x16=0x5f5c8f5a00,x17=0x7c0c1d9700,x18=0x7c0f35c000,x19=0x5f5c8f470c,x20=0x1,x21=0x1,x22=0x7fd3b20218,x23=0x7fd3b20220,x24=0x0,x25=0x0,x26=0x0,x27=0x0,x28=0x0,x29=0x7fd3b20190,lr=0x5f5c8f4734,sp=0x7fd3b20180,pc=0x7c0c1d9700]
[15012|15012] event_addr:0x7c0c1d9700 hit_count:234, Regs:
[x0=0x1,x1=0x5f5c8f3598,x2=0x1,x3=0x7fd3b201e8,x4=0x0,x5=0x1414d4c,x6=0x1414d4c,x7=0x0,x8=0x9b504536b1897347,x9=0x9b504536b1897347,x10=0x9b504536b1897347,x11=0x3e8,x12=0x3,x13=0x706f6f6c5f657469,x14=0x7c0fa4e280,x15=0x0,x16=0x5f5c8f5a00,x17=0x7c0c1d9700,x18=0x7c0f35c000,x19=0x5f5c8f470c,x20=0x1,x21=0x1,x22=0x7fd3b20218,x23=0x7fd3b20220,x24=0x0,x25=0x0,x26=0x0,x27=0x0,x28=0x0,x29=0x7fd3b20190,lr=0x5f5c8f4734,sp=0x7fd3b20180,pc=0x7c0c1d9700]
[15012|15012] event_addr:0x7c0c1d9700 hit_count:235, Regs:
[x0=0x1,x1=0x5f5c8f3598,x2=0x1,x3=0x7fd3b201e8,x4=0x0,x5=0x1414d4c,x6=0x1414d4c,x7=0x0,x8=0x9b504536b1897347,x9=0x9b504536b1897347,x10=0x9b504536b1897347,x11=0x3e8,x12=0x3,x13=0x706f6f6c5f657469,x14=0x7c0fa4e280,x15=0x0,x16=0x5f5c8f5a00,x17=0x7c0c1d9700,x18=0x7c0f35c000,x19=0x5f5c8f470c,x20=0x1,x21=0x1,x22=0x7fd3b20218,x23=0x7fd3b20220,x24=0x0,x25=0x0,x26=0x0,x27=0x0,x28=0x0,x29=0x7fd3b20190,lr=0x5f5c8f4734,sp=0x7fd3b20180,pc=0x7c0c1d9700]
[15012|15012] event_addr:0x7c0c1d9700 hit_count:236, Regs:
[x0=0x1,x1=0x5f5c8f3598,x2=0x1,x3=0x7fd3b201e8,x4=0x0,x5=0x1414d4c,x6=0x1414d4c,x7=0x0,x8=0x9b504536b1897347,x9=0x9b504536b1897347,x10=0x9b504536b1897347,x11=0x3e8,x12=0x3,x13=0x706f6f6c5f657469,x14=0x7c0fa4e280,x15=0x0,x16=0x5f5c8f5a00,x17=0x7c0c1d9700,x18=0x7c0f35c000,x19=0x5f5c8f470c,x20=0x1,x21=0x1,x22=0x7fd3b20218,x23=0x7fd3b20220,x24=0x0,x25=0x0,x26=0x0,x27=0x0,x28=0x0,x29=0x7fd3b20190,lr=0x5f5c8f4734,sp=0x7fd3b20180,pc=0x7c0c1d9700]
[15012|15012] event_addr:0x7c0c1d9700 hit_count:237, Regs:
[x0=0x1,x1=0x5f5c8f3598,x2=0x1,x3=0x7fd3b201e8,x4=0x0,x5=0x1414d4c,x6=0x1414d4c,x7=0x0,x8=0x9b504536b1897347,x9=0x9b504536b1897347,x10=0x9b504536b1897347,x11=0x3e8,x12=0x3,x13=0x706f6f6c5f657469,x14=0x7c0fa4e280,x15=0x0,x16=0x5f5c8f5a00,x17=0x7c0c1d9700,x18=0x7c0f35c000,x19=0x5f5c8f470c,x20=0x1,x21=0x1,x22=0x7fd3b20218,x23=0x7fd3b20220,x24=0x0,x25=0x0,x26=0x0,x27=0x0,x28=0x0,x29=0x7fd3b20190,lr=0x5f5c8f4734,sp=0x7fd3b20180,pc=0x7c0c1d9700]
[15012|15012] event_addr:0x7c0c1d9700 hit_count:238, Regs:
[x0=0x1,x1=0x5f5c8f3598,x2=0x1,x3=0x7fd3b201e8,x4=0x0,x5=0x1414d4c,x6=0x1414d4c,x7=0x0,x8=0x9b504536b1897347,x9=0x9b504536b1897347,x10=0x9b504536b1897347,x11=0x3e8,x12=0x3,x13=0x706f6f6c5f657469,x14=0x7c0fa4e280,x15=0x0,x16=0x5f5c8f5a00,x17=0x7c0c1d9700,x18=0x7c0f35c000,x19=0x5f5c8f470c,x20=0x1,x21=0x1,x22=0x7fd3b20218,x23=0x7fd3b20220,x24=0x0,x25=0x0,x26=0x0,x27=0x0,x28=0x0,x29=0x7fd3b20190,lr=0x5f5c8f4734,sp=0x7fd3b20180,pc=0x7c0c1d9700]
[15012|15012] event_addr:0x7c0c1d9700 hit_count:239, Regs:
[x0=0x1,x1=0x5f5c8f3598,x2=0x1,x3=0x7fd3b201e8,x4=0x0,x5=0x1414d4c,x6=0x1414d4c,x7=0x0,x8=0x9b504536b1897347,x9=0x9b504536b1897347,x10=0x9b504536b1897347,x11=0x3e8,x12=0x3,x13=0x706f6f6c5f657469,x14=0x7c0fa4e280,x15=0x0,x16=0x5f5c8f5a00,x17=0x7c0c1d9700,x18=0x7c0f35c000,x19=0x5f5c8f470c,x20=0x1,x21=0x1,x22=0x7fd3b20218,x23=0x7fd3b20220,x24=0x0,x25=0x0,x26=0x0,x27=0x0,x28=0x0,x29=0x7fd3b20190,lr=0x5f5c8f4734,sp=0x7fd3b20180,pc=0x7c0c1d9700]
[15012|15012] event_addr:0x7c0c1d9700 hit_count:240, Regs:
[x0=0x1,x1=0x5f5c8f3598,x2=0x1,x3=0x7fd3b201e8,x4=0x0,x5=0x1414d4c,x6=0x1414d4c,x7=0x0,x8=0x9b504536b1897347,x9=0x9b504536b1897347,x10=0x9b504536b1897347,x11=0x3e8,x12=0x3,x13=0x706f6f6c5f657469,x14=0x7c0fa4e280,x15=0x0,x16=0x5f5c8f5a00,x17=0x7c0c1d9700,x18=0x7c0f35c000,x19=0x5f5c8f470c,x20=0x1,x21=0x1,x22=0x7fd3b20218,x23=0x7fd3b20220,x24=0x0,x25=0x0,x26=0x0,x27=0x0,x28=0x0,x29=0x7fd3b20190,lr=0x5f5c8f4734,sp=0x7fd3b20180,pc=0x7c0c1d9700]
[15012|15012] event_addr:0x7c0c1d9700 hit_count:241, Regs:
[x0=0x1,x1=0x5f5c8f3598,x2=0x1,x3=0x7fd3b201e8,x4=0x0,x5=0x1414d4c,x6=0x1414d4c,x7=0x0,x8=0x9b504536b1897347,x9=0x9b504536b1897347,x10=0x9b504536b1897347,x11=0x3e8,x12=0x3,x13=0x706f6f6c5f657469,x14=0x7c0fa4e280,x15=0x0,x16=0x5f5c8f5a00,x17=0x7c0c1d9700,x18=0x7c0f35c000,x19=0x5f5c8f470c,x20=0x1,x21=0x1,x22=0x7fd3b20218,x23=0x7fd3b20220,x24=0x0,x25=0x0,x26=0x0,x27=0x0,x28=0x0,x29=0x7fd3b20190,lr=0x5f5c8f4734,sp=0x7fd3b20180,pc=0x7c0c1d9700]
[15012|15012] event_addr:0x7c0c1d9700 hit_count:242, Regs:
[x0=0x1,x1=0x5f5c8f3598,x2=0x1,x3=0x7fd3b201e8,x4=0x0,x5=0x1414d4c,x6=0x1414d4c,x7=0x0,x8=0x9b504536b1897347,x9=0x9b504536b1897347,x10=0x9b504536b1897347,x11=0x3e8,x12=0x3,x13=0x706f6f6c5f657469,x14=0x7c0fa4e280,x15=0x0,x16=0x5f5c8f5a00,x17=0x7c0c1d9700,x18=0x7c0f35c000,x19=0x5f5c8f470c,x20=0x1,x21=0x1,x22=0x7fd3b20218,x23=0x7fd3b20220,x24=0x0,x25=0x0,x26=0x0,x27=0x0,x28=0x0,x29=0x7fd3b20190,lr=0x5f5c8f4734,sp=0x7fd3b20180,pc=0x7c0c1d9700]
[15012|15012] event_addr:0x7c0c1d9700 hit_count:243, Regs:
[x0=0x1,x1=0x5f5c8f3598,x2=0x1,x3=0x7fd3b201e8,x4=0x0,x5=0x1414d4c,x6=0x1414d4c,x7=0x0,x8=0x9b504536b1897347,x9=0x9b504536b1897347,x10=0x9b504536b1897347,x11=0x3e8,x12=0x3,x13=0x706f6f6c5f657469,x14=0x7c0fa4e280,x15=0x0,x16=0x5f5c8f5a00,x17=0x7c0c1d9700,x18=0x7c0f35c000,x19=0x5f5c8f470c,x20=0x1,x21=0x1,x22=0x7fd3b20218,x23=0x7fd3b20220,x24=0x0,x25=0x0,x26=0x0,x27=0x0,x28=0x0,x29=0x7fd3b20190,lr=0x5f5c8f4734,sp=0x7fd3b20180,pc=0x7c0c1d9700]
[15012|15012] event_addr:0x7c0c1d9700 hit_count:244, Regs:
[x0=0x1,x1=0x5f5c8f3598,x2=0x1,x3=0x7fd3b201e8,x4=0x0,x5=0x1414d4c,x6=0x1414d4c,x7=0x0,x8=0x9b504536b1897347,x9=0x9b504536b1897347,x10=0x9b504536b1897347,x11=0x3e8,x12=0x3,x13=0x706f6f6c5f657469,x14=0x7c0fa4e280,x15=0x0,x16=0x5f5c8f5a00,x17=0x7c0c1d9700,x18=0x7c0f35c000,x19=0x5f5c8f470c,x20=0x1,x21=0x1,x22=0x7fd3b20218,x23=0x7fd3b20220,x24=0x0,x25=0x0,x26=0x0,x27=0x0,x28=0x0,x29=0x7fd3b20190,lr=0x5f5c8f4734,sp=0x7fd3b20180,pc=0x7c0c1d9700]
[15012|15012] event_addr:0x7c0c1d9700 hit_count:245, Regs:
[x0=0x1,x1=0x5f5c8f3598,x2=0x1,x3=0x7fd3b201e8,x4=0x0,x5=0x1414d4c,x6=0x1414d4c,x7=0x0,x8=0x9b504536b1897347,x9=0x9b504536b1897347,x10=0x9b504536b1897347,x11=0x3e8,x12=0x3,x13=0x706f6f6c5f657469,x14=0x7c0fa4e280,x15=0x0,x16=0x5f5c8f5a00,x17=0x7c0c1d9700,x18=0x7c0f35c000,x19=0x5f5c8f470c,x20=0x1,x21=0x1,x22=0x7fd3b20218,x23=0x7fd3b20220,x24=0x0,x25=0x0,x26=0x0,x27=0x0,x28=0x0,x29=0x7fd3b20190,lr=0x5f5c8f4734,sp=0x7fd3b20180,pc=0x7c0c1d9700]
[15012|15012] event_addr:0x7c0c1d9700 hit_count:246, Regs:
[x0=0x1,x1=0x5f5c8f3598,x2=0x1,x3=0x7fd3b201e8,x4=0x0,x5=0x1414d4c,x6=0x1414d4c,x7=0x0,x8=0x9b504536b1897347,x9=0x9b504536b1897347,x10=0x9b504536b1897347,x11=0x3e8,x12=0x3,x13=0x706f6f6c5f657469,x14=0x7c0fa4e280,x15=0x0,x16=0x5f5c8f5a00,x17=0x7c0c1d9700,x18=0x7c0f35c000,x19=0x5f5c8f470c,x20=0x1,x21=0x1,x22=0x7fd3b20218,x23=0x7fd3b20220,x24=0x0,x25=0x0,x26=0x0,x27=0x0,x28=0x0,x29=0x7fd3b20190,lr=0x5f5c8f4734,sp=0x7fd3b20180,pc=0x7c0c1d9700]
[15012|15012] event_addr:0x7c0c1d9700 hit_count:247, Regs:
[x0=0x1,x1=0x5f5c8f3598,x2=0x1,x3=0x7fd3b201e8,x4=0x0,x5=0x1414d4c,x6=0x1414d4c,x7=0x0,x8=0x9b504536b1897347,x9=0x9b504536b1897347,x10=0x9b504536b1897347,x11=0x3e8,x12=0x3,x13=0x706f6f6c5f657469,x14=0x7c0fa4e280,x15=0x0,x16=0x5f5c8f5a00,x17=0x7c0c1d9700,x18=0x7c0f35c000,x19=0x5f5c8f470c,x20=0x1,x21=0x1,x22=0x7fd3b20218,x23=0x7fd3b20220,x24=0x0,x25=0x0,x26=0x0,x27=0x0,x28=0x0,x29=0x7fd3b20190,lr=0x5f5c8f4734,sp=0x7fd3b20180,pc=0x7c0c1d9700]
[15012|15012] event_addr:0x7c0c1d9700 hit_count:248, Regs:
[x0=0x1,x1=0x5f5c8f3598,x2=0x1,x3=0x7fd3b201e8,x4=0x0,x5=0x1414d4c,x6=0x1414d4c,x7=0x0,x8=0x9b504536b1897347,x9=0x9b504536b1897347,x10=0x9b504536b1897347,x11=0x3e8,x12=0x3,x13=0x706f6f6c5f657469,x14=0x7c0fa4e280,x15=0x0,x16=0x5f5c8f5a00,x17=0x7c0c1d9700,x18=0x7c0f35c000,x19=0x5f5c8f470c,x20=0x1,x21=0x1,x22=0x7fd3b20218,x23=0x7fd3b20220,x24=0x0,x25=0x0,x26=0x0,x27=0x0,x28=0x0,x29=0x7fd3b20190,lr=0x5f5c8f4734,sp=0x7fd3b20180,pc=0x7c0c1d9700]
[15012|15012] event_addr:0x7c0c1d9700 hit_count:249, Regs:
[x0=0x1,x1=0x5f5c8f3598,x2=0x1,x3=0x7fd3b201e8,x4=0x0,x5=0x1414d4c,x6=0x1414d4c,x7=0x0,x8=0x9b504536b1897347,x9=0x9b504536b1897347,x10=0x9b504536b1897347,x11=0x3e8,x12=0x3,x13=0x706f6f6c5f657469,x14=0x7c0fa4e280,x15=0x0,x16=0x5f5c8f5a00,x17=0x7c0c1d9700,x18=0x7c0f35c000,x19=0x5f5c8f470c,x20=0x1,x21=0x1,x22=0x7fd3b20218,x23=0x7fd3b20220,x24=0x0,x25=0x0,x26=0x0,x27=0x0,x28=0x0,x29=0x7fd3b20190,lr=0x5f5c8f4734,sp=0x7fd3b20180,pc=0x7c0c1d9700]
[15012|15012] event_addr:0x7c0c1d9700 hit_count:250, Regs:
[x0=0x1,x1=0x5f5c8f3598,x2=0x1,x3=0x7fd3b201e8,x4=0x0,x5=0x1414d4c,x6=0x1414d4c,x7=0x0,x8=0x9b504536b1897347,x9=0x9b504536b1897347,x10=0x9b504536b1897347,x11=0x3e8,x12=0x3,x13=0x706f6f6c5f657469,x14=0x7c0fa4e280,x15=0x0,x16=0x5f5c8f5a00,x17=0x7c0c1d9700,x18=0x7c0f35c000,x19=0x5f5c8f470c,x20=0x1,x21=0x1,x22=0x7fd3b20218,x23=0x7fd3b20220,x24=0x0,x25=0x0,x26=0x0,x27=0x0,x28=0x0,x29=0x7fd3b20190,lr=0x5f5c8f4734,sp=0x7fd3b20180,pc=0x7c0c1d9700]
[15012|15012] event_addr:0x7c0c1d9700 hit_count:251, Regs:
[x0=0x1,x1=0x5f5c8f3598,x2=0x1,x3=0x7fd3b201e8,x4=0x0,x5=0x1414d4c,x6=0x1414d4c,x7=0x0,x8=0x9b504536b1897347,x9=0x9b504536b1897347,x10=0x9b504536b1897347,x11=0x3e8,x12=0x3,x13=0x706f6f6c5f657469,x14=0x7c0fa4e280,x15=0x0,x16=0x5f5c8f5a00,x17=0x7c0c1d9700,x18=0x7c0f35c000,x19=0x5f5c8f470c,x20=0x1,x21=0x1,x22=0x7fd3b20218,x23=0x7fd3b20220,x24=0x0,x25=0x0,x26=0x0,x27=0x0,x28=0x0,x29=0x7fd3b20190,lr=0x5f5c8f4734,sp=0x7fd3b20180,pc=0x7c0c1d9700]
[15012|15012] event_addr:0x7c0c1d9700 hit_count:252, Regs:
[x0=0x1,x1=0x5f5c8f3598,x2=0x1,x3=0x7fd3b201e8,x4=0x0,x5=0x1414d4c,x6=0x1414d4c,x7=0x0,x8=0x9b504536b1897347,x9=0x9b504536b1897347,x10=0x9b504536b1897347,x11=0x3e8,x12=0x3,x13=0x706f6f6c5f657469,x14=0x7c0fa4e280,x15=0x0,x16=0x5f5c8f5a00,x17=0x7c0c1d9700,x18=0x7c0f35c000,x19=0x5f5c8f470c,x20=0x1,x21=0x1,x22=0x7fd3b20218,x23=0x7fd3b20220,x24=0x0,x25=0x0,x26=0x0,x27=0x0,x28=0x0,x29=0x7fd3b20190,lr=0x5f5c8f4734,sp=0x7fd3b20180,pc=0x7c0c1d9700]
[15012|15012] event_addr:0x7c0c1d9700 hit_count:253, Regs:
[x0=0x1,x1=0x5f5c8f3598,x2=0x1,x3=0x7fd3b201e8,x4=0x0,x5=0x1414d4c,x6=0x1414d4c,x7=0x0,x8=0x9b504536b1897347,x9=0x9b504536b1897347,x10=0x9b504536b1897347,x11=0x3e8,x12=0x3,x13=0x706f6f6c5f657469,x14=0x7c0fa4e280,x15=0x0,x16=0x5f5c8f5a00,x17=0x7c0c1d9700,x18=0x7c0f35c000,x19=0x5f5c8f470c,x20=0x1,x21=0x1,x22=0x7fd3b20218,x23=0x7fd3b20220,x24=0x0,x25=0x0,x26=0x0,x27=0x0,x28=0x0,x29=0x7fd3b20190,lr=0x5f5c8f4734,sp=0x7fd3b20180,pc=0x7c0c1d9700]
[15012|15012] event_addr:0x7c0c1d9700 hit_count:254, Regs:
[x0=0x1,x1=0x5f5c8f3598,x2=0x1,x3=0x7fd3b201e8,x4=0x0,x5=0x1414d4c,x6=0x1414d4c,x7=0x0,x8=0x9b504536b1897347,x9=0x9b504536b1897347,x10=0x9b504536b1897347,x11=0x3e8,x12=0x3,x13=0x706f6f6c5f657469,x14=0x7c0fa4e280,x15=0x0,x16=0x5f5c8f5a00,x17=0x7c0c1d9700,x18=0x7c0f35c000,x19=0x5f5c8f470c,x20=0x1,x21=0x1,x22=0x7fd3b20218,x23=0x7fd3b20220,x24=0x0,x25=0x0,x26=0x0,x27=0x0,x28=0x0,x29=0x7fd3b20190,lr=0x5f5c8f4734,sp=0x7fd3b20180,pc=0x7c0c1d9700]
[15012|15012] event_addr:0x7c0c1d9700 hit_count:255, Regs:
[x0=0x1,x1=0x5f5c8f3598,x2=0x1,x3=0x7fd3b201e8,x4=0x0,x5=0x1414d4c,x6=0x1414d4c,x7=0x0,x8=0x9b504536b1897347,x9=0x9b504536b1897347,x10=0x9b504536b1897347,x11=0x3e8,x12=0x3,x13=0x706f6f6c5f657469,x14=0x7c0fa4e280,x15=0x0,x16=0x5f5c8f5a00,x17=0x7c0c1d9700,x18=0x7c0f35c000,x19=0x5f5c8f470c,x20=0x1,x21=0x1,x22=0x7fd3b20218,x23=0x7fd3b20220,x24=0x0,x25=0x0,x26=0x0,x27=0x0,x28=0x0,x29=0x7fd3b20190,lr=0x5f5c8f4734,sp=0x7fd3b20180,pc=0x7c0c1d9700]
[15012|15012] event_addr:0x7c0c1d9700 hit_count:256, Regs:
[x0=0x1,x1=0x5f5c8f3598,x2=0x1,x3=0x7fd3b201e8,x4=0x0,x5=0x1414d4c,x6=0x1414d4c,x7=0x0,x8=0x9b504536b1897347,x9=0x9b504536b1897347,x10=0x9b504536b1897347,x11=0x3e8,x12=0x3,x13=0x706f6f6c5f657469,x14=0x7c0fa4e280,x15=0x0,x16=0x5f5c8f5a00,x17=0x7c0c1d9700,x18=0x7c0f35c000,x19=0x5f5c8f470c,x20=0x1,x21=0x1,x22=0x7fd3b20218,x23=0x7fd3b20220,x24=0x0,x25=0x0,x26=0x0,x27=0x0,x28=0x0,x29=0x7fd3b20190,lr=0x5f5c8f4734,sp=0x7fd3b20180,pc=0x7c0c1d9700]
[15012|15012] event_addr:0x7c0c1d9700 hit_count:257, Regs:
[x0=0x1,x1=0x5f5c8f3598,x2=0x1,x3=0x7fd3b201e8,x4=0x0,x5=0x1414d4c,x6=0x1414d4c,x7=0x0,x8=0x9b504536b1897347,x9=0x9b504536b1897347,x10=0x9b504536b1897347,x11=0x3e8,x12=0x3,x13=0x706f6f6c5f657469,x14=0x7c0fa4e280,x15=0x0,x16=0x5f5c8f5a00,x17=0x7c0c1d9700,x18=0x7c0f35c000,x19=0x5f5c8f470c,x20=0x1,x21=0x1,x22=0x7fd3b20218,x23=0x7fd3b20220,x24=0x0,x25=0x0,x26=0x0,x27=0x0,x28=0x0,x29=0x7fd3b20190,lr=0x5f5c8f4734,sp=0x7fd3b20180,pc=0x7c0c1d9700]
[15012|15012] event_addr:0x7c0c1d9700 hit_count:258, Regs:
[x0=0x1,x1=0x5f5c8f3598,x2=0x1,x3=0x7fd3b201e8,x4=0x0,x5=0x1414d4c,x6=0x1414d4c,x7=0x0,x8=0x9b504536b1897347,x9=0x9b504536b1897347,x10=0x9b504536b1897347,x11=0x3e8,x12=0x3,x13=0x706f6f6c5f657469,x14=0x7c0fa4e280,x15=0x0,x16=0x5f5c8f5a00,x17=0x7c0c1d9700,x18=0x7c0f35c000,x19=0x5f5c8f470c,x20=0x1,x21=0x1,x22=0x7fd3b20218,x23=0x7fd3b20220,x24=0x0,x25=0x0,x26=0x0,x27=0x0,x28=0x0,x29=0x7fd3b20190,lr=0x5f5c8f4734,sp=0x7fd3b20180,pc=0x7c0c1d9700]
[15012|15012] event_addr:0x7c0c1d9700 hit_count:259, Regs:
[x0=0x1,x1=0x5f5c8f3598,x2=0x1,x3=0x7fd3b201e8,x4=0x0,x5=0x1414d4c,x6=0x1414d4c,x7=0x0,x8=0x9b504536b1897347,x9=0x9b504536b1897347,x10=0x9b504536b1897347,x11=0x3e8,x12=0x3,x13=0x706f6f6c5f657469,x14=0x7c0fa4e280,x15=0x0,x16=0x5f5c8f5a00,x17=0x7c0c1d9700,x18=0x7c0f35c000,x19=0x5f5c8f470c,x20=0x1,x21=0x1,x22=0x7fd3b20218,x23=0x7fd3b20220,x24=0x0,x25=0x0,x26=0x0,x27=0x0,x28=0x0,x29=0x7fd3b20190,lr=0x5f5c8f4734,sp=0x7fd3b20180,pc=0x7c0c1d9700]
[15012|15012] event_addr:0x7c0c1d9700 hit_count:260, Regs:
[x0=0x1,x1=0x5f5c8f3598,x2=0x1,x3=0x7fd3b201e8,x4=0x0,x5=0x1414d4c,x6=0x1414d4c,x7=0x0,x8=0x9b504536b1897347,x9=0x9b504536b1897347,x10=0x9b504536b1897347,x11=0x3e8,x12=0x3,x13=0x706f6f6c5f657469,x14=0x7c0fa4e280,x15=0x0,x16=0x5f5c8f5a00,x17=0x7c0c1d9700,x18=0x7c0f35c000,x19=0x5f5c8f470c,x20=0x1,x21=0x1,x22=0x7fd3b20218,x23=0x7fd3b20220,x24=0x0,x25=0x0,x26=0x0,x27=0x0,x28=0x0,x29=0x7fd3b20190,lr=0x5f5c8f4734,sp=0x7fd3b20180,pc=0x7c0c1d9700]
[15012|15012] event_addr:0x7c0c1d9700 hit_count:261, Regs:
[x0=0x1,x1=0x5f5c8f3598,x2=0x1,x3=0x7fd3b201e8,x4=0x0,x5=0x1414d4c,x6=0x1414d4c,x7=0x0,x8=0x9b504536b1897347,x9=0x9b504536b1897347,x10=0x9b504536b1897347,x11=0x3e8,x12=0x3,x13=0x706f6f6c5f657469,x14=0x7c0fa4e280,x15=0x0,x16=0x5f5c8f5a00,x17=0x7c0c1d9700,x18=0x7c0f35c000,x19=0x5f5c8f470c,x20=0x1,x21=0x1,x22=0x7fd3b20218,x23=0x7fd3b20220,x24=0x0,x25=0x0,x26=0x0,x27=0x0,x28=0x0,x29=0x7fd3b20190,lr=0x5f5c8f4734,sp=0x7fd3b20180,pc=0x7c0c1d9700]
[15012|15012] event_addr:0x7c0c1d9700 hit_count:262, Regs:
[x0=0x1,x1=0x5f5c8f3598,x2=0x1,x3=0x7fd3b201e8,x4=0x0,x5=0x1414d4c,x6=0x1414d4c,x7=0x0,x8=0x9b504536b1897347,x9=0x9b504536b1897347,x10=0x9b504536b1897347,x11=0x3e8,x12=0x3,x13=0x706f6f6c5f657469,x14=0x7c0fa4e280,x15=0x0,x16=0x5f5c8f5a00,x17=0x7c0c1d9700,x18=0x7c0f35c000,x19=0x5f5c8f470c,x20=0x1,x21=0x1,x22=0x7fd3b20218,x23=0x7fd3b20220,x24=0x0,x25=0x0,x26=0x0,x27=0x0,x28=0x0,x29=0x7fd3b20190,lr=0x5f5c8f4734,sp=0x7fd3b20180,pc=0x7c0c1d9700]
[15012|15012] event_addr:0x7c0c1d9700 hit_count:263, Regs:
[x0=0x1,x1=0x5f5c8f3598,x2=0x1,x3=0x7fd3b201e8,x4=0x0,x5=0x1414d4c,x6=0x1414d4c,x7=0x0,x8=0x9b504536b1897347,x9=0x9b504536b1897347,x10=0x9b504536b1897347,x11=0x3e8,x12=0x3,x13=0x706f6f6c5f657469,x14=0x7c0fa4e280,x15=0x0,x16=0x5f5c8f5a00,x17=0x7c0c1d9700,x18=0x7c0f35c000,x19=0x5f5c8f470c,x20=0x1,x21=0x1,x22=0x7fd3b20218,x23=0x7fd3b20220,x24=0x0,x25=0x0,x26=0x0,x27=0x0,x28=0x0,x29=0x7fd3b20190,lr=0x5f5c8f4734,sp=0x7fd3b20180,pc=0x7c0c1d9700]
[15012|15012] event_addr:0x7c0c1d9700 hit_count:264, Regs:
[x0=0x1,x1=0x5f5c8f3598,x2=0x1,x3=0x7fd3b201e8,x4=0x0,x5=0x1414d4c,x6=0x1414d4c,x7=0x0,x8=0x9b504536b1897347,x9=0x9b504536b1897347,x10=0x9b504536b1897347,x11=0x3e8,x12=0x3,x13=0x706f6f6c5f657469,x14=0x7c0fa4e280,x15=0x0,x16=0x5f5c8f5a00,x17=0x7c0c1d9700,x18=0x7c0f35c000,x19=0x5f5c8f470c,x20=0x1,x21=0x1,x22=0x7fd3b20218,x23=0x7fd3b20220,x24=0x0,x25=0x0,x26=0x0,x27=0x0,x28=0x0,x29=0x7fd3b20190,lr=0x5f5c8f4734,sp=0x7fd3b20180,pc=0x7c0c1d9700]
[15012|15012] event_addr:0x7c0c1d9700 hit_count:265, Regs:
[x0=0x1,x1=0x5f5c8f3598,x2=0x1,x3=0x7fd3b201e8,x4=0x0,x5=0x1414d4c,x6=0x1414d4c,x7=0x0,x8=0x9b504536b1897347,x9=0x9b504536b1897347,x10=0x9b504536b1897347,x11=0x3e8,x12=0x3,x13=0x706f6f6c5f657469,x14=0x7c0fa4e280,x15=0x0,x16=0x5f5c8f5a00,x17=0x7c0c1d9700,x18=0x7c0f35c000,x19=0x5f5c8f470c,x20=0x1,x21=0x1,x22=0x7fd3b20218,x23=0x7fd3b20220,x24=0x0,x25=0x0,x26=0x0,x27=0x0,x28=0x0,x29=0x7fd3b20190,lr=0x5f5c8f4734,sp=0x7fd3b20180,pc=0x7c0c1d9700]
[15012|15012] event_addr:0x7c0c1d9700 hit_count:266, Regs:
[x0=0x1,x1=0x5f5c8f3598,x2=0x1,x3=0x7fd3b201e8,x4=0x0,x5=0x1414d4c,x6=0x1414d4c,x7=0x0,x8=0x9b504536b1897347,x9=0x9b504536b1897347,x10=0x9b504536b1897347,x11=0x3e8,x12=0x3,x13=0x706f6f6c5f657469,x14=0x7c0fa4e280,x15=0x0,x16=0x5f5c8f5a00,x17=0x7c0c1d9700,x18=0x7c0f35c000,x19=0x5f5c8f470c,x20=0x1,x21=0x1,x22=0x7fd3b20218,x23=0x7fd3b20220,x24=0x0,x25=0x0,x26=0x0,x27=0x0,x28=0x0,x29=0x7fd3b20190,lr=0x5f5c8f4734,sp=0x7fd3b20180,pc=0x7c0c1d9700]
[15012|15012] event_addr:0x7c0c1d9700 hit_count:267, Regs:
[x0=0x1,x1=0x5f5c8f3598,x2=0x1,x3=0x7fd3b201e8,x4=0x0,x5=0x1414d4c,x6=0x1414d4c,x7=0x0,x8=0x9b504536b1897347,x9=0x9b504536b1897347,x10=0x9b504536b1897347,x11=0x3e8,x12=0x3,x13=0x706f6f6c5f657469,x14=0x7c0fa4e280,x15=0x0,x16=0x5f5c8f5a00,x17=0x7c0c1d9700,x18=0x7c0f35c000,x19=0x5f5c8f470c,x20=0x1,x21=0x1,x22=0x7fd3b20218,x23=0x7fd3b20220,x24=0x0,x25=0x0,x26=0x0,x27=0x0,x28=0x0,x29=0x7fd3b20190,lr=0x5f5c8f4734,sp=0x7fd3b20180,pc=0x7c0c1d9700]
[15012|15012] event_addr:0x7c0c1d9700 hit_count:268, Regs:
[x0=0x1,x1=0x5f5c8f3598,x2=0x1,x3=0x7fd3b201e8,x4=0x0,x5=0x1414d4c,x6=0x1414d4c,x7=0x0,x8=0x9b504536b1897347,x9=0x9b504536b1897347,x10=0x9b504536b1897347,x11=0x3e8,x12=0x3,x13=0x706f6f6c5f657469,x14=0x7c0fa4e280,x15=0x0,x16=0x5f5c8f5a00,x17=0x7c0c1d9700,x18=0x7c0f35c000,x19=0x5f5c8f470c,x20=0x1,x21=0x1,x22=0x7fd3b20218,x23=0x7fd3b20220,x24=0x0,x25=0x0,x26=0x0,x27=0x0,x28=0x0,x29=0x7fd3b20190,lr=0x5f5c8f4734,sp=0x7fd3b20180,pc=0x7c0c1d9700]
[15012|15012] event_addr:0x7c0c1d9700 hit_count:269, Regs:
[x0=0x1,x1=0x5f5c8f3598,x2=0x1,x3=0x7fd3b201e8,x4=0x0,x5=0x1414d4c,x6=0x1414d4c,x7=0x0,x8=0x9b504536b1897347,x9=0x9b504536b1897347,x10=0x9b504536b1897347,x11=0x3e8,x12=0x3,x13=0x706f6f6c5f657469,x14=0x7c0fa4e280,x15=0x0,x16=0x5f5c8f5a00,x17=0x7c0c1d9700,x18=0x7c0f35c000,x19=0x5f5c8f470c,x20=0x1,x21=0x1,x22=0x7fd3b20218,x23=0x7fd3b20220,x24=0x0,x25=0x0,x26=0x0,x27=0x0,x28=0x0,x29=0x7fd3b20190,lr=0x5f5c8f4734,sp=0x7fd3b20180,pc=0x7c0c1d9700]
[15012|15012] event_addr:0x7c0c1d9700 hit_count:270, Regs:
[x0=0x1,x1=0x5f5c8f3598,x2=0x1,x3=0x7fd3b201e8,x4=0x0,x5=0x1414d4c,x6=0x1414d4c,x7=0x0,x8=0x9b504536b1897347,x9=0x9b504536b1897347,x10=0x9b504536b1897347,x11=0x3e8,x12=0x3,x13=0x706f6f6c5f657469,x14=0x7c0fa4e280,x15=0x0,x16=0x5f5c8f5a00,x17=0x7c0c1d9700,x18=0x7c0f35c000,x19=0x5f5c8f470c,x20=0x1,x21=0x1,x22=0x7fd3b20218,x23=0x7fd3b20220,x24=0x0,x25=0x0,x26=0x0,x27=0x0,x28=0x0,x29=0x7fd3b20190,lr=0x5f5c8f4734,sp=0x7fd3b20180,pc=0x7c0c1d9700]
[15012|15012] event_addr:0x7c0c1d9700 hit_count:271, Regs:
[x0=0x1,x1=0x5f5c8f3598,x2=0x1,x3=0x7fd3b201e8,x4=0x0,x5=0x1414d4c,x6=0x1414d4c,x7=0x0,x8=0x9b504536b1897347,x9=0x9b504536b1897347,x10=0x9b504536b1897347,x11=0x3e8,x12=0x3,x13=0x706f6f6c5f657469,x14=0x7c0fa4e280,x15=0x0,x16=0x5f5c8f5a00,x17=0x7c0c1d9700,x18=0x7c0f35c000,x19=0x5f5c8f470c,x20=0x1,x21=0x1,x22=0x7fd3b20218,x23=0x7fd3b20220,x24=0x0,x25=0x0,x26=0x0,x27=0x0,x28=0x0,x29=0x7fd3b20190,lr=0x5f5c8f4734,sp=0x7fd3b20180,pc=0x7c0c1d9700]
[15012|15012] event_addr:0x7c0c1d9700 hit_count:272, Regs:
[x0=0x1,x1=0x5f5c8f3598,x2=0x1,x3=0x7fd3b201e8,x4=0x0,x5=0x1414d4c,x6=0x1414d4c,x7=0x0,x8=0x9b504536b1897347,x9=0x9b504536b1897347,x10=0x9b504536b1897347,x11=0x3e8,x12=0x3,x13=0x706f6f6c5f657469,x14=0x7c0fa4e280,x15=0x0,x16=0x5f5c8f5a00,x17=0x7c0c1d9700,x18=0x7c0f35c000,x19=0x5f5c8f470c,x20=0x1,x21=0x1,x22=0x7fd3b20218,x23=0x7fd3b20220,x24=0x0,x25=0x0,x26=0x0,x27=0x0,x28=0x0,x29=0x7fd3b20190,lr=0x5f5c8f4734,sp=0x7fd3b20180,pc=0x7c0c1d9700]
[15012|15012] event_addr:0x7c0c1d9700 hit_count:273, Regs:
[x0=0x1,x1=0x5f5c8f3598,x2=0x1,x3=0x7fd3b201e8,x4=0x0,x5=0x1414d4c,x6=0x1414d4c,x7=0x0,x8=0x9b504536b1897347,x9=0x9b504536b1897347,x10=0x9b504536b1897347,x11=0x3e8,x12=0x3,x13=0x706f6f6c5f657469,x14=0x7c0fa4e280,x15=0x0,x16=0x5f5c8f5a00,x17=0x7c0c1d9700,x18=0x7c0f35c000,x19=0x5f5c8f470c,x20=0x1,x21=0x1,x22=0x7fd3b20218,x23=0x7fd3b20220,x24=0x0,x25=0x0,x26=0x0,x27=0x0,x28=0x0,x29=0x7fd3b20190,lr=0x5f5c8f4734,sp=0x7fd3b20180,pc=0x7c0c1d9700]
[15012|15012] event_addr:0x7c0c1d9700 hit_count:274, Regs:
[x0=0x1,x1=0x5f5c8f3598,x2=0x1,x3=0x7fd3b201e8,x4=0x0,x5=0x1414d4c,x6=0x1414d4c,x7=0x0,x8=0x9b504536b1897347,x9=0x9b504536b1897347,x10=0x9b504536b1897347,x11=0x3e8,x12=0x3,x13=0x706f6f6c5f657469,x14=0x7c0fa4e280,x15=0x0,x16=0x5f5c8f5a00,x17=0x7c0c1d9700,x18=0x7c0f35c000,x19=0x5f5c8f470c,x20=0x1,x21=0x1,x22=0x7fd3b20218,x23=0x7fd3b20220,x24=0x0,x25=0x0,x26=0x0,x27=0x0,x28=0x0,x29=0x7fd3b20190,lr=0x5f5c8f4734,sp=0x7fd3b20180,pc=0x7c0c1d9700]
[15012|15012] event_addr:0x7c0c1d9700 hit_count:275, Regs:
[x0=0x1,x1=0x5f5c8f3598,x2=0x1,x3=0x7fd3b201e8,x4=0x0,x5=0x1414d4c,x6=0x1414d4c,x7=0x0,x8=0x9b504536b1897347,x9=0x9b504536b1897347,x10=0x9b504536b1897347,x11=0x3e8,x12=0x3,x13=0x706f6f6c5f657469,x14=0x7c0fa4e280,x15=0x0,x16=0x5f5c8f5a00,x17=0x7c0c1d9700,x18=0x7c0f35c000,x19=0x5f5c8f470c,x20=0x1,x21=0x1,x22=0x7fd3b20218,x23=0x7fd3b20220,x24=0x0,x25=0x0,x26=0x0,x27=0x0,x28=0x0,x29=0x7fd3b20190,lr=0x5f5c8f4734,sp=0x7fd3b20180,pc=0x7c0c1d9700]
[15012|15012] event_addr:0x7c0c1d9700 hit_count:276, Regs:
[x0=0x1,x1=0x5f5c8f3598,x2=0x1,x3=0x7fd3b201e8,x4=0x0,x5=0x1414d4c,x6=0x1414d4c,x7=0x0,x8=0x9b504536b1897347,x9=0x9b504536b1897347,x10=0x9b504536b1897347,x11=0x3e8,x12=0x3,x13=0x706f6f6c5f657469,x14=0x7c0fa4e280,x15=0x0,x16=0x5f5c8f5a00,x17=0x7c0c1d9700,x18=0x7c0f35c000,x19=0x5f5c8f470c,x20=0x1,x21=0x1,x22=0x7fd3b20218,x23=0x7fd3b20220,x24=0x0,x25=0x0,x26=0x0,x27=0x0,x28=0x0,x29=0x7fd3b20190,lr=0x5f5c8f4734,sp=0x7fd3b20180,pc=0x7c0c1d9700]
[15012|15012] event_addr:0x7c0c1d9700 hit_count:277, Regs:
[x0=0x1,x1=0x5f5c8f3598,x2=0x1,x3=0x7fd3b201e8,x4=0x0,x5=0x1414d4c,x6=0x1414d4c,x7=0x0,x8=0x9b504536b1897347,x9=0x9b504536b1897347,x10=0x9b504536b1897347,x11=0x3e8,x12=0x3,x13=0x706f6f6c5f657469,x14=0x7c0fa4e280,x15=0x0,x16=0x5f5c8f5a00,x17=0x7c0c1d9700,x18=0x7c0f35c000,x19=0x5f5c8f470c,x20=0x1,x21=0x1,x22=0x7fd3b20218,x23=0x7fd3b20220,x24=0x0,x25=0x0,x26=0x0,x27=0x0,x28=0x0,x29=0x7fd3b20190,lr=0x5f5c8f4734,sp=0x7fd3b20180,pc=0x7c0c1d9700]
[15012|15012] event_addr:0x7c0c1d9700 hit_count:278, Regs:
[x0=0x1,x1=0x5f5c8f3598,x2=0x1,x3=0x7fd3b201e8,x4=0x0,x5=0x1414d4c,x6=0x1414d4c,x7=0x0,x8=0x9b504536b1897347,x9=0x9b504536b1897347,x10=0x9b504536b1897347,x11=0x3e8,x12=0x3,x13=0x706f6f6c5f657469,x14=0x7c0fa4e280,x15=0x0,x16=0x5f5c8f5a00,x17=0x7c0c1d9700,x18=0x7c0f35c000,x19=0x5f5c8f470c,x20=0x1,x21=0x1,x22=0x7fd3b20218,x23=0x7fd3b20220,x24=0x0,x25=0x0,x26=0x0,x27=0x0,x28=0x0,x29=0x7fd3b20190,lr=0x5f5c8f4734,sp=0x7fd3b20180,pc=0x7c0c1d9700]
[15012|15012] event_addr:0x7c0c1d9700 hit_count:279, Regs:
[x0=0x1,x1=0x5f5c8f3598,x2=0x1,x3=0x7fd3b201e8,x4=0x0,x5=0x1414d4c,x6=0x1414d4c,x7=0x0,x8=0x9b504536b1897347,x9=0x9b504536b1897347,x10=0x9b504536b1897347,x11=0x3e8,x12=0x3,x13=0x706f6f6c5f657469,x14=0x7c0fa4e280,x15=0x0,x16=0x5f5c8f5a00,x17=0x7c0c1d9700,x18=0x7c0f35c000,x19=0x5f5c8f470c,x20=0x1,x21=0x1,x22=0x7fd3b20218,x23=0x7fd3b20220,x24=0x0,x25=0x0,x26=0x0,x27=0x0,x28=0x0,x29=0x7fd3b20190,lr=0x5f5c8f4734,sp=0x7fd3b20180,pc=0x7c0c1d9700]
[15012|15012] event_addr:0x7c0c1d9700 hit_count:280, Regs:
[x0=0x1,x1=0x5f5c8f3598,x2=0x1,x3=0x7fd3b201e8,x4=0x0,x5=0x1414d4c,x6=0x1414d4c,x7=0x0,x8=0x9b504536b1897347,x9=0x9b504536b1897347,x10=0x9b504536b1897347,x11=0x3e8,x12=0x3,x13=0x706f6f6c5f657469,x14=0x7c0fa4e280,x15=0x0,x16=0x5f5c8f5a00,x17=0x7c0c1d9700,x18=0x7c0f35c000,x19=0x5f5c8f470c,x20=0x1,x21=0x1,x22=0x7fd3b20218,x23=0x7fd3b20220,x24=0x0,x25=0x0,x26=0x0,x27=0x0,x28=0x0,x29=0x7fd3b20190,lr=0x5f5c8f4734,sp=0x7fd3b20180,pc=0x7c0c1d9700]
[15012|15012] event_addr:0x7c0c1d9700 hit_count:281, Regs:
[x0=0x1,x1=0x5f5c8f3598,x2=0x1,x3=0x7fd3b201e8,x4=0x0,x5=0x1414d4c,x6=0x1414d4c,x7=0x0,x8=0x9b504536b1897347,x9=0x9b504536b1897347,x10=0x9b504536b1897347,x11=0x3e8,x12=0x3,x13=0x706f6f6c5f657469,x14=0x7c0fa4e280,x15=0x0,x16=0x5f5c8f5a00,x17=0x7c0c1d9700,x18=0x7c0f35c000,x19=0x5f5c8f470c,x20=0x1,x21=0x1,x22=0x7fd3b20218,x23=0x7fd3b20220,x24=0x0,x25=0x0,x26=0x0,x27=0x0,x28=0x0,x29=0x7fd3b20190,lr=0x5f5c8f4734,sp=0x7fd3b20180,pc=0x7c0c1d9700]
[15012|15012] event_addr:0x7c0c1d9700 hit_count:282, Regs:
[x0=0x1,x1=0x5f5c8f3598,x2=0x1,x3=0x7fd3b201e8,x4=0x0,x5=0x1414d4c,x6=0x1414d4c,x7=0x0,x8=0x9b504536b1897347,x9=0x9b504536b1897347,x10=0x9b504536b1897347,x11=0x3e8,x12=0x3,x13=0x706f6f6c5f657469,x14=0x7c0fa4e280,x15=0x0,x16=0x5f5c8f5a00,x17=0x7c0c1d9700,x18=0x7c0f35c000,x19=0x5f5c8f470c,x20=0x1,x21=0x1,x22=0x7fd3b20218,x23=0x7fd3b20220,x24=0x0,x25=0x0,x26=0x0,x27=0x0,x28=0x0,x29=0x7fd3b20190,lr=0x5f5c8f4734,sp=0x7fd3b20180,pc=0x7c0c1d9700]
[15012|15012] event_addr:0x7c0c1d9700 hit_count:283, Regs:
[x0=0x1,x1=0x5f5c8f3598,x2=0x1,x3=0x7fd3b201e8,x4=0x0,x5=0x1414d4c,x6=0x1414d4c,x7=0x0,x8=0x9b504536b1897347,x9=0x9b504536b1897347,x10=0x9b504536b1897347,x11=0x3e8,x12=0x3,x13=0x706f6f6c5f657469,x14=0x7c0fa4e280,x15=0x0,x16=0x5f5c8f5a00,x17=0x7c0c1d9700,x18=0x7c0f35c000,x19=0x5f5c8f470c,x20=0x1,x21=0x1,x22=0x7fd3b20218,x23=0x7fd3b20220,x24=0x0,x25=0x0,x26=0x0,x27=0x0,x28=0x0,x29=0x7fd3b20190,lr=0x5f5c8f4734,sp=0x7fd3b20180,pc=0x7c0c1d9700]
[15012|15012] event_addr:0x7c0c1d9700 hit_count:284, Regs:
[x0=0x1,x1=0x5f5c8f3598,x2=0x1,x3=0x7fd3b201e8,x4=0x0,x5=0x1414d4c,x6=0x1414d4c,x7=0x0,x8=0x9b504536b1897347,x9=0x9b504536b1897347,x10=0x9b504536b1897347,x11=0x3e8,x12=0x3,x13=0x706f6f6c5f657469,x14=0x7c0fa4e280,x15=0x0,x16=0x5f5c8f5a00,x17=0x7c0c1d9700,x18=0x7c0f35c000,x19=0x5f5c8f470c,x20=0x1,x21=0x1,x22=0x7fd3b20218,x23=0x7fd3b20220,x24=0x0,x25=0x0,x26=0x0,x27=0x0,x28=0x0,x29=0x7fd3b20190,lr=0x5f5c8f4734,sp=0x7fd3b20180,pc=0x7c0c1d9700]
[15012|15012] event_addr:0x7c0c1d9700 hit_count:285, Regs:
[x0=0x1,x1=0x5f5c8f3598,x2=0x1,x3=0x7fd3b201e8,x4=0x0,x5=0x1414d4c,x6=0x1414d4c,x7=0x0,x8=0x9b504536b1897347,x9=0x9b504536b1897347,x10=0x9b504536b1897347,x11=0x3e8,x12=0x3,x13=0x706f6f6c5f657469,x14=0x7c0fa4e280,x15=0x0,x16=0x5f5c8f5a00,x17=0x7c0c1d9700,x18=0x7c0f35c000,x19=0x5f5c8f470c,x20=0x1,x21=0x1,x22=0x7fd3b20218,x23=0x7fd3b20220,x24=0x0,x25=0x0,x26=0x0,x27=0x0,x28=0x0,x29=0x7fd3b20190,lr=0x5f5c8f4734,sp=0x7fd3b20180,pc=0x7c0c1d9700]
[15012|15012] event_addr:0x7c0c1d9700 hit_count:286, Regs:
[x0=0x1,x1=0x5f5c8f3598,x2=0x1,x3=0x7fd3b201e8,x4=0x0,x5=0x1414d4c,x6=0x1414d4c,x7=0x0,x8=0x9b504536b1897347,x9=0x9b504536b1897347,x10=0x9b504536b1897347,x11=0x3e8,x12=0x3,x13=0x706f6f6c5f657469,x14=0x7c0fa4e280,x15=0x0,x16=0x5f5c8f5a00,x17=0x7c0c1d9700,x18=0x7c0f35c000,x19=0x5f5c8f470c,x20=0x1,x21=0x1,x22=0x7fd3b20218,x23=0x7fd3b20220,x24=0x0,x25=0x0,x26=0x0,x27=0x0,x28=0x0,x29=0x7fd3b20190,lr=0x5f5c8f4734,sp=0x7fd3b20180,pc=0x7c0c1d9700]
[15012|15012] event_addr:0x7c0c1d9700 hit_count:287, Regs:
[x0=0x1,x1=0x5f5c8f3598,x2=0x1,x3=0x7fd3b201e8,x4=0x0,x5=0x1414d4c,x6=0x1414d4c,x7=0x0,x8=0x9b504536b1897347,x9=0x9b504536b1897347,x10=0x9b504536b1897347,x11=0x3e8,x12=0x3,x13=0x706f6f6c5f657469,x14=0x7c0fa4e280,x15=0x0,x16=0x5f5c8f5a00,x17=0x7c0c1d9700,x18=0x7c0f35c000,x19=0x5f5c8f470c,x20=0x1,x21=0x1,x22=0x7fd3b20218,x23=0x7fd3b20220,x24=0x0,x25=0x0,x26=0x0,x27=0x0,x28=0x0,x29=0x7fd3b20190,lr=0x5f5c8f4734,sp=0x7fd3b20180,pc=0x7c0c1d9700]
[15012|15012] event_addr:0x7c0c1d9700 hit_count:288, Regs:
[x0=0x1,x1=0x5f5c8f3598,x2=0x1,x3=0x7fd3b201e8,x4=0x0,x5=0x1414d4c,x6=0x1414d4c,x7=0x0,x8=0x9b504536b1897347,x9=0x9b504536b1897347,x10=0x9b504536b1897347,x11=0x3e8,x12=0x3,x13=0x706f6f6c5f657469,x14=0x7c0fa4e280,x15=0x0,x16=0x5f5c8f5a00,x17=0x7c0c1d9700,x18=0x7c0f35c000,x19=0x5f5c8f470c,x20=0x1,x21=0x1,x22=0x7fd3b20218,x23=0x7fd3b20220,x24=0x0,x25=0x0,x26=0x0,x27=0x0,x28=0x0,x29=0x7fd3b20190,lr=0x5f5c8f4734,sp=0x7fd3b20180,pc=0x7c0c1d9700]
[15012|15012] event_addr:0x7c0c1d9700 hit_count:289, Regs:
[x0=0x1,x1=0x5f5c8f3598,x2=0x1,x3=0x7fd3b201e8,x4=0x0,x5=0x1414d4c,x6=0x1414d4c,x7=0x0,x8=0x9b504536b1897347,x9=0x9b504536b1897347,x10=0x9b504536b1897347,x11=0x3e8,x12=0x3,x13=0x706f6f6c5f657469,x14=0x7c0fa4e280,x15=0x0,x16=0x5f5c8f5a00,x17=0x7c0c1d9700,x18=0x7c0f35c000,x19=0x5f5c8f470c,x20=0x1,x21=0x1,x22=0x7fd3b20218,x23=0x7fd3b20220,x24=0x0,x25=0x0,x26=0x0,x27=0x0,x28=0x0,x29=0x7fd3b20190,lr=0x5f5c8f4734,sp=0x7fd3b20180,pc=0x7c0c1d9700]
[15012|15012] event_addr:0x7c0c1d9700 hit_count:290, Regs:
[x0=0x1,x1=0x5f5c8f3598,x2=0x1,x3=0x7fd3b201e8,x4=0x0,x5=0x1414d4c,x6=0x1414d4c,x7=0x0,x8=0x9b504536b1897347,x9=0x9b504536b1897347,x10=0x9b504536b1897347,x11=0x3e8,x12=0x3,x13=0x706f6f6c5f657469,x14=0x7c0fa4e280,x15=0x0,x16=0x5f5c8f5a00,x17=0x7c0c1d9700,x18=0x7c0f35c000,x19=0x5f5c8f470c,x20=0x1,x21=0x1,x22=0x7fd3b20218,x23=0x7fd3b20220,x24=0x0,x25=0x0,x26=0x0,x27=0x0,x28=0x0,x29=0x7fd3b20190,lr=0x5f5c8f4734,sp=0x7fd3b20180,pc=0x7c0c1d9700]
[15012|15012] event_addr:0x7c0c1d9700 hit_count:291, Regs:
[x0=0x1,x1=0x5f5c8f3598,x2=0x1,x3=0x7fd3b201e8,x4=0x0,x5=0x1414d4c,x6=0x1414d4c,x7=0x0,x8=0x9b504536b1897347,x9=0x9b504536b1897347,x10=0x9b504536b1897347,x11=0x3e8,x12=0x3,x13=0x706f6f6c5f657469,x14=0x7c0fa4e280,x15=0x0,x16=0x5f5c8f5a00,x17=0x7c0c1d9700,x18=0x7c0f35c000,x19=0x5f5c8f470c,x20=0x1,x21=0x1,x22=0x7fd3b20218,x23=0x7fd3b20220,x24=0x0,x25=0x0,x26=0x0,x27=0x0,x28=0x0,x29=0x7fd3b20190,lr=0x5f5c8f4734,sp=0x7fd3b20180,pc=0x7c0c1d9700]
[15012|15012] event_addr:0x7c0c1d9700 hit_count:292, Regs:
[x0=0x1,x1=0x5f5c8f3598,x2=0x1,x3=0x7fd3b201e8,x4=0x0,x5=0x1414d4c,x6=0x1414d4c,x7=0x0,x8=0x9b504536b1897347,x9=0x9b504536b1897347,x10=0x9b504536b1897347,x11=0x3e8,x12=0x3,x13=0x706f6f6c5f657469,x14=0x7c0fa4e280,x15=0x0,x16=0x5f5c8f5a00,x17=0x7c0c1d9700,x18=0x7c0f35c000,x19=0x5f5c8f470c,x20=0x1,x21=0x1,x22=0x7fd3b20218,x23=0x7fd3b20220,x24=0x0,x25=0x0,x26=0x0,x27=0x0,x28=0x0,x29=0x7fd3b20190,lr=0x5f5c8f4734,sp=0x7fd3b20180,pc=0x7c0c1d9700]
[15012|15012] event_addr:0x7c0c1d9700 hit_count:293, Regs:
[x0=0x1,x1=0x5f5c8f3598,x2=0x1,x3=0x7fd3b201e8,x4=0x0,x5=0x1414d4c,x6=0x1414d4c,x7=0x0,x8=0x9b504536b1897347,x9=0x9b504536b1897347,x10=0x9b504536b1897347,x11=0x3e8,x12=0x3,x13=0x706f6f6c5f657469,x14=0x7c0fa4e280,x15=0x0,x16=0x5f5c8f5a00,x17=0x7c0c1d9700,x18=0x7c0f35c000,x19=0x5f5c8f470c,x20=0x1,x21=0x1,x22=0x7fd3b20218,x23=0x7fd3b20220,x24=0x0,x25=0x0,x26=0x0,x27=0x0,x28=0x0,x29=0x7fd3b20190,lr=0x5f5c8f4734,sp=0x7fd3b20180,pc=0x7c0c1d9700]
[15012|15012] event_addr:0x7c0c1d9700 hit_count:294, Regs:
[x0=0x1,x1=0x5f5c8f3598,x2=0x1,x3=0x7fd3b201e8,x4=0x0,x5=0x1414d4c,x6=0x1414d4c,x7=0x0,x8=0x9b504536b1897347,x9=0x9b504536b1897347,x10=0x9b504536b1897347,x11=0x3e8,x12=0x3,x13=0x706f6f6c5f657469,x14=0x7c0fa4e280,x15=0x0,x16=0x5f5c8f5a00,x17=0x7c0c1d9700,x18=0x7c0f35c000,x19=0x5f5c8f470c,x20=0x1,x21=0x1,x22=0x7fd3b20218,x23=0x7fd3b20220,x24=0x0,x25=0x0,x26=0x0,x27=0x0,x28=0x0,x29=0x7fd3b20190,lr=0x5f5c8f4734,sp=0x7fd3b20180,pc=0x7c0c1d9700]
[15012|15012] event_addr:0x7c0c1d9700 hit_count:295, Regs:
[x0=0x1,x1=0x5f5c8f3598,x2=0x1,x3=0x7fd3b201e8,x4=0x0,x5=0x1414d4c,x6=0x1414d4c,x7=0x0,x8=0x9b504536b1897347,x9=0x9b504536b1897347,x10=0x9b504536b1897347,x11=0x3e8,x12=0x3,x13=0x706f6f6c5f657469,x14=0x7c0fa4e280,x15=0x0,x16=0x5f5c8f5a00,x17=0x7c0c1d9700,x18=0x7c0f35c000,x19=0x5f5c8f470c,x20=0x1,x21=0x1,x22=0x7fd3b20218,x23=0x7fd3b20220,x24=0x0,x25=0x0,x26=0x0,x27=0x0,x28=0x0,x29=0x7fd3b20190,lr=0x5f5c8f4734,sp=0x7fd3b20180,pc=0x7c0c1d9700]
[15012|15012] event_addr:0x7c0c1d9700 hit_count:296, Regs:
[x0=0x1,x1=0x5f5c8f3598,x2=0x1,x3=0x7fd3b201e8,x4=0x0,x5=0x1414d4c,x6=0x1414d4c,x7=0x0,x8=0x9b504536b1897347,x9=0x9b504536b1897347,x10=0x9b504536b1897347,x11=0x3e8,x12=0x3,x13=0x706f6f6c5f657469,x14=0x7c0fa4e280,x15=0x0,x16=0x5f5c8f5a00,x17=0x7c0c1d9700,x18=0x7c0f35c000,x19=0x5f5c8f470c,x20=0x1,x21=0x1,x22=0x7fd3b20218,x23=0x7fd3b20220,x24=0x0,x25=0x0,x26=0x0,x27=0x0,x28=0x0,x29=0x7fd3b20190,lr=0x5f5c8f4734,sp=0x7fd3b20180,pc=0x7c0c1d9700]
[15012|15012] event_addr:0x7c0c1d9700 hit_count:297, Regs:
[x0=0x1,x1=0x5f5c8f3598,x2=0x1,x3=0x7fd3b201e8,x4=0x0,x5=0x1414d4c,x6=0x1414d4c,x7=0x0,x8=0x9b504536b1897347,x9=0x9b504536b1897347,x10=0x9b504536b1897347,x11=0x3e8,x12=0x3,x13=0x706f6f6c5f657469,x14=0x7c0fa4e280,x15=0x0,x16=0x5f5c8f5a00,x17=0x7c0c1d9700,x18=0x7c0f35c000,x19=0x5f5c8f470c,x20=0x1,x21=0x1,x22=0x7fd3b20218,x23=0x7fd3b20220,x24=0x0,x25=0x0,x26=0x0,x27=0x0,x28=0x0,x29=0x7fd3b20190,lr=0x5f5c8f4734,sp=0x7fd3b20180,pc=0x7c0c1d9700]
[15012|15012] event_addr:0x7c0c1d9700 hit_count:298, Regs:
[x0=0x1,x1=0x5f5c8f3598,x2=0x1,x3=0x7fd3b201e8,x4=0x0,x5=0x1414d4c,x6=0x1414d4c,x7=0x0,x8=0x9b504536b1897347,x9=0x9b504536b1897347,x10=0x9b504536b1897347,x11=0x3e8,x12=0x3,x13=0x706f6f6c5f657469,x14=0x7c0fa4e280,x15=0x0,x16=0x5f5c8f5a00,x17=0x7c0c1d9700,x18=0x7c0f35c000,x19=0x5f5c8f470c,x20=0x1,x21=0x1,x22=0x7fd3b20218,x23=0x7fd3b20220,x24=0x0,x25=0x0,x26=0x0,x27=0x0,x28=0x0,x29=0x7fd3b20190,lr=0x5f5c8f4734,sp=0x7fd3b20180,pc=0x7c0c1d9700]
[15012|15012] event_addr:0x7c0c1d9700 hit_count:299, Regs:
[x0=0x1,x1=0x5f5c8f3598,x2=0x1,x3=0x7fd3b201e8,x4=0x0,x5=0x1414d4c,x6=0x1414d4c,x7=0x0,x8=0x9b504536b1897347,x9=0x9b504536b1897347,x10=0x9b504536b1897347,x11=0x3e8,x12=0x3,x13=0x706f6f6c5f657469,x14=0x7c0fa4e280,x15=0x0,x16=0x5f5c8f5a00,x17=0x7c0c1d9700,x18=0x7c0f35c000,x19=0x5f5c8f470c,x20=0x1,x21=0x1,x22=0x7fd3b20218,x23=0x7fd3b20220,x24=0x0,x25=0x0,x26=0x0,x27=0x0,x28=0x0,x29=0x7fd3b20190,lr=0x5f5c8f4734,sp=0x7fd3b20180,pc=0x7c0c1d9700]
[15012|15012] event_addr:0x7c0c1d9700 hit_count:300, Regs:
[x0=0x1,x1=0x5f5c8f3598,x2=0x1,x3=0x7fd3b201e8,x4=0x0,x5=0x1414d4c,x6=0x1414d4c,x7=0x0,x8=0x9b504536b1897347,x9=0x9b504536b1897347,x10=0x9b504536b1897347,x11=0x3e8,x12=0x3,x13=0x706f6f6c5f657469,x14=0x7c0fa4e280,x15=0x0,x16=0x5f5c8f5a00,x17=0x7c0c1d9700,x18=0x7c0f35c000,x19=0x5f5c8f470c,x20=0x1,x21=0x1,x22=0x7fd3b20218,x23=0x7fd3b20220,x24=0x0,x25=0x0,x26=0x0,x27=0x0,x28=0x0,x29=0x7fd3b20190,lr=0x5f5c8f4734,sp=0x7fd3b20180,pc=0x7c0c1d9700]
[15012|15012] event_addr:0x7c0c1d9700 hit_count:301, Regs:
[x0=0x1,x1=0x5f5c8f3598,x2=0x1,x3=0x7fd3b201e8,x4=0x0,x5=0x1414d4c,x6=0x1414d4c,x7=0x0,x8=0x9b504536b1897347,x9=0x9b504536b1897347,x10=0x9b504536b1897347,x11=0x3e8,x12=0x3,x13=0x706f6f6c5f657469,x14=0x7c0fa4e280,x15=0x0,x16=0x5f5c8f5a00,x17=0x7c0c1d9700,x18=0x7c0f35c000,x19=0x5f5c8f470c,x20=0x1,x21=0x1,x22=0x7fd3b20218,x23=0x7fd3b20220,x24=0x0,x25=0x0,x26=0x0,x27=0x0,x28=0x0,x29=0x7fd3b20190,lr=0x5f5c8f4734,sp=0x7fd3b20180,pc=0x7c0c1d9700]
[15012|15012] event_addr:0x7c0c1d9700 hit_count:302, Regs:
[x0=0x1,x1=0x5f5c8f3598,x2=0x1,x3=0x7fd3b201e8,x4=0x0,x5=0x1414d4c,x6=0x1414d4c,x7=0x0,x8=0x9b504536b1897347,x9=0x9b504536b1897347,x10=0x9b504536b1897347,x11=0x3e8,x12=0x3,x13=0x706f6f6c5f657469,x14=0x7c0fa4e280,x15=0x0,x16=0x5f5c8f5a00,x17=0x7c0c1d9700,x18=0x7c0f35c000,x19=0x5f5c8f470c,x20=0x1,x21=0x1,x22=0x7fd3b20218,x23=0x7fd3b20220,x24=0x0,x25=0x0,x26=0x0,x27=0x0,x28=0x0,x29=0x7fd3b20190,lr=0x5f5c8f4734,sp=0x7fd3b20180,pc=0x7c0c1d9700]
[15012|15012] event_addr:0x7c0c1d9700 hit_count:303, Regs:
[x0=0x1,x1=0x5f5c8f3598,x2=0x1,x3=0x7fd3b201e8,x4=0x0,x5=0x1414d4c,x6=0x1414d4c,x7=0x0,x8=0x9b504536b1897347,x9=0x9b504536b1897347,x10=0x9b504536b1897347,x11=0x3e8,x12=0x3,x13=0x706f6f6c5f657469,x14=0x7c0fa4e280,x15=0x0,x16=0x5f5c8f5a00,x17=0x7c0c1d9700,x18=0x7c0f35c000,x19=0x5f5c8f470c,x20=0x1,x21=0x1,x22=0x7fd3b20218,x23=0x7fd3b20220,x24=0x0,x25=0x0,x26=0x0,x27=0x0,x28=0x0,x29=0x7fd3b20190,lr=0x5f5c8f4734,sp=0x7fd3b20180,pc=0x7c0c1d9700]
[15012|15012] event_addr:0x7c0c1d9700 hit_count:304, Regs:
[x0=0x1,x1=0x5f5c8f3598,x2=0x1,x3=0x7fd3b201e8,x4=0x0,x5=0x1414d4c,x6=0x1414d4c,x7=0x0,x8=0x9b504536b1897347,x9=0x9b504536b1897347,x10=0x9b504536b1897347,x11=0x3e8,x12=0x3,x13=0x706f6f6c5f657469,x14=0x7c0fa4e280,x15=0x0,x16=0x5f5c8f5a00,x17=0x7c0c1d9700,x18=0x7c0f35c000,x19=0x5f5c8f470c,x20=0x1,x21=0x1,x22=0x7fd3b20218,x23=0x7fd3b20220,x24=0x0,x25=0x0,x26=0x0,x27=0x0,x28=0x0,x29=0x7fd3b20190,lr=0x5f5c8f4734,sp=0x7fd3b20180,pc=0x7c0c1d9700]
[15012|15012] event_addr:0x7c0c1d9700 hit_count:305, Regs:
[x0=0x1,x1=0x5f5c8f3598,x2=0x1,x3=0x7fd3b201e8,x4=0x0,x5=0x1414d4c,x6=0x1414d4c,x7=0x0,x8=0x9b504536b1897347,x9=0x9b504536b1897347,x10=0x9b504536b1897347,x11=0x3e8,x12=0x3,x13=0x706f6f6c5f657469,x14=0x7c0fa4e280,x15=0x0,x16=0x5f5c8f5a00,x17=0x7c0c1d9700,x18=0x7c0f35c000,x19=0x5f5c8f470c,x20=0x1,x21=0x1,x22=0x7fd3b20218,x23=0x7fd3b20220,x24=0x0,x25=0x0,x26=0x0,x27=0x0,x28=0x0,x29=0x7fd3b20190,lr=0x5f5c8f4734,sp=0x7fd3b20180,pc=0x7c0c1d9700]
[15012|15012] event_addr:0x7c0c1d9700 hit_count:306, Regs:
[x0=0x1,x1=0x5f5c8f3598,x2=0x1,x3=0x7fd3b201e8,x4=0x0,x5=0x1414d4c,x6=0x1414d4c,x7=0x0,x8=0x9b504536b1897347,x9=0x9b504536b1897347,x10=0x9b504536b1897347,x11=0x3e8,x12=0x3,x13=0x706f6f6c5f657469,x14=0x7c0fa4e280,x15=0x0,x16=0x5f5c8f5a00,x17=0x7c0c1d9700,x18=0x7c0f35c000,x19=0x5f5c8f470c,x20=0x1,x21=0x1,x22=0x7fd3b20218,x23=0x7fd3b20220,x24=0x0,x25=0x0,x26=0x0,x27=0x0,x28=0x0,x29=0x7fd3b20190,lr=0x5f5c8f4734,sp=0x7fd3b20180,pc=0x7c0c1d9700]
[15012|15012] event_addr:0x7c0c1d9700 hit_count:307, Regs:
[x0=0x1,x1=0x5f5c8f3598,x2=0x1,x3=0x7fd3b201e8,x4=0x0,x5=0x1414d4c,x6=0x1414d4c,x7=0x0,x8=0x9b504536b1897347,x9=0x9b504536b1897347,x10=0x9b504536b1897347,x11=0x3e8,x12=0x3,x13=0x706f6f6c5f657469,x14=0x7c0fa4e280,x15=0x0,x16=0x5f5c8f5a00,x17=0x7c0c1d9700,x18=0x7c0f35c000,x19=0x5f5c8f470c,x20=0x1,x21=0x1,x22=0x7fd3b20218,x23=0x7fd3b20220,x24=0x0,x25=0x0,x26=0x0,x27=0x0,x28=0x0,x29=0x7fd3b20190,lr=0x5f5c8f4734,sp=0x7fd3b20180,pc=0x7c0c1d9700]
[15012|15012] event_addr:0x7c0c1d9700 hit_count:308, Regs:
[x0=0x1,x1=0x5f5c8f3598,x2=0x1,x3=0x7fd3b201e8,x4=0x0,x5=0x1414d4c,x6=0x1414d4c,x7=0x0,x8=0x9b504536b1897347,x9=0x9b504536b1897347,x10=0x9b504536b1897347,x11=0x3e8,x12=0x3,x13=0x706f6f6c5f657469,x14=0x7c0fa4e280,x15=0x0,x16=0x5f5c8f5a00,x17=0x7c0c1d9700,x18=0x7c0f35c000,x19=0x5f5c8f470c,x20=0x1,x21=0x1,x22=0x7fd3b20218,x23=0x7fd3b20220,x24=0x0,x25=0x0,x26=0x0,x27=0x0,x28=0x0,x29=0x7fd3b20190,lr=0x5f5c8f4734,sp=0x7fd3b20180,pc=0x7c0c1d9700]
[15012|15012] event_addr:0x7c0c1d9700 hit_count:309, Regs:
[x0=0x1,x1=0x5f5c8f3598,x2=0x1,x3=0x7fd3b201e8,x4=0x0,x5=0x1414d4c,x6=0x1414d4c,x7=0x0,x8=0x9b504536b1897347,x9=0x9b504536b1897347,x10=0x9b504536b1897347,x11=0x3e8,x12=0x3,x13=0x706f6f6c5f657469,x14=0x7c0fa4e280,x15=0x0,x16=0x5f5c8f5a00,x17=0x7c0c1d9700,x18=0x7c0f35c000,x19=0x5f5c8f470c,x20=0x1,x21=0x1,x22=0x7fd3b20218,x23=0x7fd3b20220,x24=0x0,x25=0x0,x26=0x0,x27=0x0,x28=0x0,x29=0x7fd3b20190,lr=0x5f5c8f4734,sp=0x7fd3b20180,pc=0x7c0c1d9700]
[15012|15012] event_addr:0x7c0c1d9700 hit_count:310, Regs:
[x0=0x1,x1=0x5f5c8f3598,x2=0x1,x3=0x7fd3b201e8,x4=0x0,x5=0x1414d4c,x6=0x1414d4c,x7=0x0,x8=0x9b504536b1897347,x9=0x9b504536b1897347,x10=0x9b504536b1897347,x11=0x3e8,x12=0x3,x13=0x706f6f6c5f657469,x14=0x7c0fa4e280,x15=0x0,x16=0x5f5c8f5a00,x17=0x7c0c1d9700,x18=0x7c0f35c000,x19=0x5f5c8f470c,x20=0x1,x21=0x1,x22=0x7fd3b20218,x23=0x7fd3b20220,x24=0x0,x25=0x0,x26=0x0,x27=0x0,x28=0x0,x29=0x7fd3b20190,lr=0x5f5c8f4734,sp=0x7fd3b20180,pc=0x7c0c1d9700]
[15012|15012] event_addr:0x7c0c1d9700 hit_count:311, Regs:
[x0=0x1,x1=0x5f5c8f3598,x2=0x1,x3=0x7fd3b201e8,x4=0x0,x5=0x1414d4c,x6=0x1414d4c,x7=0x0,x8=0x9b504536b1897347,x9=0x9b504536b1897347,x10=0x9b504536b1897347,x11=0x3e8,x12=0x3,x13=0x706f6f6c5f657469,x14=0x7c0fa4e280,x15=0x0,x16=0x5f5c8f5a00,x17=0x7c0c1d9700,x18=0x7c0f35c000,x19=0x5f5c8f470c,x20=0x1,x21=0x1,x22=0x7fd3b20218,x23=0x7fd3b20220,x24=0x0,x25=0x0,x26=0x0,x27=0x0,x28=0x0,x29=0x7fd3b20190,lr=0x5f5c8f4734,sp=0x7fd3b20180,pc=0x7c0c1d9700]
[15012|15012] event_addr:0x7c0c1d9700 hit_count:312, Regs:
[x0=0x1,x1=0x5f5c8f3598,x2=0x1,x3=0x7fd3b201e8,x4=0x0,x5=0x1414d4c,x6=0x1414d4c,x7=0x0,x8=0x9b504536b1897347,x9=0x9b504536b1897347,x10=0x9b504536b1897347,x11=0x3e8,x12=0x3,x13=0x706f6f6c5f657469,x14=0x7c0fa4e280,x15=0x0,x16=0x5f5c8f5a00,x17=0x7c0c1d9700,x18=0x7c0f35c000,x19=0x5f5c8f470c,x20=0x1,x21=0x1,x22=0x7fd3b20218,x23=0x7fd3b20220,x24=0x0,x25=0x0,x26=0x0,x27=0x0,x28=0x0,x29=0x7fd3b20190,lr=0x5f5c8f4734,sp=0x7fd3b20180,pc=0x7c0c1d9700]
[15012|15012] event_addr:0x7c0c1d9700 hit_count:313, Regs:
[x0=0x1,x1=0x5f5c8f3598,x2=0x1,x3=0x7fd3b201e8,x4=0x0,x5=0x1414d4c,x6=0x1414d4c,x7=0x0,x8=0x9b504536b1897347,x9=0x9b504536b1897347,x10=0x9b504536b1897347,x11=0x3e8,x12=0x3,x13=0x706f6f6c5f657469,x14=0x7c0fa4e280,x15=0x0,x16=0x5f5c8f5a00,x17=0x7c0c1d9700,x18=0x7c0f35c000,x19=0x5f5c8f470c,x20=0x1,x21=0x1,x22=0x7fd3b20218,x23=0x7fd3b20220,x24=0x0,x25=0x0,x26=0x0,x27=0x0,x28=0x0,x29=0x7fd3b20190,lr=0x5f5c8f4734,sp=0x7fd3b20180,pc=0x7c0c1d9700]
[15012|15012] event_addr:0x7c0c1d9700 hit_count:314, Regs:
[x0=0x1,x1=0x5f5c8f3598,x2=0x1,x3=0x7fd3b201e8,x4=0x0,x5=0x1414d4c,x6=0x1414d4c,x7=0x0,x8=0x9b504536b1897347,x9=0x9b504536b1897347,x10=0x9b504536b1897347,x11=0x3e8,x12=0x3,x13=0x706f6f6c5f657469,x14=0x7c0fa4e280,x15=0x0,x16=0x5f5c8f5a00,x17=0x7c0c1d9700,x18=0x7c0f35c000,x19=0x5f5c8f470c,x20=0x1,x21=0x1,x22=0x7fd3b20218,x23=0x7fd3b20220,x24=0x0,x25=0x0,x26=0x0,x27=0x0,x28=0x0,x29=0x7fd3b20190,lr=0x5f5c8f4734,sp=0x7fd3b20180,pc=0x7c0c1d9700]
[15012|15012] event_addr:0x7c0c1d9700 hit_count:315, Regs:
[x0=0x1,x1=0x5f5c8f3598,x2=0x1,x3=0x7fd3b201e8,x4=0x0,x5=0x1414d4c,x6=0x1414d4c,x7=0x0,x8=0x9b504536b1897347,x9=0x9b504536b1897347,x10=0x9b504536b1897347,x11=0x3e8,x12=0x3,x13=0x706f6f6c5f657469,x14=0x7c0fa4e280,x15=0x0,x16=0x5f5c8f5a00,x17=0x7c0c1d9700,x18=0x7c0f35c000,x19=0x5f5c8f470c,x20=0x1,x21=0x1,x22=0x7fd3b20218,x23=0x7fd3b20220,x24=0x0,x25=0x0,x26=0x0,x27=0x0,x28=0x0,x29=0x7fd3b20190,lr=0x5f5c8f4734,sp=0x7fd3b20180,pc=0x7c0c1d9700]
[15012|15012] event_addr:0x7c0c1d9700 hit_count:316, Regs:
[x0=0x1,x1=0x5f5c8f3598,x2=0x1,x3=0x7fd3b201e8,x4=0x0,x5=0x1414d4c,x6=0x1414d4c,x7=0x0,x8=0x9b504536b1897347,x9=0x9b504536b1897347,x10=0x9b504536b1897347,x11=0x3e8,x12=0x3,x13=0x706f6f6c5f657469,x14=0x7c0fa4e280,x15=0x0,x16=0x5f5c8f5a00,x17=0x7c0c1d9700,x18=0x7c0f35c000,x19=0x5f5c8f470c,x20=0x1,x21=0x1,x22=0x7fd3b20218,x23=0x7fd3b20220,x24=0x0,x25=0x0,x26=0x0,x27=0x0,x28=0x0,x29=0x7fd3b20190,lr=0x5f5c8f4734,sp=0x7fd3b20180,pc=0x7c0c1d9700]
[15012|15012] event_addr:0x7c0c1d9700 hit_count:317, Regs:
[x0=0x1,x1=0x5f5c8f3598,x2=0x1,x3=0x7fd3b201e8,x4=0x0,x5=0x1414d4c,x6=0x1414d4c,x7=0x0,x8=0x9b504536b1897347,x9=0x9b504536b1897347,x10=0x9b504536b1897347,x11=0x3e8,x12=0x3,x13=0x706f6f6c5f657469,x14=0x7c0fa4e280,x15=0x0,x16=0x5f5c8f5a00,x17=0x7c0c1d9700,x18=0x7c0f35c000,x19=0x5f5c8f470c,x20=0x1,x21=0x1,x22=0x7fd3b20218,x23=0x7fd3b20220,x24=0x0,x25=0x0,x26=0x0,x27=0x0,x28=0x0,x29=0x7fd3b20190,lr=0x5f5c8f4734,sp=0x7fd3b20180,pc=0x7c0c1d9700]
[15012|15012] event_addr:0x7c0c1d9700 hit_count:318, Regs:
[x0=0x1,x1=0x5f5c8f3598,x2=0x1,x3=0x7fd3b201e8,x4=0x0,x5=0x1414d4c,x6=0x1414d4c,x7=0x0,x8=0x9b504536b1897347,x9=0x9b504536b1897347,x10=0x9b504536b1897347,x11=0x3e8,x12=0x3,x13=0x706f6f6c5f657469,x14=0x7c0fa4e280,x15=0x0,x16=0x5f5c8f5a00,x17=0x7c0c1d9700,x18=0x7c0f35c000,x19=0x5f5c8f470c,x20=0x1,x21=0x1,x22=0x7fd3b20218,x23=0x7fd3b20220,x24=0x0,x25=0x0,x26=0x0,x27=0x0,x28=0x0,x29=0x7fd3b20190,lr=0x5f5c8f4734,sp=0x7fd3b20180,pc=0x7c0c1d9700]
[15012|15012] event_addr:0x7c0c1d9700 hit_count:319, Regs:
[x0=0x1,x1=0x5f5c8f3598,x2=0x1,x3=0x7fd3b201e8,x4=0x0,x5=0x1414d4c,x6=0x1414d4c,x7=0x0,x8=0x9b504536b1897347,x9=0x9b504536b1897347,x10=0x9b504536b1897347,x11=0x3e8,x12=0x3,x13=0x706f6f6c5f657469,x14=0x7c0fa4e280,x15=0x0,x16=0x5f5c8f5a00,x17=0x7c0c1d9700,x18=0x7c0f35c000,x19=0x5f5c8f470c,x20=0x1,x21=0x1,x22=0x7fd3b20218,x23=0x7fd3b20220,x24=0x0,x25=0x0,x26=0x0,x27=0x0,x28=0x0,x29=0x7fd3b20190,lr=0x5f5c8f4734,sp=0x7fd3b20180,pc=0x7c0c1d9700]
[15012|15012] event_addr:0x7c0c1d9700 hit_count:320, Regs:
[x0=0x1,x1=0x5f5c8f3598,x2=0x1,x3=0x7fd3b201e8,x4=0x0,x5=0x1414d4c,x6=0x1414d4c,x7=0x0,x8=0x9b504536b1897347,x9=0x9b504536b1897347,x10=0x9b504536b1897347,x11=0x3e8,x12=0x3,x13=0x706f6f6c5f657469,x14=0x7c0fa4e280,x15=0x0,x16=0x5f5c8f5a00,x17=0x7c0c1d9700,x18=0x7c0f35c000,x19=0x5f5c8f470c,x20=0x1,x21=0x1,x22=0x7fd3b20218,x23=0x7fd3b20220,x24=0x0,x25=0x0,x26=0x0,x27=0x0,x28=0x0,x29=0x7fd3b20190,lr=0x5f5c8f4734,sp=0x7fd3b20180,pc=0x7c0c1d9700]
[15012|15012] event_addr:0x7c0c1d9700 hit_count:321, Regs:
[x0=0x1,x1=0x5f5c8f3598,x2=0x1,x3=0x7fd3b201e8,x4=0x0,x5=0x1414d4c,x6=0x1414d4c,x7=0x0,x8=0x9b504536b1897347,x9=0x9b504536b1897347,x10=0x9b504536b1897347,x11=0x3e8,x12=0x3,x13=0x706f6f6c5f657469,x14=0x7c0fa4e280,x15=0x0,x16=0x5f5c8f5a00,x17=0x7c0c1d9700,x18=0x7c0f35c000,x19=0x5f5c8f470c,x20=0x1,x21=0x1,x22=0x7fd3b20218,x23=0x7fd3b20220,x24=0x0,x25=0x0,x26=0x0,x27=0x0,x28=0x0,x29=0x7fd3b20190,lr=0x5f5c8f4734,sp=0x7fd3b20180,pc=0x7c0c1d9700]
[15012|15012] event_addr:0x7c0c1d9700 hit_count:322, Regs:
[x0=0x1,x1=0x5f5c8f3598,x2=0x1,x3=0x7fd3b201e8,x4=0x0,x5=0x1414d4c,x6=0x1414d4c,x7=0x0,x8=0x9b504536b1897347,x9=0x9b504536b1897347,x10=0x9b504536b1897347,x11=0x3e8,x12=0x3,x13=0x706f6f6c5f657469,x14=0x7c0fa4e280,x15=0x0,x16=0x5f5c8f5a00,x17=0x7c0c1d9700,x18=0x7c0f35c000,x19=0x5f5c8f470c,x20=0x1,x21=0x1,x22=0x7fd3b20218,x23=0x7fd3b20220,x24=0x0,x25=0x0,x26=0x0,x27=0x0,x28=0x0,x29=0x7fd3b20190,lr=0x5f5c8f4734,sp=0x7fd3b20180,pc=0x7c0c1d9700]
[15012|15012] event_addr:0x7c0c1d9700 hit_count:323, Regs:
[x0=0x1,x1=0x5f5c8f3598,x2=0x1,x3=0x7fd3b201e8,x4=0x0,x5=0x1414d4c,x6=0x1414d4c,x7=0x0,x8=0x9b504536b1897347,x9=0x9b504536b1897347,x10=0x9b504536b1897347,x11=0x3e8,x12=0x3,x13=0x706f6f6c5f657469,x14=0x7c0fa4e280,x15=0x0,x16=0x5f5c8f5a00,x17=0x7c0c1d9700,x18=0x7c0f35c000,x19=0x5f5c8f470c,x20=0x1,x21=0x1,x22=0x7fd3b20218,x23=0x7fd3b20220,x24=0x0,x25=0x0,x26=0x0,x27=0x0,x28=0x0,x29=0x7fd3b20190,lr=0x5f5c8f4734,sp=0x7fd3b20180,pc=0x7c0c1d9700]
[15012|15012] event_addr:0x7c0c1d9700 hit_count:324, Regs:
[x0=0x1,x1=0x5f5c8f3598,x2=0x1,x3=0x7fd3b201e8,x4=0x0,x5=0x1414d4c,x6=0x1414d4c,x7=0x0,x8=0x9b504536b1897347,x9=0x9b504536b1897347,x10=0x9b504536b1897347,x11=0x3e8,x12=0x3,x13=0x706f6f6c5f657469,x14=0x7c0fa4e280,x15=0x0,x16=0x5f5c8f5a00,x17=0x7c0c1d9700,x18=0x7c0f35c000,x19=0x5f5c8f470c,x20=0x1,x21=0x1,x22=0x7fd3b20218,x23=0x7fd3b20220,x24=0x0,x25=0x0,x26=0x0,x27=0x0,x28=0x0,x29=0x7fd3b20190,lr=0x5f5c8f4734,sp=0x7fd3b20180,pc=0x7c0c1d9700]
[15012|15012] event_addr:0x7c0c1d9700 hit_count:325, Regs:
[x0=0x1,x1=0x5f5c8f3598,x2=0x1,x3=0x7fd3b201e8,x4=0x0,x5=0x1414d4c,x6=0x1414d4c,x7=0x0,x8=0x9b504536b1897347,x9=0x9b504536b1897347,x10=0x9b504536b1897347,x11=0x3e8,x12=0x3,x13=0x706f6f6c5f657469,x14=0x7c0fa4e280,x15=0x0,x16=0x5f5c8f5a00,x17=0x7c0c1d9700,x18=0x7c0f35c000,x19=0x5f5c8f470c,x20=0x1,x21=0x1,x22=0x7fd3b20218,x23=0x7fd3b20220,x24=0x0,x25=0x0,x26=0x0,x27=0x0,x28=0x0,x29=0x7fd3b20190,lr=0x5f5c8f4734,sp=0x7fd3b20180,pc=0x7c0c1d9700]
[15012|15012] event_addr:0x7c0c1d9700 hit_count:326, Regs:
[x0=0x1,x1=0x5f5c8f3598,x2=0x1,x3=0x7fd3b201e8,x4=0x0,x5=0x1414d4c,x6=0x1414d4c,x7=0x0,x8=0x9b504536b1897347,x9=0x9b504536b1897347,x10=0x9b504536b1897347,x11=0x3e8,x12=0x3,x13=0x706f6f6c5f657469,x14=0x7c0fa4e280,x15=0x0,x16=0x5f5c8f5a00,x17=0x7c0c1d9700,x18=0x7c0f35c000,x19=0x5f5c8f470c,x20=0x1,x21=0x1,x22=0x7fd3b20218,x23=0x7fd3b20220,x24=0x0,x25=0x0,x26=0x0,x27=0x0,x28=0x0,x29=0x7fd3b20190,lr=0x5f5c8f4734,sp=0x7fd3b20180,pc=0x7c0c1d9700]
[15012|15012] event_addr:0x7c0c1d9700 hit_count:327, Regs:
[x0=0x1,x1=0x5f5c8f3598,x2=0x1,x3=0x7fd3b201e8,x4=0x0,x5=0x1414d4c,x6=0x1414d4c,x7=0x0,x8=0x9b504536b1897347,x9=0x9b504536b1897347,x10=0x9b504536b1897347,x11=0x3e8,x12=0x3,x13=0x706f6f6c5f657469,x14=0x7c0fa4e280,x15=0x0,x16=0x5f5c8f5a00,x17=0x7c0c1d9700,x18=0x7c0f35c000,x19=0x5f5c8f470c,x20=0x1,x21=0x1,x22=0x7fd3b20218,x23=0x7fd3b20220,x24=0x0,x25=0x0,x26=0x0,x27=0x0,x28=0x0,x29=0x7fd3b20190,lr=0x5f5c8f4734,sp=0x7fd3b20180,pc=0x7c0c1d9700]
[15012|15012] event_addr:0x7c0c1d9700 hit_count:328, Regs:
[x0=0x1,x1=0x5f5c8f3598,x2=0x1,x3=0x7fd3b201e8,x4=0x0,x5=0x1414d4c,x6=0x1414d4c,x7=0x0,x8=0x9b504536b1897347,x9=0x9b504536b1897347,x10=0x9b504536b1897347,x11=0x3e8,x12=0x3,x13=0x706f6f6c5f657469,x14=0x7c0fa4e280,x15=0x0,x16=0x5f5c8f5a00,x17=0x7c0c1d9700,x18=0x7c0f35c000,x19=0x5f5c8f470c,x20=0x1,x21=0x1,x22=0x7fd3b20218,x23=0x7fd3b20220,x24=0x0,x25=0x0,x26=0x0,x27=0x0,x28=0x0,x29=0x7fd3b20190,lr=0x5f5c8f4734,sp=0x7fd3b20180,pc=0x7c0c1d9700]
[15012|15012] event_addr:0x7c0c1d9700 hit_count:329, Regs:
[x0=0x1,x1=0x5f5c8f3598,x2=0x1,x3=0x7fd3b201e8,x4=0x0,x5=0x1414d4c,x6=0x1414d4c,x7=0x0,x8=0x9b504536b1897347,x9=0x9b504536b1897347,x10=0x9b504536b1897347,x11=0x3e8,x12=0x3,x13=0x706f6f6c5f657469,x14=0x7c0fa4e280,x15=0x0,x16=0x5f5c8f5a00,x17=0x7c0c1d9700,x18=0x7c0f35c000,x19=0x5f5c8f470c,x20=0x1,x21=0x1,x22=0x7fd3b20218,x23=0x7fd3b20220,x24=0x0,x25=0x0,x26=0x0,x27=0x0,x28=0x0,x29=0x7fd3b20190,lr=0x5f5c8f4734,sp=0x7fd3b20180,pc=0x7c0c1d9700]
[15012|15012] event_addr:0x7c0c1d9700 hit_count:330, Regs:
[x0=0x1,x1=0x5f5c8f3598,x2=0x1,x3=0x7fd3b201e8,x4=0x0,x5=0x1414d4c,x6=0x1414d4c,x7=0x0,x8=0x9b504536b1897347,x9=0x9b504536b1897347,x10=0x9b504536b1897347,x11=0x3e8,x12=0x3,x13=0x706f6f6c5f657469,x14=0x7c0fa4e280,x15=0x0,x16=0x5f5c8f5a00,x17=0x7c0c1d9700,x18=0x7c0f35c000,x19=0x5f5c8f470c,x20=0x1,x21=0x1,x22=0x7fd3b20218,x23=0x7fd3b20220,x24=0x0,x25=0x0,x26=0x0,x27=0x0,x28=0x0,x29=0x7fd3b20190,lr=0x5f5c8f4734,sp=0x7fd3b20180,pc=0x7c0c1d9700]
[15012|15012] event_addr:0x7c0c1d9700 hit_count:331, Regs:
[x0=0x1,x1=0x5f5c8f3598,x2=0x1,x3=0x7fd3b201e8,x4=0x0,x5=0x1414d4c,x6=0x1414d4c,x7=0x0,x8=0x9b504536b1897347,x9=0x9b504536b1897347,x10=0x9b504536b1897347,x11=0x3e8,x12=0x3,x13=0x706f6f6c5f657469,x14=0x7c0fa4e280,x15=0x0,x16=0x5f5c8f5a00,x17=0x7c0c1d9700,x18=0x7c0f35c000,x19=0x5f5c8f470c,x20=0x1,x21=0x1,x22=0x7fd3b20218,x23=0x7fd3b20220,x24=0x0,x25=0x0,x26=0x0,x27=0x0,x28=0x0,x29=0x7fd3b20190,lr=0x5f5c8f4734,sp=0x7fd3b20180,pc=0x7c0c1d9700]
[15012|15012] event_addr:0x7c0c1d9700 hit_count:332, Regs:
[x0=0x1,x1=0x5f5c8f3598,x2=0x1,x3=0x7fd3b201e8,x4=0x0,x5=0x1414d4c,x6=0x1414d4c,x7=0x0,x8=0x9b504536b1897347,x9=0x9b504536b1897347,x10=0x9b504536b1897347,x11=0x3e8,x12=0x3,x13=0x706f6f6c5f657469,x14=0x7c0fa4e280,x15=0x0,x16=0x5f5c8f5a00,x17=0x7c0c1d9700,x18=0x7c0f35c000,x19=0x5f5c8f470c,x20=0x1,x21=0x1,x22=0x7fd3b20218,x23=0x7fd3b20220,x24=0x0,x25=0x0,x26=0x0,x27=0x0,x28=0x0,x29=0x7fd3b20190,lr=0x5f5c8f4734,sp=0x7fd3b20180,pc=0x7c0c1d9700]
[15012|15012] event_addr:0x7c0c1d9700 hit_count:333, Regs:
[x0=0x1,x1=0x5f5c8f3598,x2=0x1,x3=0x7fd3b201e8,x4=0x0,x5=0x1414d4c,x6=0x1414d4c,x7=0x0,x8=0x9b504536b1897347,x9=0x9b504536b1897347,x10=0x9b504536b1897347,x11=0x3e8,x12=0x3,x13=0x706f6f6c5f657469,x14=0x7c0fa4e280,x15=0x0,x16=0x5f5c8f5a00,x17=0x7c0c1d9700,x18=0x7c0f35c000,x19=0x5f5c8f470c,x20=0x1,x21=0x1,x22=0x7fd3b20218,x23=0x7fd3b20220,x24=0x0,x25=0x0,x26=0x0,x27=0x0,x28=0x0,x29=0x7fd3b20190,lr=0x5f5c8f4734,sp=0x7fd3b20180,pc=0x7c0c1d9700]
[15012|15012] event_addr:0x7c0c1d9700 hit_count:334, Regs:
[x0=0x1,x1=0x5f5c8f3598,x2=0x1,x3=0x7fd3b201e8,x4=0x0,x5=0x1414d4c,x6=0x1414d4c,x7=0x0,x8=0x9b504536b1897347,x9=0x9b504536b1897347,x10=0x9b504536b1897347,x11=0x3e8,x12=0x3,x13=0x706f6f6c5f657469,x14=0x7c0fa4e280,x15=0x0,x16=0x5f5c8f5a00,x17=0x7c0c1d9700,x18=0x7c0f35c000,x19=0x5f5c8f470c,x20=0x1,x21=0x1,x22=0x7fd3b20218,x23=0x7fd3b20220,x24=0x0,x25=0x0,x26=0x0,x27=0x0,x28=0x0,x29=0x7fd3b20190,lr=0x5f5c8f4734,sp=0x7fd3b20180,pc=0x7c0c1d9700]
[15012|15012] event_addr:0x7c0c1d9700 hit_count:335, Regs:
[x0=0x1,x1=0x5f5c8f3598,x2=0x1,x3=0x7fd3b201e8,x4=0x0,x5=0x1414d4c,x6=0x1414d4c,x7=0x0,x8=0x9b504536b1897347,x9=0x9b504536b1897347,x10=0x9b504536b1897347,x11=0x3e8,x12=0x3,x13=0x706f6f6c5f657469,x14=0x7c0fa4e280,x15=0x0,x16=0x5f5c8f5a00,x17=0x7c0c1d9700,x18=0x7c0f35c000,x19=0x5f5c8f470c,x20=0x1,x21=0x1,x22=0x7fd3b20218,x23=0x7fd3b20220,x24=0x0,x25=0x0,x26=0x0,x27=0x0,x28=0x0,x29=0x7fd3b20190,lr=0x5f5c8f4734,sp=0x7fd3b20180,pc=0x7c0c1d9700]
[15012|15012] event_addr:0x7c0c1d9700 hit_count:336, Regs:
[x0=0x1,x1=0x5f5c8f3598,x2=0x1,x3=0x7fd3b201e8,x4=0x0,x5=0x1414d4c,x6=0x1414d4c,x7=0x0,x8=0x9b504536b1897347,x9=0x9b504536b1897347,x10=0x9b504536b1897347,x11=0x3e8,x12=0x3,x13=0x706f6f6c5f657469,x14=0x7c0fa4e280,x15=0x0,x16=0x5f5c8f5a00,x17=0x7c0c1d9700,x18=0x7c0f35c000,x19=0x5f5c8f470c,x20=0x1,x21=0x1,x22=0x7fd3b20218,x23=0x7fd3b20220,x24=0x0,x25=0x0,x26=0x0,x27=0x0,x28=0x0,x29=0x7fd3b20190,lr=0x5f5c8f4734,sp=0x7fd3b20180,pc=0x7c0c1d9700]
[15012|15012] event_addr:0x7c0c1d9700 hit_count:337, Regs:
[x0=0x1,x1=0x5f5c8f3598,x2=0x1,x3=0x7fd3b201e8,x4=0x0,x5=0x1414d4c,x6=0x1414d4c,x7=0x0,x8=0x9b504536b1897347,x9=0x9b504536b1897347,x10=0x9b504536b1897347,x11=0x3e8,x12=0x3,x13=0x706f6f6c5f657469,x14=0x7c0fa4e280,x15=0x0,x16=0x5f5c8f5a00,x17=0x7c0c1d9700,x18=0x7c0f35c000,x19=0x5f5c8f470c,x20=0x1,x21=0x1,x22=0x7fd3b20218,x23=0x7fd3b20220,x24=0x0,x25=0x0,x26=0x0,x27=0x0,x28=0x0,x29=0x7fd3b20190,lr=0x5f5c8f4734,sp=0x7fd3b20180,pc=0x7c0c1d9700]
[15012|15012] event_addr:0x7c0c1d9700 hit_count:338, Regs:
[x0=0x1,x1=0x5f5c8f3598,x2=0x1,x3=0x7fd3b201e8,x4=0x0,x5=0x1414d4c,x6=0x1414d4c,x7=0x0,x8=0x9b504536b1897347,x9=0x9b504536b1897347,x10=0x9b504536b1897347,x11=0x3e8,x12=0x3,x13=0x706f6f6c5f657469,x14=0x7c0fa4e280,x15=0x0,x16=0x5f5c8f5a00,x17=0x7c0c1d9700,x18=0x7c0f35c000,x19=0x5f5c8f470c,x20=0x1,x21=0x1,x22=0x7fd3b20218,x23=0x7fd3b20220,x24=0x0,x25=0x0,x26=0x0,x27=0x0,x28=0x0,x29=0x7fd3b20190,lr=0x5f5c8f4734,sp=0x7fd3b20180,pc=0x7c0c1d9700]
[15012|15012] event_addr:0x7c0c1d9700 hit_count:339, Regs:
[x0=0x1,x1=0x5f5c8f3598,x2=0x1,x3=0x7fd3b201e8,x4=0x0,x5=0x1414d4c,x6=0x1414d4c,x7=0x0,x8=0x9b504536b1897347,x9=0x9b504536b1897347,x10=0x9b504536b1897347,x11=0x3e8,x12=0x3,x13=0x706f6f6c5f657469,x14=0x7c0fa4e280,x15=0x0,x16=0x5f5c8f5a00,x17=0x7c0c1d9700,x18=0x7c0f35c000,x19=0x5f5c8f470c,x20=0x1,x21=0x1,x22=0x7fd3b20218,x23=0x7fd3b20220,x24=0x0,x25=0x0,x26=0x0,x27=0x0,x28=0x0,x29=0x7fd3b20190,lr=0x5f5c8f4734,sp=0x7fd3b20180,pc=0x7c0c1d9700]
[15012|15012] event_addr:0x7c0c1d9700 hit_count:340, Regs:
[x0=0x1,x1=0x5f5c8f3598,x2=0x1,x3=0x7fd3b201e8,x4=0x0,x5=0x1414d4c,x6=0x1414d4c,x7=0x0,x8=0x9b504536b1897347,x9=0x9b504536b1897347,x10=0x9b504536b1897347,x11=0x3e8,x12=0x3,x13=0x706f6f6c5f657469,x14=0x7c0fa4e280,x15=0x0,x16=0x5f5c8f5a00,x17=0x7c0c1d9700,x18=0x7c0f35c000,x19=0x5f5c8f470c,x20=0x1,x21=0x1,x22=0x7fd3b20218,x23=0x7fd3b20220,x24=0x0,x25=0x0,x26=0x0,x27=0x0,x28=0x0,x29=0x7fd3b20190,lr=0x5f5c8f4734,sp=0x7fd3b20180,pc=0x7c0c1d9700]
[15012|15012] event_addr:0x7c0c1d9700 hit_count:341, Regs:
[x0=0x1,x1=0x5f5c8f3598,x2=0x1,x3=0x7fd3b201e8,x4=0x0,x5=0x1414d4c,x6=0x1414d4c,x7=0x0,x8=0x9b504536b1897347,x9=0x9b504536b1897347,x10=0x9b504536b1897347,x11=0x3e8,x12=0x3,x13=0x706f6f6c5f657469,x14=0x7c0fa4e280,x15=0x0,x16=0x5f5c8f5a00,x17=0x7c0c1d9700,x18=0x7c0f35c000,x19=0x5f5c8f470c,x20=0x1,x21=0x1,x22=0x7fd3b20218,x23=0x7fd3b20220,x24=0x0,x25=0x0,x26=0x0,x27=0x0,x28=0x0,x29=0x7fd3b20190,lr=0x5f5c8f4734,sp=0x7fd3b20180,pc=0x7c0c1d9700]
[15012|15012] event_addr:0x7c0c1d9700 hit_count:342, Regs:
[x0=0x1,x1=0x5f5c8f3598,x2=0x1,x3=0x7fd3b201e8,x4=0x0,x5=0x1414d4c,x6=0x1414d4c,x7=0x0,x8=0x9b504536b1897347,x9=0x9b504536b1897347,x10=0x9b504536b1897347,x11=0x3e8,x12=0x3,x13=0x706f6f6c5f657469,x14=0x7c0fa4e280,x15=0x0,x16=0x5f5c8f5a00,x17=0x7c0c1d9700,x18=0x7c0f35c000,x19=0x5f5c8f470c,x20=0x1,x21=0x1,x22=0x7fd3b20218,x23=0x7fd3b20220,x24=0x0,x25=0x0,x26=0x0,x27=0x0,x28=0x0,x29=0x7fd3b20190,lr=0x5f5c8f4734,sp=0x7fd3b20180,pc=0x7c0c1d9700]
[15012|15012] event_addr:0x7c0c1d9700 hit_count:343, Regs:
[x0=0x1,x1=0x5f5c8f3598,x2=0x1,x3=0x7fd3b201e8,x4=0x0,x5=0x1414d4c,x6=0x1414d4c,x7=0x0,x8=0x9b504536b1897347,x9=0x9b504536b1897347,x10=0x9b504536b1897347,x11=0x3e8,x12=0x3,x13=0x706f6f6c5f657469,x14=0x7c0fa4e280,x15=0x0,x16=0x5f5c8f5a00,x17=0x7c0c1d9700,x18=0x7c0f35c000,x19=0x5f5c8f470c,x20=0x1,x21=0x1,x22=0x7fd3b20218,x23=0x7fd3b20220,x24=0x0,x25=0x0,x26=0x0,x27=0x0,x28=0x0,x29=0x7fd3b20190,lr=0x5f5c8f4734,sp=0x7fd3b20180,pc=0x7c0c1d9700]
[15012|15012] event_addr:0x7c0c1d9700 hit_count:344, Regs:
[x0=0x1,x1=0x5f5c8f3598,x2=0x1,x3=0x7fd3b201e8,x4=0x0,x5=0x1414d4c,x6=0x1414d4c,x7=0x0,x8=0x9b504536b1897347,x9=0x9b504536b1897347,x10=0x9b504536b1897347,x11=0x3e8,x12=0x3,x13=0x706f6f6c5f657469,x14=0x7c0fa4e280,x15=0x0,x16=0x5f5c8f5a00,x17=0x7c0c1d9700,x18=0x7c0f35c000,x19=0x5f5c8f470c,x20=0x1,x21=0x1,x22=0x7fd3b20218,x23=0x7fd3b20220,x24=0x0,x25=0x0,x26=0x0,x27=0x0,x28=0x0,x29=0x7fd3b20190,lr=0x5f5c8f4734,sp=0x7fd3b20180,pc=0x7c0c1d9700]
[15012|15012] event_addr:0x7c0c1d9700 hit_count:345, Regs:
[x0=0x1,x1=0x5f5c8f3598,x2=0x1,x3=0x7fd3b201e8,x4=0x0,x5=0x1414d4c,x6=0x1414d4c,x7=0x0,x8=0x9b504536b1897347,x9=0x9b504536b1897347,x10=0x9b504536b1897347,x11=0x3e8,x12=0x3,x13=0x706f6f6c5f657469,x14=0x7c0fa4e280,x15=0x0,x16=0x5f5c8f5a00,x17=0x7c0c1d9700,x18=0x7c0f35c000,x19=0x5f5c8f470c,x20=0x1,x21=0x1,x22=0x7fd3b20218,x23=0x7fd3b20220,x24=0x0,x25=0x0,x26=0x0,x27=0x0,x28=0x0,x29=0x7fd3b20190,lr=0x5f5c8f4734,sp=0x7fd3b20180,pc=0x7c0c1d9700]
[15012|15012] event_addr:0x7c0c1d9700 hit_count:346, Regs:
[x0=0x1,x1=0x5f5c8f3598,x2=0x1,x3=0x7fd3b201e8,x4=0x0,x5=0x1414d4c,x6=0x1414d4c,x7=0x0,x8=0x9b504536b1897347,x9=0x9b504536b1897347,x10=0x9b504536b1897347,x11=0x3e8,x12=0x3,x13=0x706f6f6c5f657469,x14=0x7c0fa4e280,x15=0x0,x16=0x5f5c8f5a00,x17=0x7c0c1d9700,x18=0x7c0f35c000,x19=0x5f5c8f470c,x20=0x1,x21=0x1,x22=0x7fd3b20218,x23=0x7fd3b20220,x24=0x0,x25=0x0,x26=0x0,x27=0x0,x28=0x0,x29=0x7fd3b20190,lr=0x5f5c8f4734,sp=0x7fd3b20180,pc=0x7c0c1d9700]
[15012|15012] event_addr:0x7c0c1d9700 hit_count:347, Regs:
[x0=0x1,x1=0x5f5c8f3598,x2=0x1,x3=0x7fd3b201e8,x4=0x0,x5=0x1414d4c,x6=0x1414d4c,x7=0x0,x8=0x9b504536b1897347,x9=0x9b504536b1897347,x10=0x9b504536b1897347,x11=0x3e8,x12=0x3,x13=0x706f6f6c5f657469,x14=0x7c0fa4e280,x15=0x0,x16=0x5f5c8f5a00,x17=0x7c0c1d9700,x18=0x7c0f35c000,x19=0x5f5c8f470c,x20=0x1,x21=0x1,x22=0x7fd3b20218,x23=0x7fd3b20220,x24=0x0,x25=0x0,x26=0x0,x27=0x0,x28=0x0,x29=0x7fd3b20190,lr=0x5f5c8f4734,sp=0x7fd3b20180,pc=0x7c0c1d9700]
[15012|15012] event_addr:0x7c0c1d9700 hit_count:348, Regs:
[x0=0x1,x1=0x5f5c8f3598,x2=0x1,x3=0x7fd3b201e8,x4=0x0,x5=0x1414d4c,x6=0x1414d4c,x7=0x0,x8=0x9b504536b1897347,x9=0x9b504536b1897347,x10=0x9b504536b1897347,x11=0x3e8,x12=0x3,x13=0x706f6f6c5f657469,x14=0x7c0fa4e280,x15=0x0,x16=0x5f5c8f5a00,x17=0x7c0c1d9700,x18=0x7c0f35c000,x19=0x5f5c8f470c,x20=0x1,x21=0x1,x22=0x7fd3b20218,x23=0x7fd3b20220,x24=0x0,x25=0x0,x26=0x0,x27=0x0,x28=0x0,x29=0x7fd3b20190,lr=0x5f5c8f4734,sp=0x7fd3b20180,pc=0x7c0c1d9700]
[15012|15012] event_addr:0x7c0c1d9700 hit_count:349, Regs:
[x0=0x1,x1=0x5f5c8f3598,x2=0x1,x3=0x7fd3b201e8,x4=0x0,x5=0x1414d4c,x6=0x1414d4c,x7=0x0,x8=0x9b504536b1897347,x9=0x9b504536b1897347,x10=0x9b504536b1897347,x11=0x3e8,x12=0x3,x13=0x706f6f6c5f657469,x14=0x7c0fa4e280,x15=0x0,x16=0x5f5c8f5a00,x17=0x7c0c1d9700,x18=0x7c0f35c000,x19=0x5f5c8f470c,x20=0x1,x21=0x1,x22=0x7fd3b20218,x23=0x7fd3b20220,x24=0x0,x25=0x0,x26=0x0,x27=0x0,x28=0x0,x29=0x7fd3b20190,lr=0x5f5c8f4734,sp=0x7fd3b20180,pc=0x7c0c1d9700]
[15012|15012] event_addr:0x7c0c1d9700 hit_count:350, Regs:
[x0=0x1,x1=0x5f5c8f3598,x2=0x1,x3=0x7fd3b201e8,x4=0x0,x5=0x1414d4c,x6=0x1414d4c,x7=0x0,x8=0x9b504536b1897347,x9=0x9b504536b1897347,x10=0x9b504536b1897347,x11=0x3e8,x12=0x3,x13=0x706f6f6c5f657469,x14=0x7c0fa4e280,x15=0x0,x16=0x5f5c8f5a00,x17=0x7c0c1d9700,x18=0x7c0f35c000,x19=0x5f5c8f470c,x20=0x1,x21=0x1,x22=0x7fd3b20218,x23=0x7fd3b20220,x24=0x0,x25=0x0,x26=0x0,x27=0x0,x28=0x0,x29=0x7fd3b20190,lr=0x5f5c8f4734,sp=0x7fd3b20180,pc=0x7c0c1d9700]
[15012|15012] event_addr:0x7c0c1d9700 hit_count:351, Regs:
[x0=0x1,x1=0x5f5c8f3598,x2=0x1,x3=0x7fd3b201e8,x4=0x0,x5=0x1414d4c,x6=0x1414d4c,x7=0x0,x8=0x9b504536b1897347,x9=0x9b504536b1897347,x10=0x9b504536b1897347,x11=0x3e8,x12=0x3,x13=0x706f6f6c5f657469,x14=0x7c0fa4e280,x15=0x0,x16=0x5f5c8f5a00,x17=0x7c0c1d9700,x18=0x7c0f35c000,x19=0x5f5c8f470c,x20=0x1,x21=0x1,x22=0x7fd3b20218,x23=0x7fd3b20220,x24=0x0,x25=0x0,x26=0x0,x27=0x0,x28=0x0,x29=0x7fd3b20190,lr=0x5f5c8f4734,sp=0x7fd3b20180,pc=0x7c0c1d9700]
[15012|15012] event_addr:0x7c0c1d9700 hit_count:352, Regs:
[x0=0x1,x1=0x5f5c8f3598,x2=0x1,x3=0x7fd3b201e8,x4=0x0,x5=0x1414d4c,x6=0x1414d4c,x7=0x0,x8=0x9b504536b1897347,x9=0x9b504536b1897347,x10=0x9b504536b1897347,x11=0x3e8,x12=0x3,x13=0x706f6f6c5f657469,x14=0x7c0fa4e280,x15=0x0,x16=0x5f5c8f5a00,x17=0x7c0c1d9700,x18=0x7c0f35c000,x19=0x5f5c8f470c,x20=0x1,x21=0x1,x22=0x7fd3b20218,x23=0x7fd3b20220,x24=0x0,x25=0x0,x26=0x0,x27=0x0,x28=0x0,x29=0x7fd3b20190,lr=0x5f5c8f4734,sp=0x7fd3b20180,pc=0x7c0c1d9700]
[15012|15012] event_addr:0x7c0c1d9700 hit_count:353, Regs:
[x0=0x1,x1=0x5f5c8f3598,x2=0x1,x3=0x7fd3b201e8,x4=0x0,x5=0x1414d4c,x6=0x1414d4c,x7=0x0,x8=0x9b504536b1897347,x9=0x9b504536b1897347,x10=0x9b504536b1897347,x11=0x3e8,x12=0x3,x13=0x706f6f6c5f657469,x14=0x7c0fa4e280,x15=0x0,x16=0x5f5c8f5a00,x17=0x7c0c1d9700,x18=0x7c0f35c000,x19=0x5f5c8f470c,x20=0x1,x21=0x1,x22=0x7fd3b20218,x23=0x7fd3b20220,x24=0x0,x25=0x0,x26=0x0,x27=0x0,x28=0x0,x29=0x7fd3b20190,lr=0x5f5c8f4734,sp=0x7fd3b20180,pc=0x7c0c1d9700]
[15012|15012] event_addr:0x7c0c1d9700 hit_count:354, Regs:
[x0=0x1,x1=0x5f5c8f3598,x2=0x1,x3=0x7fd3b201e8,x4=0x0,x5=0x1414d4c,x6=0x1414d4c,x7=0x0,x8=0x9b504536b1897347,x9=0x9b504536b1897347,x10=0x9b504536b1897347,x11=0x3e8,x12=0x3,x13=0x706f6f6c5f657469,x14=0x7c0fa4e280,x15=0x0,x16=0x5f5c8f5a00,x17=0x7c0c1d9700,x18=0x7c0f35c000,x19=0x5f5c8f470c,x20=0x1,x21=0x1,x22=0x7fd3b20218,x23=0x7fd3b20220,x24=0x0,x25=0x0,x26=0x0,x27=0x0,x28=0x0,x29=0x7fd3b20190,lr=0x5f5c8f4734,sp=0x7fd3b20180,pc=0x7c0c1d9700]
[15012|15012] event_addr:0x7c0c1d9700 hit_count:355, Regs:
[x0=0x1,x1=0x5f5c8f3598,x2=0x1,x3=0x7fd3b201e8,x4=0x0,x5=0x1414d4c,x6=0x1414d4c,x7=0x0,x8=0x9b504536b1897347,x9=0x9b504536b1897347,x10=0x9b504536b1897347,x11=0x3e8,x12=0x3,x13=0x706f6f6c5f657469,x14=0x7c0fa4e280,x15=0x0,x16=0x5f5c8f5a00,x17=0x7c0c1d9700,x18=0x7c0f35c000,x19=0x5f5c8f470c,x20=0x1,x21=0x1,x22=0x7fd3b20218,x23=0x7fd3b20220,x24=0x0,x25=0x0,x26=0x0,x27=0x0,x28=0x0,x29=0x7fd3b20190,lr=0x5f5c8f4734,sp=0x7fd3b20180,pc=0x7c0c1d9700]
[15012|15012] event_addr:0x7c0c1d9700 hit_count:356, Regs:
[x0=0x1,x1=0x5f5c8f3598,x2=0x1,x3=0x7fd3b201e8,x4=0x0,x5=0x1414d4c,x6=0x1414d4c,x7=0x0,x8=0x9b504536b1897347,x9=0x9b504536b1897347,x10=0x9b504536b1897347,x11=0x3e8,x12=0x3,x13=0x706f6f6c5f657469,x14=0x7c0fa4e280,x15=0x0,x16=0x5f5c8f5a00,x17=0x7c0c1d9700,x18=0x7c0f35c000,x19=0x5f5c8f470c,x20=0x1,x21=0x1,x22=0x7fd3b20218,x23=0x7fd3b20220,x24=0x0,x25=0x0,x26=0x0,x27=0x0,x28=0x0,x29=0x7fd3b20190,lr=0x5f5c8f4734,sp=0x7fd3b20180,pc=0x7c0c1d9700]
[15012|15012] event_addr:0x7c0c1d9700 hit_count:357, Regs:
[x0=0x1,x1=0x5f5c8f3598,x2=0x1,x3=0x7fd3b201e8,x4=0x0,x5=0x1414d4c,x6=0x1414d4c,x7=0x0,x8=0x9b504536b1897347,x9=0x9b504536b1897347,x10=0x9b504536b1897347,x11=0x3e8,x12=0x3,x13=0x706f6f6c5f657469,x14=0x7c0fa4e280,x15=0x0,x16=0x5f5c8f5a00,x17=0x7c0c1d9700,x18=0x7c0f35c000,x19=0x5f5c8f470c,x20=0x1,x21=0x1,x22=0x7fd3b20218,x23=0x7fd3b20220,x24=0x0,x25=0x0,x26=0x0,x27=0x0,x28=0x0,x29=0x7fd3b20190,lr=0x5f5c8f4734,sp=0x7fd3b20180,pc=0x7c0c1d9700]
[15012|15012] event_addr:0x7c0c1d9700 hit_count:358, Regs:
[x0=0x1,x1=0x5f5c8f3598,x2=0x1,x3=0x7fd3b201e8,x4=0x0,x5=0x1414d4c,x6=0x1414d4c,x7=0x0,x8=0x9b504536b1897347,x9=0x9b504536b1897347,x10=0x9b504536b1897347,x11=0x3e8,x12=0x3,x13=0x706f6f6c5f657469,x14=0x7c0fa4e280,x15=0x0,x16=0x5f5c8f5a00,x17=0x7c0c1d9700,x18=0x7c0f35c000,x19=0x5f5c8f470c,x20=0x1,x21=0x1,x22=0x7fd3b20218,x23=0x7fd3b20220,x24=0x0,x25=0x0,x26=0x0,x27=0x0,x28=0x0,x29=0x7fd3b20190,lr=0x5f5c8f4734,sp=0x7fd3b20180,pc=0x7c0c1d9700]
[15012|15012] event_addr:0x7c0c1d9700 hit_count:359, Regs:
[x0=0x1,x1=0x5f5c8f3598,x2=0x1,x3=0x7fd3b201e8,x4=0x0,x5=0x1414d4c,x6=0x1414d4c,x7=0x0,x8=0x9b504536b1897347,x9=0x9b504536b1897347,x10=0x9b504536b1897347,x11=0x3e8,x12=0x3,x13=0x706f6f6c5f657469,x14=0x7c0fa4e280,x15=0x0,x16=0x5f5c8f5a00,x17=0x7c0c1d9700,x18=0x7c0f35c000,x19=0x5f5c8f470c,x20=0x1,x21=0x1,x22=0x7fd3b20218,x23=0x7fd3b20220,x24=0x0,x25=0x0,x26=0x0,x27=0x0,x28=0x0,x29=0x7fd3b20190,lr=0x5f5c8f4734,sp=0x7fd3b20180,pc=0x7c0c1d9700]
[15012|15012] event_addr:0x7c0c1d9700 hit_count:360, Regs:
[x0=0x1,x1=0x5f5c8f3598,x2=0x1,x3=0x7fd3b201e8,x4=0x0,x5=0x1414d4c,x6=0x1414d4c,x7=0x0,x8=0x9b504536b1897347,x9=0x9b504536b1897347,x10=0x9b504536b1897347,x11=0x3e8,x12=0x3,x13=0x706f6f6c5f657469,x14=0x7c0fa4e280,x15=0x0,x16=0x5f5c8f5a00,x17=0x7c0c1d9700,x18=0x7c0f35c000,x19=0x5f5c8f470c,x20=0x1,x21=0x1,x22=0x7fd3b20218,x23=0x7fd3b20220,x24=0x0,x25=0x0,x26=0x0,x27=0x0,x28=0x0,x29=0x7fd3b20190,lr=0x5f5c8f4734,sp=0x7fd3b20180,pc=0x7c0c1d9700]
[15012|15012] event_addr:0x7c0c1d9700 hit_count:361, Regs:
[x0=0x1,x1=0x5f5c8f3598,x2=0x1,x3=0x7fd3b201e8,x4=0x0,x5=0x1414d4c,x6=0x1414d4c,x7=0x0,x8=0x9b504536b1897347,x9=0x9b504536b1897347,x10=0x9b504536b1897347,x11=0x3e8,x12=0x3,x13=0x706f6f6c5f657469,x14=0x7c0fa4e280,x15=0x0,x16=0x5f5c8f5a00,x17=0x7c0c1d9700,x18=0x7c0f35c000,x19=0x5f5c8f470c,x20=0x1,x21=0x1,x22=0x7fd3b20218,x23=0x7fd3b20220,x24=0x0,x25=0x0,x26=0x0,x27=0x0,x28=0x0,x29=0x7fd3b20190,lr=0x5f5c8f4734,sp=0x7fd3b20180,pc=0x7c0c1d9700]
[15012|15012] event_addr:0x7c0c1d9700 hit_count:362, Regs:
[x0=0x1,x1=0x5f5c8f3598,x2=0x1,x3=0x7fd3b201e8,x4=0x0,x5=0x1414d4c,x6=0x1414d4c,x7=0x0,x8=0x9b504536b1897347,x9=0x9b504536b1897347,x10=0x9b504536b1897347,x11=0x3e8,x12=0x3,x13=0x706f6f6c5f657469,x14=0x7c0fa4e280,x15=0x0,x16=0x5f5c8f5a00,x17=0x7c0c1d9700,x18=0x7c0f35c000,x19=0x5f5c8f470c,x20=0x1,x21=0x1,x22=0x7fd3b20218,x23=0x7fd3b20220,x24=0x0,x25=0x0,x26=0x0,x27=0x0,x28=0x0,x29=0x7fd3b20190,lr=0x5f5c8f4734,sp=0x7fd3b20180,pc=0x7c0c1d9700]
[15012|15012] event_addr:0x7c0c1d9700 hit_count:363, Regs:
[x0=0x1,x1=0x5f5c8f3598,x2=0x1,x3=0x7fd3b201e8,x4=0x0,x5=0x1414d4c,x6=0x1414d4c,x7=0x0,x8=0x9b504536b1897347,x9=0x9b504536b1897347,x10=0x9b504536b1897347,x11=0x3e8,x12=0x3,x13=0x706f6f6c5f657469,x14=0x7c0fa4e280,x15=0x0,x16=0x5f5c8f5a00,x17=0x7c0c1d9700,x18=0x7c0f35c000,x19=0x5f5c8f470c,x20=0x1,x21=0x1,x22=0x7fd3b20218,x23=0x7fd3b20220,x24=0x0,x25=0x0,x26=0x0,x27=0x0,x28=0x0,x29=0x7fd3b20190,lr=0x5f5c8f4734,sp=0x7fd3b20180,pc=0x7c0c1d9700]
[15012|15012] event_addr:0x7c0c1d9700 hit_count:364, Regs:
[x0=0x1,x1=0x5f5c8f3598,x2=0x1,x3=0x7fd3b201e8,x4=0x0,x5=0x1414d4c,x6=0x1414d4c,x7=0x0,x8=0x9b504536b1897347,x9=0x9b504536b1897347,x10=0x9b504536b1897347,x11=0x3e8,x12=0x3,x13=0x706f6f6c5f657469,x14=0x7c0fa4e280,x15=0x0,x16=0x5f5c8f5a00,x17=0x7c0c1d9700,x18=0x7c0f35c000,x19=0x5f5c8f470c,x20=0x1,x21=0x1,x22=0x7fd3b20218,x23=0x7fd3b20220,x24=0x0,x25=0x0,x26=0x0,x27=0x0,x28=0x0,x29=0x7fd3b20190,lr=0x5f5c8f4734,sp=0x7fd3b20180,pc=0x7c0c1d9700]
[15012|15012] event_addr:0x7c0c1d9700 hit_count:365, Regs:
[x0=0x1,x1=0x5f5c8f3598,x2=0x1,x3=0x7fd3b201e8,x4=0x0,x5=0x1414d4c,x6=0x1414d4c,x7=0x0,x8=0x9b504536b1897347,x9=0x9b504536b1897347,x10=0x9b504536b1897347,x11=0x3e8,x12=0x3,x13=0x706f6f6c5f657469,x14=0x7c0fa4e280,x15=0x0,x16=0x5f5c8f5a00,x17=0x7c0c1d9700,x18=0x7c0f35c000,x19=0x5f5c8f470c,x20=0x1,x21=0x1,x22=0x7fd3b20218,x23=0x7fd3b20220,x24=0x0,x25=0x0,x26=0x0,x27=0x0,x28=0x0,x29=0x7fd3b20190,lr=0x5f5c8f4734,sp=0x7fd3b20180,pc=0x7c0c1d9700]
[15012|15012] event_addr:0x7c0c1d9700 hit_count:366, Regs:
[x0=0x1,x1=0x5f5c8f3598,x2=0x1,x3=0x7fd3b201e8,x4=0x0,x5=0x1414d4c,x6=0x1414d4c,x7=0x0,x8=0x9b504536b1897347,x9=0x9b504536b1897347,x10=0x9b504536b1897347,x11=0x3e8,x12=0x3,x13=0x706f6f6c5f657469,x14=0x7c0fa4e280,x15=0x0,x16=0x5f5c8f5a00,x17=0x7c0c1d9700,x18=0x7c0f35c000,x19=0x5f5c8f470c,x20=0x1,x21=0x1,x22=0x7fd3b20218,x23=0x7fd3b20220,x24=0x0,x25=0x0,x26=0x0,x27=0x0,x28=0x0,x29=0x7fd3b20190,lr=0x5f5c8f4734,sp=0x7fd3b20180,pc=0x7c0c1d9700]
[15012|15012] event_addr:0x7c0c1d9700 hit_count:367, Regs:
[x0=0x1,x1=0x5f5c8f3598,x2=0x1,x3=0x7fd3b201e8,x4=0x0,x5=0x1414d4c,x6=0x1414d4c,x7=0x0,x8=0x9b504536b1897347,x9=0x9b504536b1897347,x10=0x9b504536b1897347,x11=0x3e8,x12=0x3,x13=0x706f6f6c5f657469,x14=0x7c0fa4e280,x15=0x0,x16=0x5f5c8f5a00,x17=0x7c0c1d9700,x18=0x7c0f35c000,x19=0x5f5c8f470c,x20=0x1,x21=0x1,x22=0x7fd3b20218,x23=0x7fd3b20220,x24=0x0,x25=0x0,x26=0x0,x27=0x0,x28=0x0,x29=0x7fd3b20190,lr=0x5f5c8f4734,sp=0x7fd3b20180,pc=0x7c0c1d9700]
[15012|15012] event_addr:0x7c0c1d9700 hit_count:368, Regs:
[x0=0x1,x1=0x5f5c8f3598,x2=0x1,x3=0x7fd3b201e8,x4=0x0,x5=0x1414d4c,x6=0x1414d4c,x7=0x0,x8=0x9b504536b1897347,x9=0x9b504536b1897347,x10=0x9b504536b1897347,x11=0x3e8,x12=0x3,x13=0x706f6f6c5f657469,x14=0x7c0fa4e280,x15=0x0,x16=0x5f5c8f5a00,x17=0x7c0c1d9700,x18=0x7c0f35c000,x19=0x5f5c8f470c,x20=0x1,x21=0x1,x22=0x7fd3b20218,x23=0x7fd3b20220,x24=0x0,x25=0x0,x26=0x0,x27=0x0,x28=0x0,x29=0x7fd3b20190,lr=0x5f5c8f4734,sp=0x7fd3b20180,pc=0x7c0c1d9700]
[15012|15012] event_addr:0x7c0c1d9700 hit_count:369, Regs:
[x0=0x1,x1=0x5f5c8f3598,x2=0x1,x3=0x7fd3b201e8,x4=0x0,x5=0x1414d4c,x6=0x1414d4c,x7=0x0,x8=0x9b504536b1897347,x9=0x9b504536b1897347,x10=0x9b504536b1897347,x11=0x3e8,x12=0x3,x13=0x706f6f6c5f657469,x14=0x7c0fa4e280,x15=0x0,x16=0x5f5c8f5a00,x17=0x7c0c1d9700,x18=0x7c0f35c000,x19=0x5f5c8f470c,x20=0x1,x21=0x1,x22=0x7fd3b20218,x23=0x7fd3b20220,x24=0x0,x25=0x0,x26=0x0,x27=0x0,x28=0x0,x29=0x7fd3b20190,lr=0x5f5c8f4734,sp=0x7fd3b20180,pc=0x7c0c1d9700]
[15012|15012] event_addr:0x7c0c1d9700 hit_count:370, Regs:
[x0=0x1,x1=0x5f5c8f3598,x2=0x1,x3=0x7fd3b201e8,x4=0x0,x5=0x1414d4c,x6=0x1414d4c,x7=0x0,x8=0x9b504536b1897347,x9=0x9b504536b1897347,x10=0x9b504536b1897347,x11=0x3e8,x12=0x3,x13=0x706f6f6c5f657469,x14=0x7c0fa4e280,x15=0x0,x16=0x5f5c8f5a00,x17=0x7c0c1d9700,x18=0x7c0f35c000,x19=0x5f5c8f470c,x20=0x1,x21=0x1,x22=0x7fd3b20218,x23=0x7fd3b20220,x24=0x0,x25=0x0,x26=0x0,x27=0x0,x28=0x0,x29=0x7fd3b20190,lr=0x5f5c8f4734,sp=0x7fd3b20180,pc=0x7c0c1d9700]
[15012|15012] event_addr:0x7c0c1d9700 hit_count:371, Regs:
[x0=0x1,x1=0x5f5c8f3598,x2=0x1,x3=0x7fd3b201e8,x4=0x0,x5=0x1414d4c,x6=0x1414d4c,x7=0x0,x8=0x9b504536b1897347,x9=0x9b504536b1897347,x10=0x9b504536b1897347,x11=0x3e8,x12=0x3,x13=0x706f6f6c5f657469,x14=0x7c0fa4e280,x15=0x0,x16=0x5f5c8f5a00,x17=0x7c0c1d9700,x18=0x7c0f35c000,x19=0x5f5c8f470c,x20=0x1,x21=0x1,x22=0x7fd3b20218,x23=0x7fd3b20220,x24=0x0,x25=0x0,x26=0x0,x27=0x0,x28=0x0,x29=0x7fd3b20190,lr=0x5f5c8f4734,sp=0x7fd3b20180,pc=0x7c0c1d9700]
[15012|15012] event_addr:0x7c0c1d9700 hit_count:372, Regs:
[x0=0x1,x1=0x5f5c8f3598,x2=0x1,x3=0x7fd3b201e8,x4=0x0,x5=0x1414d4c,x6=0x1414d4c,x7=0x0,x8=0x9b504536b1897347,x9=0x9b504536b1897347,x10=0x9b504536b1897347,x11=0x3e8,x12=0x3,x13=0x706f6f6c5f657469,x14=0x7c0fa4e280,x15=0x0,x16=0x5f5c8f5a00,x17=0x7c0c1d9700,x18=0x7c0f35c000,x19=0x5f5c8f470c,x20=0x1,x21=0x1,x22=0x7fd3b20218,x23=0x7fd3b20220,x24=0x0,x25=0x0,x26=0x0,x27=0x0,x28=0x0,x29=0x7fd3b20190,lr=0x5f5c8f4734,sp=0x7fd3b20180,pc=0x7c0c1d9700]
[15012|15012] event_addr:0x7c0c1d9700 hit_count:373, Regs:
[x0=0x1,x1=0x5f5c8f3598,x2=0x1,x3=0x7fd3b201e8,x4=0x0,x5=0x1414d4c,x6=0x1414d4c,x7=0x0,x8=0x9b504536b1897347,x9=0x9b504536b1897347,x10=0x9b504536b1897347,x11=0x3e8,x12=0x3,x13=0x706f6f6c5f657469,x14=0x7c0fa4e280,x15=0x0,x16=0x5f5c8f5a00,x17=0x7c0c1d9700,x18=0x7c0f35c000,x19=0x5f5c8f470c,x20=0x1,x21=0x1,x22=0x7fd3b20218,x23=0x7fd3b20220,x24=0x0,x25=0x0,x26=0x0,x27=0x0,x28=0x0,x29=0x7fd3b20190,lr=0x5f5c8f4734,sp=0x7fd3b20180,pc=0x7c0c1d9700]
[15012|15012] event_addr:0x7c0c1d9700 hit_count:374, Regs:
[x0=0x1,x1=0x5f5c8f3598,x2=0x1,x3=0x7fd3b201e8,x4=0x0,x5=0x1414d4c,x6=0x1414d4c,x7=0x0,x8=0x9b504536b1897347,x9=0x9b504536b1897347,x10=0x9b504536b1897347,x11=0x3e8,x12=0x3,x13=0x706f6f6c5f657469,x14=0x7c0fa4e280,x15=0x0,x16=0x5f5c8f5a00,x17=0x7c0c1d9700,x18=0x7c0f35c000,x19=0x5f5c8f470c,x20=0x1,x21=0x1,x22=0x7fd3b20218,x23=0x7fd3b20220,x24=0x0,x25=0x0,x26=0x0,x27=0x0,x28=0x0,x29=0x7fd3b20190,lr=0x5f5c8f4734,sp=0x7fd3b20180,pc=0x7c0c1d9700]
[15012|15012] event_addr:0x7c0c1d9700 hit_count:375, Regs:
[x0=0x1,x1=0x5f5c8f3598,x2=0x1,x3=0x7fd3b201e8,x4=0x0,x5=0x1414d4c,x6=0x1414d4c,x7=0x0,x8=0x9b504536b1897347,x9=0x9b504536b1897347,x10=0x9b504536b1897347,x11=0x3e8,x12=0x3,x13=0x706f6f6c5f657469,x14=0x7c0fa4e280,x15=0x0,x16=0x5f5c8f5a00,x17=0x7c0c1d9700,x18=0x7c0f35c000,x19=0x5f5c8f470c,x20=0x1,x21=0x1,x22=0x7fd3b20218,x23=0x7fd3b20220,x24=0x0,x25=0x0,x26=0x0,x27=0x0,x28=0x0,x29=0x7fd3b20190,lr=0x5f5c8f4734,sp=0x7fd3b20180,pc=0x7c0c1d9700]
[15012|15012] event_addr:0x7c0c1d9700 hit_count:376, Regs:
[x0=0x1,x1=0x5f5c8f3598,x2=0x1,x3=0x7fd3b201e8,x4=0x0,x5=0x1414d4c,x6=0x1414d4c,x7=0x0,x8=0x9b504536b1897347,x9=0x9b504536b1897347,x10=0x9b504536b1897347,x11=0x3e8,x12=0x3,x13=0x706f6f6c5f657469,x14=0x7c0fa4e280,x15=0x0,x16=0x5f5c8f5a00,x17=0x7c0c1d9700,x18=0x7c0f35c000,x19=0x5f5c8f470c,x20=0x1,x21=0x1,x22=0x7fd3b20218,x23=0x7fd3b20220,x24=0x0,x25=0x0,x26=0x0,x27=0x0,x28=0x0,x29=0x7fd3b20190,lr=0x5f5c8f4734,sp=0x7fd3b20180,pc=0x7c0c1d9700]
[15012|15012] event_addr:0x7c0c1d9700 hit_count:377, Regs:
[x0=0x1,x1=0x5f5c8f3598,x2=0x1,x3=0x7fd3b201e8,x4=0x0,x5=0x1414d4c,x6=0x1414d4c,x7=0x0,x8=0x9b504536b1897347,x9=0x9b504536b1897347,x10=0x9b504536b1897347,x11=0x3e8,x12=0x3,x13=0x706f6f6c5f657469,x14=0x7c0fa4e280,x15=0x0,x16=0x5f5c8f5a00,x17=0x7c0c1d9700,x18=0x7c0f35c000,x19=0x5f5c8f470c,x20=0x1,x21=0x1,x22=0x7fd3b20218,x23=0x7fd3b20220,x24=0x0,x25=0x0,x26=0x0,x27=0x0,x28=0x0,x29=0x7fd3b20190,lr=0x5f5c8f4734,sp=0x7fd3b20180,pc=0x7c0c1d9700]
[15012|15012] event_addr:0x7c0c1d9700 hit_count:378, Regs:
[x0=0x1,x1=0x5f5c8f3598,x2=0x1,x3=0x7fd3b201e8,x4=0x0,x5=0x1414d4c,x6=0x1414d4c,x7=0x0,x8=0x9b504536b1897347,x9=0x9b504536b1897347,x10=0x9b504536b1897347,x11=0x3e8,x12=0x3,x13=0x706f6f6c5f657469,x14=0x7c0fa4e280,x15=0x0,x16=0x5f5c8f5a00,x17=0x7c0c1d9700,x18=0x7c0f35c000,x19=0x5f5c8f470c,x20=0x1,x21=0x1,x22=0x7fd3b20218,x23=0x7fd3b20220,x24=0x0,x25=0x0,x26=0x0,x27=0x0,x28=0x0,x29=0x7fd3b20190,lr=0x5f5c8f4734,sp=0x7fd3b20180,pc=0x7c0c1d9700]
[15012|15012] event_addr:0x7c0c1d9700 hit_count:379, Regs:
[x0=0x1,x1=0x5f5c8f3598,x2=0x1,x3=0x7fd3b201e8,x4=0x0,x5=0x1414d4c,x6=0x1414d4c,x7=0x0,x8=0x9b504536b1897347,x9=0x9b504536b1897347,x10=0x9b504536b1897347,x11=0x3e8,x12=0x3,x13=0x706f6f6c5f657469,x14=0x7c0fa4e280,x15=0x0,x16=0x5f5c8f5a00,x17=0x7c0c1d9700,x18=0x7c0f35c000,x19=0x5f5c8f470c,x20=0x1,x21=0x1,x22=0x7fd3b20218,x23=0x7fd3b20220,x24=0x0,x25=0x0,x26=0x0,x27=0x0,x28=0x0,x29=0x7fd3b20190,lr=0x5f5c8f4734,sp=0x7fd3b20180,pc=0x7c0c1d9700]
[15012|15012] event_addr:0x7c0c1d9700 hit_count:380, Regs:
[x0=0x1,x1=0x5f5c8f3598,x2=0x1,x3=0x7fd3b201e8,x4=0x0,x5=0x1414d4c,x6=0x1414d4c,x7=0x0,x8=0x9b504536b1897347,x9=0x9b504536b1897347,x10=0x9b504536b1897347,x11=0x3e8,x12=0x3,x13=0x706f6f6c5f657469,x14=0x7c0fa4e280,x15=0x0,x16=0x5f5c8f5a00,x17=0x7c0c1d9700,x18=0x7c0f35c000,x19=0x5f5c8f470c,x20=0x1,x21=0x1,x22=0x7fd3b20218,x23=0x7fd3b20220,x24=0x0,x25=0x0,x26=0x0,x27=0x0,x28=0x0,x29=0x7fd3b20190,lr=0x5f5c8f4734,sp=0x7fd3b20180,pc=0x7c0c1d9700]
[15012|15012] event_addr:0x7c0c1d9700 hit_count:381, Regs:
[x0=0x1,x1=0x5f5c8f3598,x2=0x1,x3=0x7fd3b201e8,x4=0x0,x5=0x1414d4c,x6=0x1414d4c,x7=0x0,x8=0x9b504536b1897347,x9=0x9b504536b1897347,x10=0x9b504536b1897347,x11=0x3e8,x12=0x3,x13=0x706f6f6c5f657469,x14=0x7c0fa4e280,x15=0x0,x16=0x5f5c8f5a00,x17=0x7c0c1d9700,x18=0x7c0f35c000,x19=0x5f5c8f470c,x20=0x1,x21=0x1,x22=0x7fd3b20218,x23=0x7fd3b20220,x24=0x0,x25=0x0,x26=0x0,x27=0x0,x28=0x0,x29=0x7fd3b20190,lr=0x5f5c8f4734,sp=0x7fd3b20180,pc=0x7c0c1d9700]
[15012|15012] event_addr:0x7c0c1d9700 hit_count:382, Regs:
[x0=0x1,x1=0x5f5c8f3598,x2=0x1,x3=0x7fd3b201e8,x4=0x0,x5=0x1414d4c,x6=0x1414d4c,x7=0x0,x8=0x9b504536b1897347,x9=0x9b504536b1897347,x10=0x9b504536b1897347,x11=0x3e8,x12=0x3,x13=0x706f6f6c5f657469,x14=0x7c0fa4e280,x15=0x0,x16=0x5f5c8f5a00,x17=0x7c0c1d9700,x18=0x7c0f35c000,x19=0x5f5c8f470c,x20=0x1,x21=0x1,x22=0x7fd3b20218,x23=0x7fd3b20220,x24=0x0,x25=0x0,x26=0x0,x27=0x0,x28=0x0,x29=0x7fd3b20190,lr=0x5f5c8f4734,sp=0x7fd3b20180,pc=0x7c0c1d9700]
[15012|15012] event_addr:0x7c0c1d9700 hit_count:383, Regs:
[x0=0x1,x1=0x5f5c8f3598,x2=0x1,x3=0x7fd3b201e8,x4=0x0,x5=0x1414d4c,x6=0x1414d4c,x7=0x0,x8=0x9b504536b1897347,x9=0x9b504536b1897347,x10=0x9b504536b1897347,x11=0x3e8,x12=0x3,x13=0x706f6f6c5f657469,x14=0x7c0fa4e280,x15=0x0,x16=0x5f5c8f5a00,x17=0x7c0c1d9700,x18=0x7c0f35c000,x19=0x5f5c8f470c,x20=0x1,x21=0x1,x22=0x7fd3b20218,x23=0x7fd3b20220,x24=0x0,x25=0x0,x26=0x0,x27=0x0,x28=0x0,x29=0x7fd3b20190,lr=0x5f5c8f4734,sp=0x7fd3b20180,pc=0x7c0c1d9700]
[15012|15012] event_addr:0x7c0c1d9700 hit_count:384, Regs:
[x0=0x1,x1=0x5f5c8f3598,x2=0x1,x3=0x7fd3b201e8,x4=0x0,x5=0x1414d4c,x6=0x1414d4c,x7=0x0,x8=0x9b504536b1897347,x9=0x9b504536b1897347,x10=0x9b504536b1897347,x11=0x3e8,x12=0x3,x13=0x706f6f6c5f657469,x14=0x7c0fa4e280,x15=0x0,x16=0x5f5c8f5a00,x17=0x7c0c1d9700,x18=0x7c0f35c000,x19=0x5f5c8f470c,x20=0x1,x21=0x1,x22=0x7fd3b20218,x23=0x7fd3b20220,x24=0x0,x25=0x0,x26=0x0,x27=0x0,x28=0x0,x29=0x7fd3b20190,lr=0x5f5c8f4734,sp=0x7fd3b20180,pc=0x7c0c1d9700]
[15012|15012] event_addr:0x7c0c1d9700 hit_count:385, Regs:
[x0=0x1,x1=0x5f5c8f3598,x2=0x1,x3=0x7fd3b201e8,x4=0x0,x5=0x1414d4c,x6=0x1414d4c,x7=0x0,x8=0x9b504536b1897347,x9=0x9b504536b1897347,x10=0x9b504536b1897347,x11=0x3e8,x12=0x3,x13=0x706f6f6c5f657469,x14=0x7c0fa4e280,x15=0x0,x16=0x5f5c8f5a00,x17=0x7c0c1d9700,x18=0x7c0f35c000,x19=0x5f5c8f470c,x20=0x1,x21=0x1,x22=0x7fd3b20218,x23=0x7fd3b20220,x24=0x0,x25=0x0,x26=0x0,x27=0x0,x28=0x0,x29=0x7fd3b20190,lr=0x5f5c8f4734,sp=0x7fd3b20180,pc=0x7c0c1d9700]
[15012|15012] event_addr:0x7c0c1d9700 hit_count:386, Regs:
[x0=0x1,x1=0x5f5c8f3598,x2=0x1,x3=0x7fd3b201e8,x4=0x0,x5=0x1414d4c,x6=0x1414d4c,x7=0x0,x8=0x9b504536b1897347,x9=0x9b504536b1897347,x10=0x9b504536b1897347,x11=0x3e8,x12=0x3,x13=0x706f6f6c5f657469,x14=0x7c0fa4e280,x15=0x0,x16=0x5f5c8f5a00,x17=0x7c0c1d9700,x18=0x7c0f35c000,x19=0x5f5c8f470c,x20=0x1,x21=0x1,x22=0x7fd3b20218,x23=0x7fd3b20220,x24=0x0,x25=0x0,x26=0x0,x27=0x0,x28=0x0,x29=0x7fd3b20190,lr=0x5f5c8f4734,sp=0x7fd3b20180,pc=0x7c0c1d9700]
[15012|15012] event_addr:0x7c0c1d9700 hit_count:387, Regs:
[x0=0x1,x1=0x5f5c8f3598,x2=0x1,x3=0x7fd3b201e8,x4=0x0,x5=0x1414d4c,x6=0x1414d4c,x7=0x0,x8=0x9b504536b1897347,x9=0x9b504536b1897347,x10=0x9b504536b1897347,x11=0x3e8,x12=0x3,x13=0x706f6f6c5f657469,x14=0x7c0fa4e280,x15=0x0,x16=0x5f5c8f5a00,x17=0x7c0c1d9700,x18=0x7c0f35c000,x19=0x5f5c8f470c,x20=0x1,x21=0x1,x22=0x7fd3b20218,x23=0x7fd3b20220,x24=0x0,x25=0x0,x26=0x0,x27=0x0,x28=0x0,x29=0x7fd3b20190,lr=0x5f5c8f4734,sp=0x7fd3b20180,pc=0x7c0c1d9700]
[15012|15012] event_addr:0x7c0c1d9700 hit_count:388, Regs:
[x0=0x1,x1=0x5f5c8f3598,x2=0x1,x3=0x7fd3b201e8,x4=0x0,x5=0x1414d4c,x6=0x1414d4c,x7=0x0,x8=0x9b504536b1897347,x9=0x9b504536b1897347,x10=0x9b504536b1897347,x11=0x3e8,x12=0x3,x13=0x706f6f6c5f657469,x14=0x7c0fa4e280,x15=0x0,x16=0x5f5c8f5a00,x17=0x7c0c1d9700,x18=0x7c0f35c000,x19=0x5f5c8f470c,x20=0x1,x21=0x1,x22=0x7fd3b20218,x23=0x7fd3b20220,x24=0x0,x25=0x0,x26=0x0,x27=0x0,x28=0x0,x29=0x7fd3b20190,lr=0x5f5c8f4734,sp=0x7fd3b20180,pc=0x7c0c1d9700]
[15012|15012] event_addr:0x7c0c1d9700 hit_count:389, Regs:
[x0=0x1,x1=0x5f5c8f3598,x2=0x1,x3=0x7fd3b201e8,x4=0x0,x5=0x1414d4c,x6=0x1414d4c,x7=0x0,x8=0x9b504536b1897347,x9=0x9b504536b1897347,x10=0x9b504536b1897347,x11=0x3e8,x12=0x3,x13=0x706f6f6c5f657469,x14=0x7c0fa4e280,x15=0x0,x16=0x5f5c8f5a00,x17=0x7c0c1d9700,x18=0x7c0f35c000,x19=0x5f5c8f470c,x20=0x1,x21=0x1,x22=0x7fd3b20218,x23=0x7fd3b20220,x24=0x0,x25=0x0,x26=0x0,x27=0x0,x28=0x0,x29=0x7fd3b20190,lr=0x5f5c8f4734,sp=0x7fd3b20180,pc=0x7c0c1d9700]
[15012|15012] event_addr:0x7c0c1d9700 hit_count:390, Regs:
[x0=0x1,x1=0x5f5c8f3598,x2=0x1,x3=0x7fd3b201e8,x4=0x0,x5=0x1414d4c,x6=0x1414d4c,x7=0x0,x8=0x9b504536b1897347,x9=0x9b504536b1897347,x10=0x9b504536b1897347,x11=0x3e8,x12=0x3,x13=0x706f6f6c5f657469,x14=0x7c0fa4e280,x15=0x0,x16=0x5f5c8f5a00,x17=0x7c0c1d9700,x18=0x7c0f35c000,x19=0x5f5c8f470c,x20=0x1,x21=0x1,x22=0x7fd3b20218,x23=0x7fd3b20220,x24=0x0,x25=0x0,x26=0x0,x27=0x0,x28=0x0,x29=0x7fd3b20190,lr=0x5f5c8f4734,sp=0x7fd3b20180,pc=0x7c0c1d9700]
[15012|15012] event_addr:0x7c0c1d9700 hit_count:391, Regs:
[x0=0x1,x1=0x5f5c8f3598,x2=0x1,x3=0x7fd3b201e8,x4=0x0,x5=0x1414d4c,x6=0x1414d4c,x7=0x0,x8=0x9b504536b1897347,x9=0x9b504536b1897347,x10=0x9b504536b1897347,x11=0x3e8,x12=0x3,x13=0x706f6f6c5f657469,x14=0x7c0fa4e280,x15=0x0,x16=0x5f5c8f5a00,x17=0x7c0c1d9700,x18=0x7c0f35c000,x19=0x5f5c8f470c,x20=0x1,x21=0x1,x22=0x7fd3b20218,x23=0x7fd3b20220,x24=0x0,x25=0x0,x26=0x0,x27=0x0,x28=0x0,x29=0x7fd3b20190,lr=0x5f5c8f4734,sp=0x7fd3b20180,pc=0x7c0c1d9700]
[15012|15012] event_addr:0x7c0c1d9700 hit_count:392, Regs:
[x0=0x1,x1=0x5f5c8f3598,x2=0x1,x3=0x7fd3b201e8,x4=0x0,x5=0x1414d4c,x6=0x1414d4c,x7=0x0,x8=0x9b504536b1897347,x9=0x9b504536b1897347,x10=0x9b504536b1897347,x11=0x3e8,x12=0x3,x13=0x706f6f6c5f657469,x14=0x7c0fa4e280,x15=0x0,x16=0x5f5c8f5a00,x17=0x7c0c1d9700,x18=0x7c0f35c000,x19=0x5f5c8f470c,x20=0x1,x21=0x1,x22=0x7fd3b20218,x23=0x7fd3b20220,x24=0x0,x25=0x0,x26=0x0,x27=0x0,x28=0x0,x29=0x7fd3b20190,lr=0x5f5c8f4734,sp=0x7fd3b20180,pc=0x7c0c1d9700]
[15012|15012] event_addr:0x7c0c1d9700 hit_count:393, Regs:
[x0=0x1,x1=0x5f5c8f3598,x2=0x1,x3=0x7fd3b201e8,x4=0x0,x5=0x1414d4c,x6=0x1414d4c,x7=0x0,x8=0x9b504536b1897347,x9=0x9b504536b1897347,x10=0x9b504536b1897347,x11=0x3e8,x12=0x3,x13=0x706f6f6c5f657469,x14=0x7c0fa4e280,x15=0x0,x16=0x5f5c8f5a00,x17=0x7c0c1d9700,x18=0x7c0f35c000,x19=0x5f5c8f470c,x20=0x1,x21=0x1,x22=0x7fd3b20218,x23=0x7fd3b20220,x24=0x0,x25=0x0,x26=0x0,x27=0x0,x28=0x0,x29=0x7fd3b20190,lr=0x5f5c8f4734,sp=0x7fd3b20180,pc=0x7c0c1d9700]
[15012|15012] event_addr:0x7c0c1d9700 hit_count:394, Regs:
[x0=0x1,x1=0x5f5c8f3598,x2=0x1,x3=0x7fd3b201e8,x4=0x0,x5=0x1414d4c,x6=0x1414d4c,x7=0x0,x8=0x9b504536b1897347,x9=0x9b504536b1897347,x10=0x9b504536b1897347,x11=0x3e8,x12=0x3,x13=0x706f6f6c5f657469,x14=0x7c0fa4e280,x15=0x0,x16=0x5f5c8f5a00,x17=0x7c0c1d9700,x18=0x7c0f35c000,x19=0x5f5c8f470c,x20=0x1,x21=0x1,x22=0x7fd3b20218,x23=0x7fd3b20220,x24=0x0,x25=0x0,x26=0x0,x27=0x0,x28=0x0,x29=0x7fd3b20190,lr=0x5f5c8f4734,sp=0x7fd3b20180,pc=0x7c0c1d9700]
[15012|15012] event_addr:0x7c0c1d9700 hit_count:395, Regs:
[x0=0x1,x1=0x5f5c8f3598,x2=0x1,x3=0x7fd3b201e8,x4=0x0,x5=0x1414d4c,x6=0x1414d4c,x7=0x0,x8=0x9b504536b1897347,x9=0x9b504536b1897347,x10=0x9b504536b1897347,x11=0x3e8,x12=0x3,x13=0x706f6f6c5f657469,x14=0x7c0fa4e280,x15=0x0,x16=0x5f5c8f5a00,x17=0x7c0c1d9700,x18=0x7c0f35c000,x19=0x5f5c8f470c,x20=0x1,x21=0x1,x22=0x7fd3b20218,x23=0x7fd3b20220,x24=0x0,x25=0x0,x26=0x0,x27=0x0,x28=0x0,x29=0x7fd3b20190,lr=0x5f5c8f4734,sp=0x7fd3b20180,pc=0x7c0c1d9700]
[15012|15012] event_addr:0x7c0c1d9700 hit_count:396, Regs:
[x0=0x1,x1=0x5f5c8f3598,x2=0x1,x3=0x7fd3b201e8,x4=0x0,x5=0x1414d4c,x6=0x1414d4c,x7=0x0,x8=0x9b504536b1897347,x9=0x9b504536b1897347,x10=0x9b504536b1897347,x11=0x3e8,x12=0x3,x13=0x706f6f6c5f657469,x14=0x7c0fa4e280,x15=0x0,x16=0x5f5c8f5a00,x17=0x7c0c1d9700,x18=0x7c0f35c000,x19=0x5f5c8f470c,x20=0x1,x21=0x1,x22=0x7fd3b20218,x23=0x7fd3b20220,x24=0x0,x25=0x0,x26=0x0,x27=0x0,x28=0x0,x29=0x7fd3b20190,lr=0x5f5c8f4734,sp=0x7fd3b20180,pc=0x7c0c1d9700]
[15012|15012] event_addr:0x7c0c1d9700 hit_count:397, Regs:
[x0=0x1,x1=0x5f5c8f3598,x2=0x1,x3=0x7fd3b201e8,x4=0x0,x5=0x1414d4c,x6=0x1414d4c,x7=0x0,x8=0x9b504536b1897347,x9=0x9b504536b1897347,x10=0x9b504536b1897347,x11=0x3e8,x12=0x3,x13=0x706f6f6c5f657469,x14=0x7c0fa4e280,x15=0x0,x16=0x5f5c8f5a00,x17=0x7c0c1d9700,x18=0x7c0f35c000,x19=0x5f5c8f470c,x20=0x1,x21=0x1,x22=0x7fd3b20218,x23=0x7fd3b20220,x24=0x0,x25=0x0,x26=0x0,x27=0x0,x28=0x0,x29=0x7fd3b20190,lr=0x5f5c8f4734,sp=0x7fd3b20180,pc=0x7c0c1d9700]
[15012|15012] event_addr:0x7c0c1d9700 hit_count:398, Regs:
[x0=0x1,x1=0x5f5c8f3598,x2=0x1,x3=0x7fd3b201e8,x4=0x0,x5=0x1414d4c,x6=0x1414d4c,x7=0x0,x8=0x9b504536b1897347,x9=0x9b504536b1897347,x10=0x9b504536b1897347,x11=0x3e8,x12=0x3,x13=0x706f6f6c5f657469,x14=0x7c0fa4e280,x15=0x0,x16=0x5f5c8f5a00,x17=0x7c0c1d9700,x18=0x7c0f35c000,x19=0x5f5c8f470c,x20=0x1,x21=0x1,x22=0x7fd3b20218,x23=0x7fd3b20220,x24=0x0,x25=0x0,x26=0x0,x27=0x0,x28=0x0,x29=0x7fd3b20190,lr=0x5f5c8f4734,sp=0x7fd3b20180,pc=0x7c0c1d9700]
[15012|15012] event_addr:0x7c0c1d9700 hit_count:399, Regs:
[x0=0x1,x1=0x5f5c8f3598,x2=0x1,x3=0x7fd3b201e8,x4=0x0,x5=0x1414d4c,x6=0x1414d4c,x7=0x0,x8=0x9b504536b1897347,x9=0x9b504536b1897347,x10=0x9b504536b1897347,x11=0x3e8,x12=0x3,x13=0x706f6f6c5f657469,x14=0x7c0fa4e280,x15=0x0,x16=0x5f5c8f5a00,x17=0x7c0c1d9700,x18=0x7c0f35c000,x19=0x5f5c8f470c,x20=0x1,x21=0x1,x22=0x7fd3b20218,x23=0x7fd3b20220,x24=0x0,x25=0x0,x26=0x0,x27=0x0,x28=0x0,x29=0x7fd3b20190,lr=0x5f5c8f4734,sp=0x7fd3b20180,pc=0x7c0c1d9700]
[15012|15012] event_addr:0x7c0c1d9700 hit_count:400, Regs:
[x0=0x1,x1=0x5f5c8f3598,x2=0x1,x3=0x7fd3b201e8,x4=0x0,x5=0x1414d4c,x6=0x1414d4c,x7=0x0,x8=0x9b504536b1897347,x9=0x9b504536b1897347,x10=0x9b504536b1897347,x11=0x3e8,x12=0x3,x13=0x706f6f6c5f657469,x14=0x7c0fa4e280,x15=0x0,x16=0x5f5c8f5a00,x17=0x7c0c1d9700,x18=0x7c0f35c000,x19=0x5f5c8f470c,x20=0x1,x21=0x1,x22=0x7fd3b20218,x23=0x7fd3b20220,x24=0x0,x25=0x0,x26=0x0,x27=0x0,x28=0x0,x29=0x7fd3b20190,lr=0x5f5c8f4734,sp=0x7fd3b20180,pc=0x7c0c1d9700]
[15012|15012] event_addr:0x7c0c1d9700 hit_count:401, Regs:
[x0=0x1,x1=0x5f5c8f3598,x2=0x1,x3=0x7fd3b201e8,x4=0x0,x5=0x1414d4c,x6=0x1414d4c,x7=0x0,x8=0x9b504536b1897347,x9=0x9b504536b1897347,x10=0x9b504536b1897347,x11=0x3e8,x12=0x3,x13=0x706f6f6c5f657469,x14=0x7c0fa4e280,x15=0x0,x16=0x5f5c8f5a00,x17=0x7c0c1d9700,x18=0x7c0f35c000,x19=0x5f5c8f470c,x20=0x1,x21=0x1,x22=0x7fd3b20218,x23=0x7fd3b20220,x24=0x0,x25=0x0,x26=0x0,x27=0x0,x28=0x0,x29=0x7fd3b20190,lr=0x5f5c8f4734,sp=0x7fd3b20180,pc=0x7c0c1d9700]
[15012|15012] event_addr:0x7c0c1d9700 hit_count:402, Regs:
[x0=0x1,x1=0x5f5c8f3598,x2=0x1,x3=0x7fd3b201e8,x4=0x0,x5=0x1414d4c,x6=0x1414d4c,x7=0x0,x8=0x9b504536b1897347,x9=0x9b504536b1897347,x10=0x9b504536b1897347,x11=0x3e8,x12=0x3,x13=0x706f6f6c5f657469,x14=0x7c0fa4e280,x15=0x0,x16=0x5f5c8f5a00,x17=0x7c0c1d9700,x18=0x7c0f35c000,x19=0x5f5c8f470c,x20=0x1,x21=0x1,x22=0x7fd3b20218,x23=0x7fd3b20220,x24=0x0,x25=0x0,x26=0x0,x27=0x0,x28=0x0,x29=0x7fd3b20190,lr=0x5f5c8f4734,sp=0x7fd3b20180,pc=0x7c0c1d9700]
[15012|15012] event_addr:0x7c0c1d9700 hit_count:403, Regs:
[x0=0x1,x1=0x5f5c8f3598,x2=0x1,x3=0x7fd3b201e8,x4=0x0,x5=0x1414d4c,x6=0x1414d4c,x7=0x0,x8=0x9b504536b1897347,x9=0x9b504536b1897347,x10=0x9b504536b1897347,x11=0x3e8,x12=0x3,x13=0x706f6f6c5f657469,x14=0x7c0fa4e280,x15=0x0,x16=0x5f5c8f5a00,x17=0x7c0c1d9700,x18=0x7c0f35c000,x19=0x5f5c8f470c,x20=0x1,x21=0x1,x22=0x7fd3b20218,x23=0x7fd3b20220,x24=0x0,x25=0x0,x26=0x0,x27=0x0,x28=0x0,x29=0x7fd3b20190,lr=0x5f5c8f4734,sp=0x7fd3b20180,pc=0x7c0c1d9700]
[15012|15012] event_addr:0x7c0c1d9700 hit_count:404, Regs:
[x0=0x1,x1=0x5f5c8f3598,x2=0x1,x3=0x7fd3b201e8,x4=0x0,x5=0x1414d4c,x6=0x1414d4c,x7=0x0,x8=0x9b504536b1897347,x9=0x9b504536b1897347,x10=0x9b504536b1897347,x11=0x3e8,x12=0x3,x13=0x706f6f6c5f657469,x14=0x7c0fa4e280,x15=0x0,x16=0x5f5c8f5a00,x17=0x7c0c1d9700,x18=0x7c0f35c000,x19=0x5f5c8f470c,x20=0x1,x21=0x1,x22=0x7fd3b20218,x23=0x7fd3b20220,x24=0x0,x25=0x0,x26=0x0,x27=0x0,x28=0x0,x29=0x7fd3b20190,lr=0x5f5c8f4734,sp=0x7fd3b20180,pc=0x7c0c1d9700]
[15012|15012] event_addr:0x7c0c1d9700 hit_count:405, Regs:
[x0=0x1,x1=0x5f5c8f3598,x2=0x1,x3=0x7fd3b201e8,x4=0x0,x5=0x1414d4c,x6=0x1414d4c,x7=0x0,x8=0x9b504536b1897347,x9=0x9b504536b1897347,x10=0x9b504536b1897347,x11=0x3e8,x12=0x3,x13=0x706f6f6c5f657469,x14=0x7c0fa4e280,x15=0x0,x16=0x5f5c8f5a00,x17=0x7c0c1d9700,x18=0x7c0f35c000,x19=0x5f5c8f470c,x20=0x1,x21=0x1,x22=0x7fd3b20218,x23=0x7fd3b20220,x24=0x0,x25=0x0,x26=0x0,x27=0x0,x28=0x0,x29=0x7fd3b20190,lr=0x5f5c8f4734,sp=0x7fd3b20180,pc=0x7c0c1d9700]
[15012|15012] event_addr:0x7c0c1d9700 hit_count:406, Regs:
[x0=0x1,x1=0x5f5c8f3598,x2=0x1,x3=0x7fd3b201e8,x4=0x0,x5=0x1414d4c,x6=0x1414d4c,x7=0x0,x8=0x9b504536b1897347,x9=0x9b504536b1897347,x10=0x9b504536b1897347,x11=0x3e8,x12=0x3,x13=0x706f6f6c5f657469,x14=0x7c0fa4e280,x15=0x0,x16=0x5f5c8f5a00,x17=0x7c0c1d9700,x18=0x7c0f35c000,x19=0x5f5c8f470c,x20=0x1,x21=0x1,x22=0x7fd3b20218,x23=0x7fd3b20220,x24=0x0,x25=0x0,x26=0x0,x27=0x0,x28=0x0,x29=0x7fd3b20190,lr=0x5f5c8f4734,sp=0x7fd3b20180,pc=0x7c0c1d9700]
[15012|15012] event_addr:0x7c0c1d9700 hit_count:407, Regs:
[x0=0x1,x1=0x5f5c8f3598,x2=0x1,x3=0x7fd3b201e8,x4=0x0,x5=0x1414d4c,x6=0x1414d4c,x7=0x0,x8=0x9b504536b1897347,x9=0x9b504536b1897347,x10=0x9b504536b1897347,x11=0x3e8,x12=0x3,x13=0x706f6f6c5f657469,x14=0x7c0fa4e280,x15=0x0,x16=0x5f5c8f5a00,x17=0x7c0c1d9700,x18=0x7c0f35c000,x19=0x5f5c8f470c,x20=0x1,x21=0x1,x22=0x7fd3b20218,x23=0x7fd3b20220,x24=0x0,x25=0x0,x26=0x0,x27=0x0,x28=0x0,x29=0x7fd3b20190,lr=0x5f5c8f4734,sp=0x7fd3b20180,pc=0x7c0c1d9700]
[15012|15012] event_addr:0x7c0c1d9700 hit_count:408, Regs:
[x0=0x1,x1=0x5f5c8f3598,x2=0x1,x3=0x7fd3b201e8,x4=0x0,x5=0x1414d4c,x6=0x1414d4c,x7=0x0,x8=0x9b504536b1897347,x9=0x9b504536b1897347,x10=0x9b504536b1897347,x11=0x3e8,x12=0x3,x13=0x706f6f6c5f657469,x14=0x7c0fa4e280,x15=0x0,x16=0x5f5c8f5a00,x17=0x7c0c1d9700,x18=0x7c0f35c000,x19=0x5f5c8f470c,x20=0x1,x21=0x1,x22=0x7fd3b20218,x23=0x7fd3b20220,x24=0x0,x25=0x0,x26=0x0,x27=0x0,x28=0x0,x29=0x7fd3b20190,lr=0x5f5c8f4734,sp=0x7fd3b20180,pc=0x7c0c1d9700]
[15012|15012] event_addr:0x7c0c1d9700 hit_count:409, Regs:
[x0=0x1,x1=0x5f5c8f3598,x2=0x1,x3=0x7fd3b201e8,x4=0x0,x5=0x1414d4c,x6=0x1414d4c,x7=0x0,x8=0x9b504536b1897347,x9=0x9b504536b1897347,x10=0x9b504536b1897347,x11=0x3e8,x12=0x3,x13=0x706f6f6c5f657469,x14=0x7c0fa4e280,x15=0x0,x16=0x5f5c8f5a00,x17=0x7c0c1d9700,x18=0x7c0f35c000,x19=0x5f5c8f470c,x20=0x1,x21=0x1,x22=0x7fd3b20218,x23=0x7fd3b20220,x24=0x0,x25=0x0,x26=0x0,x27=0x0,x28=0x0,x29=0x7fd3b20190,lr=0x5f5c8f4734,sp=0x7fd3b20180,pc=0x7c0c1d9700]
[15012|15012] event_addr:0x7c0c1d9700 hit_count:410, Regs:
[x0=0x1,x1=0x5f5c8f3598,x2=0x1,x3=0x7fd3b201e8,x4=0x0,x5=0x1414d4c,x6=0x1414d4c,x7=0x0,x8=0x9b504536b1897347,x9=0x9b504536b1897347,x10=0x9b504536b1897347,x11=0x3e8,x12=0x3,x13=0x706f6f6c5f657469,x14=0x7c0fa4e280,x15=0x0,x16=0x5f5c8f5a00,x17=0x7c0c1d9700,x18=0x7c0f35c000,x19=0x5f5c8f470c,x20=0x1,x21=0x1,x22=0x7fd3b20218,x23=0x7fd3b20220,x24=0x0,x25=0x0,x26=0x0,x27=0x0,x28=0x0,x29=0x7fd3b20190,lr=0x5f5c8f4734,sp=0x7fd3b20180,pc=0x7c0c1d9700]
[15012|15012] event_addr:0x7c0c1d9700 hit_count:411, Regs:
[x0=0x1,x1=0x5f5c8f3598,x2=0x1,x3=0x7fd3b201e8,x4=0x0,x5=0x1414d4c,x6=0x1414d4c,x7=0x0,x8=0x9b504536b1897347,x9=0x9b504536b1897347,x10=0x9b504536b1897347,x11=0x3e8,x12=0x3,x13=0x706f6f6c5f657469,x14=0x7c0fa4e280,x15=0x0,x16=0x5f5c8f5a00,x17=0x7c0c1d9700,x18=0x7c0f35c000,x19=0x5f5c8f470c,x20=0x1,x21=0x1,x22=0x7fd3b20218,x23=0x7fd3b20220,x24=0x0,x25=0x0,x26=0x0,x27=0x0,x28=0x0,x29=0x7fd3b20190,lr=0x5f5c8f4734,sp=0x7fd3b20180,pc=0x7c0c1d9700]
[15012|15012] event_addr:0x7c0c1d9700 hit_count:412, Regs:
[x0=0x1,x1=0x5f5c8f3598,x2=0x1,x3=0x7fd3b201e8,x4=0x0,x5=0x1414d4c,x6=0x1414d4c,x7=0x0,x8=0x9b504536b1897347,x9=0x9b504536b1897347,x10=0x9b504536b1897347,x11=0x3e8,x12=0x3,x13=0x706f6f6c5f657469,x14=0x7c0fa4e280,x15=0x0,x16=0x5f5c8f5a00,x17=0x7c0c1d9700,x18=0x7c0f35c000,x19=0x5f5c8f470c,x20=0x1,x21=0x1,x22=0x7fd3b20218,x23=0x7fd3b20220,x24=0x0,x25=0x0,x26=0x0,x27=0x0,x28=0x0,x29=0x7fd3b20190,lr=0x5f5c8f4734,sp=0x7fd3b20180,pc=0x7c0c1d9700]
[15012|15012] event_addr:0x7c0c1d9700 hit_count:413, Regs:
[x0=0x1,x1=0x5f5c8f3598,x2=0x1,x3=0x7fd3b201e8,x4=0x0,x5=0x1414d4c,x6=0x1414d4c,x7=0x0,x8=0x9b504536b1897347,x9=0x9b504536b1897347,x10=0x9b504536b1897347,x11=0x3e8,x12=0x3,x13=0x706f6f6c5f657469,x14=0x7c0fa4e280,x15=0x0,x16=0x5f5c8f5a00,x17=0x7c0c1d9700,x18=0x7c0f35c000,x19=0x5f5c8f470c,x20=0x1,x21=0x1,x22=0x7fd3b20218,x23=0x7fd3b20220,x24=0x0,x25=0x0,x26=0x0,x27=0x0,x28=0x0,x29=0x7fd3b20190,lr=0x5f5c8f4734,sp=0x7fd3b20180,pc=0x7c0c1d9700]
[15012|15012] event_addr:0x7c0c1d9700 hit_count:414, Regs:
[x0=0x1,x1=0x5f5c8f3598,x2=0x1,x3=0x7fd3b201e8,x4=0x0,x5=0x1414d4c,x6=0x1414d4c,x7=0x0,x8=0x9b504536b1897347,x9=0x9b504536b1897347,x10=0x9b504536b1897347,x11=0x3e8,x12=0x3,x13=0x706f6f6c5f657469,x14=0x7c0fa4e280,x15=0x0,x16=0x5f5c8f5a00,x17=0x7c0c1d9700,x18=0x7c0f35c000,x19=0x5f5c8f470c,x20=0x1,x21=0x1,x22=0x7fd3b20218,x23=0x7fd3b20220,x24=0x0,x25=0x0,x26=0x0,x27=0x0,x28=0x0,x29=0x7fd3b20190,lr=0x5f5c8f4734,sp=0x7fd3b20180,pc=0x7c0c1d9700]
[15012|15012] event_addr:0x7c0c1d9700 hit_count:415, Regs:
[x0=0x1,x1=0x5f5c8f3598,x2=0x1,x3=0x7fd3b201e8,x4=0x0,x5=0x1414d4c,x6=0x1414d4c,x7=0x0,x8=0x9b504536b1897347,x9=0x9b504536b1897347,x10=0x9b504536b1897347,x11=0x3e8,x12=0x3,x13=0x706f6f6c5f657469,x14=0x7c0fa4e280,x15=0x0,x16=0x5f5c8f5a00,x17=0x7c0c1d9700,x18=0x7c0f35c000,x19=0x5f5c8f470c,x20=0x1,x21=0x1,x22=0x7fd3b20218,x23=0x7fd3b20220,x24=0x0,x25=0x0,x26=0x0,x27=0x0,x28=0x0,x29=0x7fd3b20190,lr=0x5f5c8f4734,sp=0x7fd3b20180,pc=0x7c0c1d9700]
[15012|15012] event_addr:0x7c0c1d9700 hit_count:416, Regs:
[x0=0x1,x1=0x5f5c8f3598,x2=0x1,x3=0x7fd3b201e8,x4=0x0,x5=0x1414d4c,x6=0x1414d4c,x7=0x0,x8=0x9b504536b1897347,x9=0x9b504536b1897347,x10=0x9b504536b1897347,x11=0x3e8,x12=0x3,x13=0x706f6f6c5f657469,x14=0x7c0fa4e280,x15=0x0,x16=0x5f5c8f5a00,x17=0x7c0c1d9700,x18=0x7c0f35c000,x19=0x5f5c8f470c,x20=0x1,x21=0x1,x22=0x7fd3b20218,x23=0x7fd3b20220,x24=0x0,x25=0x0,x26=0x0,x27=0x0,x28=0x0,x29=0x7fd3b20190,lr=0x5f5c8f4734,sp=0x7fd3b20180,pc=0x7c0c1d9700]
[15012|15012] event_addr:0x7c0c1d9700 hit_count:417, Regs:
[x0=0x1,x1=0x5f5c8f3598,x2=0x1,x3=0x7fd3b201e8,x4=0x0,x5=0x1414d4c,x6=0x1414d4c,x7=0x0,x8=0x9b504536b1897347,x9=0x9b504536b1897347,x10=0x9b504536b1897347,x11=0x3e8,x12=0x3,x13=0x706f6f6c5f657469,x14=0x7c0fa4e280,x15=0x0,x16=0x5f5c8f5a00,x17=0x7c0c1d9700,x18=0x7c0f35c000,x19=0x5f5c8f470c,x20=0x1,x21=0x1,x22=0x7fd3b20218,x23=0x7fd3b20220,x24=0x0,x25=0x0,x26=0x0,x27=0x0,x28=0x0,x29=0x7fd3b20190,lr=0x5f5c8f4734,sp=0x7fd3b20180,pc=0x7c0c1d9700]
[15012|15012] event_addr:0x7c0c1d9700 hit_count:418, Regs:
[x0=0x1,x1=0x5f5c8f3598,x2=0x1,x3=0x7fd3b201e8,x4=0x0,x5=0x1414d4c,x6=0x1414d4c,x7=0x0,x8=0x9b504536b1897347,x9=0x9b504536b1897347,x10=0x9b504536b1897347,x11=0x3e8,x12=0x3,x13=0x706f6f6c5f657469,x14=0x7c0fa4e280,x15=0x0,x16=0x5f5c8f5a00,x17=0x7c0c1d9700,x18=0x7c0f35c000,x19=0x5f5c8f470c,x20=0x1,x21=0x1,x22=0x7fd3b20218,x23=0x7fd3b20220,x24=0x0,x25=0x0,x26=0x0,x27=0x0,x28=0x0,x29=0x7fd3b20190,lr=0x5f5c8f4734,sp=0x7fd3b20180,pc=0x7c0c1d9700]
[15012|15012] event_addr:0x7c0c1d9700 hit_count:419, Regs:
[x0=0x1,x1=0x5f5c8f3598,x2=0x1,x3=0x7fd3b201e8,x4=0x0,x5=0x1414d4c,x6=0x1414d4c,x7=0x0,x8=0x9b504536b1897347,x9=0x9b504536b1897347,x10=0x9b504536b1897347,x11=0x3e8,x12=0x3,x13=0x706f6f6c5f657469,x14=0x7c0fa4e280,x15=0x0,x16=0x5f5c8f5a00,x17=0x7c0c1d9700,x18=0x7c0f35c000,x19=0x5f5c8f470c,x20=0x1,x21=0x1,x22=0x7fd3b20218,x23=0x7fd3b20220,x24=0x0,x25=0x0,x26=0x0,x27=0x0,x28=0x0,x29=0x7fd3b20190,lr=0x5f5c8f4734,sp=0x7fd3b20180,pc=0x7c0c1d9700]
[15012|15012] event_addr:0x7c0c1d9700 hit_count:420, Regs:
[x0=0x1,x1=0x5f5c8f3598,x2=0x1,x3=0x7fd3b201e8,x4=0x0,x5=0x1414d4c,x6=0x1414d4c,x7=0x0,x8=0x9b504536b1897347,x9=0x9b504536b1897347,x10=0x9b504536b1897347,x11=0x3e8,x12=0x3,x13=0x706f6f6c5f657469,x14=0x7c0fa4e280,x15=0x0,x16=0x5f5c8f5a00,x17=0x7c0c1d9700,x18=0x7c0f35c000,x19=0x5f5c8f470c,x20=0x1,x21=0x1,x22=0x7fd3b20218,x23=0x7fd3b20220,x24=0x0,x25=0x0,x26=0x0,x27=0x0,x28=0x0,x29=0x7fd3b20190,lr=0x5f5c8f4734,sp=0x7fd3b20180,pc=0x7c0c1d9700]
[15012|15012] event_addr:0x7c0c1d9700 hit_count:421, Regs:
[x0=0x1,x1=0x5f5c8f3598,x2=0x1,x3=0x7fd3b201e8,x4=0x0,x5=0x1414d4c,x6=0x1414d4c,x7=0x0,x8=0x9b504536b1897347,x9=0x9b504536b1897347,x10=0x9b504536b1897347,x11=0x3e8,x12=0x3,x13=0x706f6f6c5f657469,x14=0x7c0fa4e280,x15=0x0,x16=0x5f5c8f5a00,x17=0x7c0c1d9700,x18=0x7c0f35c000,x19=0x5f5c8f470c,x20=0x1,x21=0x1,x22=0x7fd3b20218,x23=0x7fd3b20220,x24=0x0,x25=0x0,x26=0x0,x27=0x0,x28=0x0,x29=0x7fd3b20190,lr=0x5f5c8f4734,sp=0x7fd3b20180,pc=0x7c0c1d9700]
[15012|15012] event_addr:0x7c0c1d9700 hit_count:422, Regs:
[x0=0x1,x1=0x5f5c8f3598,x2=0x1,x3=0x7fd3b201e8,x4=0x0,x5=0x1414d4c,x6=0x1414d4c,x7=0x0,x8=0x9b504536b1897347,x9=0x9b504536b1897347,x10=0x9b504536b1897347,x11=0x3e8,x12=0x3,x13=0x706f6f6c5f657469,x14=0x7c0fa4e280,x15=0x0,x16=0x5f5c8f5a00,x17=0x7c0c1d9700,x18=0x7c0f35c000,x19=0x5f5c8f470c,x20=0x1,x21=0x1,x22=0x7fd3b20218,x23=0x7fd3b20220,x24=0x0,x25=0x0,x26=0x0,x27=0x0,x28=0x0,x29=0x7fd3b20190,lr=0x5f5c8f4734,sp=0x7fd3b20180,pc=0x7c0c1d9700]
[15012|15012] event_addr:0x7c0c1d9700 hit_count:423, Regs:
[x0=0x1,x1=0x5f5c8f3598,x2=0x1,x3=0x7fd3b201e8,x4=0x0,x5=0x1414d4c,x6=0x1414d4c,x7=0x0,x8=0x9b504536b1897347,x9=0x9b504536b1897347,x10=0x9b504536b1897347,x11=0x3e8,x12=0x3,x13=0x706f6f6c5f657469,x14=0x7c0fa4e280,x15=0x0,x16=0x5f5c8f5a00,x17=0x7c0c1d9700,x18=0x7c0f35c000,x19=0x5f5c8f470c,x20=0x1,x21=0x1,x22=0x7fd3b20218,x23=0x7fd3b20220,x24=0x0,x25=0x0,x26=0x0,x27=0x0,x28=0x0,x29=0x7fd3b20190,lr=0x5f5c8f4734,sp=0x7fd3b20180,pc=0x7c0c1d9700]
[15012|15012] event_addr:0x7c0c1d9700 hit_count:424, Regs:
[x0=0x1,x1=0x5f5c8f3598,x2=0x1,x3=0x7fd3b201e8,x4=0x0,x5=0x1414d4c,x6=0x1414d4c,x7=0x0,x8=0x9b504536b1897347,x9=0x9b504536b1897347,x10=0x9b504536b1897347,x11=0x3e8,x12=0x3,x13=0x706f6f6c5f657469,x14=0x7c0fa4e280,x15=0x0,x16=0x5f5c8f5a00,x17=0x7c0c1d9700,x18=0x7c0f35c000,x19=0x5f5c8f470c,x20=0x1,x21=0x1,x22=0x7fd3b20218,x23=0x7fd3b20220,x24=0x0,x25=0x0,x26=0x0,x27=0x0,x28=0x0,x29=0x7fd3b20190,lr=0x5f5c8f4734,sp=0x7fd3b20180,pc=0x7c0c1d9700]
[15012|15012] event_addr:0x7c0c1d9700 hit_count:425, Regs:
[x0=0x1,x1=0x5f5c8f3598,x2=0x1,x3=0x7fd3b201e8,x4=0x0,x5=0x1414d4c,x6=0x1414d4c,x7=0x0,x8=0x9b504536b1897347,x9=0x9b504536b1897347,x10=0x9b504536b1897347,x11=0x3e8,x12=0x3,x13=0x706f6f6c5f657469,x14=0x7c0fa4e280,x15=0x0,x16=0x5f5c8f5a00,x17=0x7c0c1d9700,x18=0x7c0f35c000,x19=0x5f5c8f470c,x20=0x1,x21=0x1,x22=0x7fd3b20218,x23=0x7fd3b20220,x24=0x0,x25=0x0,x26=0x0,x27=0x0,x28=0x0,x29=0x7fd3b20190,lr=0x5f5c8f4734,sp=0x7fd3b20180,pc=0x7c0c1d9700]
[15012|15012] event_addr:0x7c0c1d9700 hit_count:426, Regs:
[x0=0x1,x1=0x5f5c8f3598,x2=0x1,x3=0x7fd3b201e8,x4=0x0,x5=0x1414d4c,x6=0x1414d4c,x7=0x0,x8=0x9b504536b1897347,x9=0x9b504536b1897347,x10=0x9b504536b1897347,x11=0x3e8,x12=0x3,x13=0x706f6f6c5f657469,x14=0x7c0fa4e280,x15=0x0,x16=0x5f5c8f5a00,x17=0x7c0c1d9700,x18=0x7c0f35c000,x19=0x5f5c8f470c,x20=0x1,x21=0x1,x22=0x7fd3b20218,x23=0x7fd3b20220,x24=0x0,x25=0x0,x26=0x0,x27=0x0,x28=0x0,x29=0x7fd3b20190,lr=0x5f5c8f4734,sp=0x7fd3b20180,pc=0x7c0c1d9700]
[15012|15012] event_addr:0x7c0c1d9700 hit_count:427, Regs:
[x0=0x1,x1=0x5f5c8f3598,x2=0x1,x3=0x7fd3b201e8,x4=0x0,x5=0x1414d4c,x6=0x1414d4c,x7=0x0,x8=0x9b504536b1897347,x9=0x9b504536b1897347,x10=0x9b504536b1897347,x11=0x3e8,x12=0x3,x13=0x706f6f6c5f657469,x14=0x7c0fa4e280,x15=0x0,x16=0x5f5c8f5a00,x17=0x7c0c1d9700,x18=0x7c0f35c000,x19=0x5f5c8f470c,x20=0x1,x21=0x1,x22=0x7fd3b20218,x23=0x7fd3b20220,x24=0x0,x25=0x0,x26=0x0,x27=0x0,x28=0x0,x29=0x7fd3b20190,lr=0x5f5c8f4734,sp=0x7fd3b20180,pc=0x7c0c1d9700]
[15012|15012] event_addr:0x7c0c1d9700 hit_count:428, Regs:
[x0=0x1,x1=0x5f5c8f3598,x2=0x1,x3=0x7fd3b201e8,x4=0x0,x5=0x1414d4c,x6=0x1414d4c,x7=0x0,x8=0x9b504536b1897347,x9=0x9b504536b1897347,x10=0x9b504536b1897347,x11=0x3e8,x12=0x3,x13=0x706f6f6c5f657469,x14=0x7c0fa4e280,x15=0x0,x16=0x5f5c8f5a00,x17=0x7c0c1d9700,x18=0x7c0f35c000,x19=0x5f5c8f470c,x20=0x1,x21=0x1,x22=0x7fd3b20218,x23=0x7fd3b20220,x24=0x0,x25=0x0,x26=0x0,x27=0x0,x28=0x0,x29=0x7fd3b20190,lr=0x5f5c8f4734,sp=0x7fd3b20180,pc=0x7c0c1d9700]
[15012|15012] event_addr:0x7c0c1d9700 hit_count:429, Regs:
[x0=0x1,x1=0x5f5c8f3598,x2=0x1,x3=0x7fd3b201e8,x4=0x0,x5=0x1414d4c,x6=0x1414d4c,x7=0x0,x8=0x9b504536b1897347,x9=0x9b504536b1897347,x10=0x9b504536b1897347,x11=0x3e8,x12=0x3,x13=0x706f6f6c5f657469,x14=0x7c0fa4e280,x15=0x0,x16=0x5f5c8f5a00,x17=0x7c0c1d9700,x18=0x7c0f35c000,x19=0x5f5c8f470c,x20=0x1,x21=0x1,x22=0x7fd3b20218,x23=0x7fd3b20220,x24=0x0,x25=0x0,x26=0x0,x27=0x0,x28=0x0,x29=0x7fd3b20190,lr=0x5f5c8f4734,sp=0x7fd3b20180,pc=0x7c0c1d9700]
[15012|15012] event_addr:0x7c0c1d9700 hit_count:430, Regs:
[x0=0x1,x1=0x5f5c8f3598,x2=0x1,x3=0x7fd3b201e8,x4=0x0,x5=0x1414d4c,x6=0x1414d4c,x7=0x0,x8=0x9b504536b1897347,x9=0x9b504536b1897347,x10=0x9b504536b1897347,x11=0x3e8,x12=0x3,x13=0x706f6f6c5f657469,x14=0x7c0fa4e280,x15=0x0,x16=0x5f5c8f5a00,x17=0x7c0c1d9700,x18=0x7c0f35c000,x19=0x5f5c8f470c,x20=0x1,x21=0x1,x22=0x7fd3b20218,x23=0x7fd3b20220,x24=0x0,x25=0x0,x26=0x0,x27=0x0,x28=0x0,x29=0x7fd3b20190,lr=0x5f5c8f4734,sp=0x7fd3b20180,pc=0x7c0c1d9700]
[15012|15012] event_addr:0x7c0c1d9700 hit_count:431, Regs:
[x0=0x1,x1=0x5f5c8f3598,x2=0x1,x3=0x7fd3b201e8,x4=0x0,x5=0x1414d4c,x6=0x1414d4c,x7=0x0,x8=0x9b504536b1897347,x9=0x9b504536b1897347,x10=0x9b504536b1897347,x11=0x3e8,x12=0x3,x13=0x706f6f6c5f657469,x14=0x7c0fa4e280,x15=0x0,x16=0x5f5c8f5a00,x17=0x7c0c1d9700,x18=0x7c0f35c000,x19=0x5f5c8f470c,x20=0x1,x21=0x1,x22=0x7fd3b20218,x23=0x7fd3b20220,x24=0x0,x25=0x0,x26=0x0,x27=0x0,x28=0x0,x29=0x7fd3b20190,lr=0x5f5c8f4734,sp=0x7fd3b20180,pc=0x7c0c1d9700]
[15012|15012] event_addr:0x7c0c1d9700 hit_count:432, Regs:
[x0=0x1,x1=0x5f5c8f3598,x2=0x1,x3=0x7fd3b201e8,x4=0x0,x5=0x1414d4c,x6=0x1414d4c,x7=0x0,x8=0x9b504536b1897347,x9=0x9b504536b1897347,x10=0x9b504536b1897347,x11=0x3e8,x12=0x3,x13=0x706f6f6c5f657469,x14=0x7c0fa4e280,x15=0x0,x16=0x5f5c8f5a00,x17=0x7c0c1d9700,x18=0x7c0f35c000,x19=0x5f5c8f470c,x20=0x1,x21=0x1,x22=0x7fd3b20218,x23=0x7fd3b20220,x24=0x0,x25=0x0,x26=0x0,x27=0x0,x28=0x0,x29=0x7fd3b20190,lr=0x5f5c8f4734,sp=0x7fd3b20180,pc=0x7c0c1d9700]
[15012|15012] event_addr:0x7c0c1d9700 hit_count:433, Regs:
[x0=0x1,x1=0x5f5c8f3598,x2=0x1,x3=0x7fd3b201e8,x4=0x0,x5=0x1414d4c,x6=0x1414d4c,x7=0x0,x8=0x9b504536b1897347,x9=0x9b504536b1897347,x10=0x9b504536b1897347,x11=0x3e8,x12=0x3,x13=0x706f6f6c5f657469,x14=0x7c0fa4e280,x15=0x0,x16=0x5f5c8f5a00,x17=0x7c0c1d9700,x18=0x7c0f35c000,x19=0x5f5c8f470c,x20=0x1,x21=0x1,x22=0x7fd3b20218,x23=0x7fd3b20220,x24=0x0,x25=0x0,x26=0x0,x27=0x0,x28=0x0,x29=0x7fd3b20190,lr=0x5f5c8f4734,sp=0x7fd3b20180,pc=0x7c0c1d9700]
[15012|15012] event_addr:0x7c0c1d9700 hit_count:434, Regs:
[x0=0x1,x1=0x5f5c8f3598,x2=0x1,x3=0x7fd3b201e8,x4=0x0,x5=0x1414d4c,x6=0x1414d4c,x7=0x0,x8=0x9b504536b1897347,x9=0x9b504536b1897347,x10=0x9b504536b1897347,x11=0x3e8,x12=0x3,x13=0x706f6f6c5f657469,x14=0x7c0fa4e280,x15=0x0,x16=0x5f5c8f5a00,x17=0x7c0c1d9700,x18=0x7c0f35c000,x19=0x5f5c8f470c,x20=0x1,x21=0x1,x22=0x7fd3b20218,x23=0x7fd3b20220,x24=0x0,x25=0x0,x26=0x0,x27=0x0,x28=0x0,x29=0x7fd3b20190,lr=0x5f5c8f4734,sp=0x7fd3b20180,pc=0x7c0c1d9700]
[15012|15012] event_addr:0x7c0c1d9700 hit_count:435, Regs:
[x0=0x1,x1=0x5f5c8f3598,x2=0x1,x3=0x7fd3b201e8,x4=0x0,x5=0x1414d4c,x6=0x1414d4c,x7=0x0,x8=0x9b504536b1897347,x9=0x9b504536b1897347,x10=0x9b504536b1897347,x11=0x3e8,x12=0x3,x13=0x706f6f6c5f657469,x14=0x7c0fa4e280,x15=0x0,x16=0x5f5c8f5a00,x17=0x7c0c1d9700,x18=0x7c0f35c000,x19=0x5f5c8f470c,x20=0x1,x21=0x1,x22=0x7fd3b20218,x23=0x7fd3b20220,x24=0x0,x25=0x0,x26=0x0,x27=0x0,x28=0x0,x29=0x7fd3b20190,lr=0x5f5c8f4734,sp=0x7fd3b20180,pc=0x7c0c1d9700]
[15012|15012] event_addr:0x7c0c1d9700 hit_count:436, Regs:
[x0=0x1,x1=0x5f5c8f3598,x2=0x1,x3=0x7fd3b201e8,x4=0x0,x5=0x1414d4c,x6=0x1414d4c,x7=0x0,x8=0x9b504536b1897347,x9=0x9b504536b1897347,x10=0x9b504536b1897347,x11=0x3e8,x12=0x3,x13=0x706f6f6c5f657469,x14=0x7c0fa4e280,x15=0x0,x16=0x5f5c8f5a00,x17=0x7c0c1d9700,x18=0x7c0f35c000,x19=0x5f5c8f470c,x20=0x1,x21=0x1,x22=0x7fd3b20218,x23=0x7fd3b20220,x24=0x0,x25=0x0,x26=0x0,x27=0x0,x28=0x0,x29=0x7fd3b20190,lr=0x5f5c8f4734,sp=0x7fd3b20180,pc=0x7c0c1d9700]
[15012|15012] event_addr:0x7c0c1d9700 hit_count:437, Regs:
[x0=0x1,x1=0x5f5c8f3598,x2=0x1,x3=0x7fd3b201e8,x4=0x0,x5=0x1414d4c,x6=0x1414d4c,x7=0x0,x8=0x9b504536b1897347,x9=0x9b504536b1897347,x10=0x9b504536b1897347,x11=0x3e8,x12=0x3,x13=0x706f6f6c5f657469,x14=0x7c0fa4e280,x15=0x0,x16=0x5f5c8f5a00,x17=0x7c0c1d9700,x18=0x7c0f35c000,x19=0x5f5c8f470c,x20=0x1,x21=0x1,x22=0x7fd3b20218,x23=0x7fd3b20220,x24=0x0,x25=0x0,x26=0x0,x27=0x0,x28=0x0,x29=0x7fd3b20190,lr=0x5f5c8f4734,sp=0x7fd3b20180,pc=0x7c0c1d9700]
[15012|15012] event_addr:0x7c0c1d9700 hit_count:438, Regs:
[x0=0x1,x1=0x5f5c8f3598,x2=0x1,x3=0x7fd3b201e8,x4=0x0,x5=0x1414d4c,x6=0x1414d4c,x7=0x0,x8=0x9b504536b1897347,x9=0x9b504536b1897347,x10=0x9b504536b1897347,x11=0x3e8,x12=0x3,x13=0x706f6f6c5f657469,x14=0x7c0fa4e280,x15=0x0,x16=0x5f5c8f5a00,x17=0x7c0c1d9700,x18=0x7c0f35c000,x19=0x5f5c8f470c,x20=0x1,x21=0x1,x22=0x7fd3b20218,x23=0x7fd3b20220,x24=0x0,x25=0x0,x26=0x0,x27=0x0,x28=0x0,x29=0x7fd3b20190,lr=0x5f5c8f4734,sp=0x7fd3b20180,pc=0x7c0c1d9700]
[15012|15012] event_addr:0x7c0c1d9700 hit_count:439, Regs:
[x0=0x1,x1=0x5f5c8f3598,x2=0x1,x3=0x7fd3b201e8,x4=0x0,x5=0x1414d4c,x6=0x1414d4c,x7=0x0,x8=0x9b504536b1897347,x9=0x9b504536b1897347,x10=0x9b504536b1897347,x11=0x3e8,x12=0x3,x13=0x706f6f6c5f657469,x14=0x7c0fa4e280,x15=0x0,x16=0x5f5c8f5a00,x17=0x7c0c1d9700,x18=0x7c0f35c000,x19=0x5f5c8f470c,x20=0x1,x21=0x1,x22=0x7fd3b20218,x23=0x7fd3b20220,x24=0x0,x25=0x0,x26=0x0,x27=0x0,x28=0x0,x29=0x7fd3b20190,lr=0x5f5c8f4734,sp=0x7fd3b20180,pc=0x7c0c1d9700]
[15012|15012] event_addr:0x7c0c1d9700 hit_count:440, Regs:
[x0=0x1,x1=0x5f5c8f3598,x2=0x1,x3=0x7fd3b201e8,x4=0x0,x5=0x1414d4c,x6=0x1414d4c,x7=0x0,x8=0x9b504536b1897347,x9=0x9b504536b1897347,x10=0x9b504536b1897347,x11=0x3e8,x12=0x3,x13=0x706f6f6c5f657469,x14=0x7c0fa4e280,x15=0x0,x16=0x5f5c8f5a00,x17=0x7c0c1d9700,x18=0x7c0f35c000,x19=0x5f5c8f470c,x20=0x1,x21=0x1,x22=0x7fd3b20218,x23=0x7fd3b20220,x24=0x0,x25=0x0,x26=0x0,x27=0x0,x28=0x0,x29=0x7fd3b20190,lr=0x5f5c8f4734,sp=0x7fd3b20180,pc=0x7c0c1d9700]
[15012|15012] event_addr:0x7c0c1d9700 hit_count:441, Regs:
[x0=0x1,x1=0x5f5c8f3598,x2=0x1,x3=0x7fd3b201e8,x4=0x0,x5=0x1414d4c,x6=0x1414d4c,x7=0x0,x8=0x9b504536b1897347,x9=0x9b504536b1897347,x10=0x9b504536b1897347,x11=0x3e8,x12=0x3,x13=0x706f6f6c5f657469,x14=0x7c0fa4e280,x15=0x0,x16=0x5f5c8f5a00,x17=0x7c0c1d9700,x18=0x7c0f35c000,x19=0x5f5c8f470c,x20=0x1,x21=0x1,x22=0x7fd3b20218,x23=0x7fd3b20220,x24=0x0,x25=0x0,x26=0x0,x27=0x0,x28=0x0,x29=0x7fd3b20190,lr=0x5f5c8f4734,sp=0x7fd3b20180,pc=0x7c0c1d9700]
[15012|15012] event_addr:0x7c0c1d9700 hit_count:442, Regs:
[x0=0x1,x1=0x5f5c8f3598,x2=0x1,x3=0x7fd3b201e8,x4=0x0,x5=0x1414d4c,x6=0x1414d4c,x7=0x0,x8=0x9b504536b1897347,x9=0x9b504536b1897347,x10=0x9b504536b1897347,x11=0x3e8,x12=0x3,x13=0x706f6f6c5f657469,x14=0x7c0fa4e280,x15=0x0,x16=0x5f5c8f5a00,x17=0x7c0c1d9700,x18=0x7c0f35c000,x19=0x5f5c8f470c,x20=0x1,x21=0x1,x22=0x7fd3b20218,x23=0x7fd3b20220,x24=0x0,x25=0x0,x26=0x0,x27=0x0,x28=0x0,x29=0x7fd3b20190,lr=0x5f5c8f4734,sp=0x7fd3b20180,pc=0x7c0c1d9700]
[15012|15012] event_addr:0x7c0c1d9700 hit_count:443, Regs:
[x0=0x1,x1=0x5f5c8f3598,x2=0x1,x3=0x7fd3b201e8,x4=0x0,x5=0x1414d4c,x6=0x1414d4c,x7=0x0,x8=0x9b504536b1897347,x9=0x9b504536b1897347,x10=0x9b504536b1897347,x11=0x3e8,x12=0x3,x13=0x706f6f6c5f657469,x14=0x7c0fa4e280,x15=0x0,x16=0x5f5c8f5a00,x17=0x7c0c1d9700,x18=0x7c0f35c000,x19=0x5f5c8f470c,x20=0x1,x21=0x1,x22=0x7fd3b20218,x23=0x7fd3b20220,x24=0x0,x25=0x0,x26=0x0,x27=0x0,x28=0x0,x29=0x7fd3b20190,lr=0x5f5c8f4734,sp=0x7fd3b20180,pc=0x7c0c1d9700]
[15012|15012] event_addr:0x7c0c1d9700 hit_count:444, Regs:
[x0=0x1,x1=0x5f5c8f3598,x2=0x1,x3=0x7fd3b201e8,x4=0x0,x5=0x1414d4c,x6=0x1414d4c,x7=0x0,x8=0x9b504536b1897347,x9=0x9b504536b1897347,x10=0x9b504536b1897347,x11=0x3e8,x12=0x3,x13=0x706f6f6c5f657469,x14=0x7c0fa4e280,x15=0x0,x16=0x5f5c8f5a00,x17=0x7c0c1d9700,x18=0x7c0f35c000,x19=0x5f5c8f470c,x20=0x1,x21=0x1,x22=0x7fd3b20218,x23=0x7fd3b20220,x24=0x0,x25=0x0,x26=0x0,x27=0x0,x28=0x0,x29=0x7fd3b20190,lr=0x5f5c8f4734,sp=0x7fd3b20180,pc=0x7c0c1d9700]
[15012|15012] event_addr:0x7c0c1d9700 hit_count:445, Regs:
[x0=0x1,x1=0x5f5c8f3598,x2=0x1,x3=0x7fd3b201e8,x4=0x0,x5=0x1414d4c,x6=0x1414d4c,x7=0x0,x8=0x9b504536b1897347,x9=0x9b504536b1897347,x10=0x9b504536b1897347,x11=0x3e8,x12=0x3,x13=0x706f6f6c5f657469,x14=0x7c0fa4e280,x15=0x0,x16=0x5f5c8f5a00,x17=0x7c0c1d9700,x18=0x7c0f35c000,x19=0x5f5c8f470c,x20=0x1,x21=0x1,x22=0x7fd3b20218,x23=0x7fd3b20220,x24=0x0,x25=0x0,x26=0x0,x27=0x0,x28=0x0,x29=0x7fd3b20190,lr=0x5f5c8f4734,sp=0x7fd3b20180,pc=0x7c0c1d9700]
[15012|15012] event_addr:0x7c0c1d9700 hit_count:446, Regs:
[x0=0x1,x1=0x5f5c8f3598,x2=0x1,x3=0x7fd3b201e8,x4=0x0,x5=0x1414d4c,x6=0x1414d4c,x7=0x0,x8=0x9b504536b1897347,x9=0x9b504536b1897347,x10=0x9b504536b1897347,x11=0x3e8,x12=0x3,x13=0x706f6f6c5f657469,x14=0x7c0fa4e280,x15=0x0,x16=0x5f5c8f5a00,x17=0x7c0c1d9700,x18=0x7c0f35c000,x19=0x5f5c8f470c,x20=0x1,x21=0x1,x22=0x7fd3b20218,x23=0x7fd3b20220,x24=0x0,x25=0x0,x26=0x0,x27=0x0,x28=0x0,x29=0x7fd3b20190,lr=0x5f5c8f4734,sp=0x7fd3b20180,pc=0x7c0c1d9700]
[15012|15012] event_addr:0x7c0c1d9700 hit_count:447, Regs:
[x0=0x1,x1=0x5f5c8f3598,x2=0x1,x3=0x7fd3b201e8,x4=0x0,x5=0x1414d4c,x6=0x1414d4c,x7=0x0,x8=0x9b504536b1897347,x9=0x9b504536b1897347,x10=0x9b504536b1897347,x11=0x3e8,x12=0x3,x13=0x706f6f6c5f657469,x14=0x7c0fa4e280,x15=0x0,x16=0x5f5c8f5a00,x17=0x7c0c1d9700,x18=0x7c0f35c000,x19=0x5f5c8f470c,x20=0x1,x21=0x1,x22=0x7fd3b20218,x23=0x7fd3b20220,x24=0x0,x25=0x0,x26=0x0,x27=0x0,x28=0x0,x29=0x7fd3b20190,lr=0x5f5c8f4734,sp=0x7fd3b20180,pc=0x7c0c1d9700]
[15012|15012] event_addr:0x7c0c1d9700 hit_count:448, Regs:
[x0=0x1,x1=0x5f5c8f3598,x2=0x1,x3=0x7fd3b201e8,x4=0x0,x5=0x1414d4c,x6=0x1414d4c,x7=0x0,x8=0x9b504536b1897347,x9=0x9b504536b1897347,x10=0x9b504536b1897347,x11=0x3e8,x12=0x3,x13=0x706f6f6c5f657469,x14=0x7c0fa4e280,x15=0x0,x16=0x5f5c8f5a00,x17=0x7c0c1d9700,x18=0x7c0f35c000,x19=0x5f5c8f470c,x20=0x1,x21=0x1,x22=0x7fd3b20218,x23=0x7fd3b20220,x24=0x0,x25=0x0,x26=0x0,x27=0x0,x28=0x0,x29=0x7fd3b20190,lr=0x5f5c8f4734,sp=0x7fd3b20180,pc=0x7c0c1d9700]
[15012|15012] event_addr:0x7c0c1d9700 hit_count:449, Regs:
[x0=0x1,x1=0x5f5c8f3598,x2=0x1,x3=0x7fd3b201e8,x4=0x0,x5=0x1414d4c,x6=0x1414d4c,x7=0x0,x8=0x9b504536b1897347,x9=0x9b504536b1897347,x10=0x9b504536b1897347,x11=0x3e8,x12=0x3,x13=0x706f6f6c5f657469,x14=0x7c0fa4e280,x15=0x0,x16=0x5f5c8f5a00,x17=0x7c0c1d9700,x18=0x7c0f35c000,x19=0x5f5c8f470c,x20=0x1,x21=0x1,x22=0x7fd3b20218,x23=0x7fd3b20220,x24=0x0,x25=0x0,x26=0x0,x27=0x0,x28=0x0,x29=0x7fd3b20190,lr=0x5f5c8f4734,sp=0x7fd3b20180,pc=0x7c0c1d9700]
[15012|15012] event_addr:0x7c0c1d9700 hit_count:450, Regs:
[x0=0x1,x1=0x5f5c8f3598,x2=0x1,x3=0x7fd3b201e8,x4=0x0,x5=0x1414d4c,x6=0x1414d4c,x7=0x0,x8=0x9b504536b1897347,x9=0x9b504536b1897347,x10=0x9b504536b1897347,x11=0x3e8,x12=0x3,x13=0x706f6f6c5f657469,x14=0x7c0fa4e280,x15=0x0,x16=0x5f5c8f5a00,x17=0x7c0c1d9700,x18=0x7c0f35c000,x19=0x5f5c8f470c,x20=0x1,x21=0x1,x22=0x7fd3b20218,x23=0x7fd3b20220,x24=0x0,x25=0x0,x26=0x0,x27=0x0,x28=0x0,x29=0x7fd3b20190,lr=0x5f5c8f4734,sp=0x7fd3b20180,pc=0x7c0c1d9700]
[15012|15012] event_addr:0x7c0c1d9700 hit_count:451, Regs:
[x0=0x1,x1=0x5f5c8f3598,x2=0x1,x3=0x7fd3b201e8,x4=0x0,x5=0x1414d4c,x6=0x1414d4c,x7=0x0,x8=0x9b504536b1897347,x9=0x9b504536b1897347,x10=0x9b504536b1897347,x11=0x3e8,x12=0x3,x13=0x706f6f6c5f657469,x14=0x7c0fa4e280,x15=0x0,x16=0x5f5c8f5a00,x17=0x7c0c1d9700,x18=0x7c0f35c000,x19=0x5f5c8f470c,x20=0x1,x21=0x1,x22=0x7fd3b20218,x23=0x7fd3b20220,x24=0x0,x25=0x0,x26=0x0,x27=0x0,x28=0x0,x29=0x7fd3b20190,lr=0x5f5c8f4734,sp=0x7fd3b20180,pc=0x7c0c1d9700]
[15012|15012] event_addr:0x7c0c1d9700 hit_count:452, Regs:
[x0=0x1,x1=0x5f5c8f3598,x2=0x1,x3=0x7fd3b201e8,x4=0x0,x5=0x1414d4c,x6=0x1414d4c,x7=0x0,x8=0x9b504536b1897347,x9=0x9b504536b1897347,x10=0x9b504536b1897347,x11=0x3e8,x12=0x3,x13=0x706f6f6c5f657469,x14=0x7c0fa4e280,x15=0x0,x16=0x5f5c8f5a00,x17=0x7c0c1d9700,x18=0x7c0f35c000,x19=0x5f5c8f470c,x20=0x1,x21=0x1,x22=0x7fd3b20218,x23=0x7fd3b20220,x24=0x0,x25=0x0,x26=0x0,x27=0x0,x28=0x0,x29=0x7fd3b20190,lr=0x5f5c8f4734,sp=0x7fd3b20180,pc=0x7c0c1d9700]
[15012|15012] event_addr:0x7c0c1d9700 hit_count:453, Regs:
[x0=0x1,x1=0x5f5c8f3598,x2=0x1,x3=0x7fd3b201e8,x4=0x0,x5=0x1414d4c,x6=0x1414d4c,x7=0x0,x8=0x9b504536b1897347,x9=0x9b504536b1897347,x10=0x9b504536b1897347,x11=0x3e8,x12=0x3,x13=0x706f6f6c5f657469,x14=0x7c0fa4e280,x15=0x0,x16=0x5f5c8f5a00,x17=0x7c0c1d9700,x18=0x7c0f35c000,x19=0x5f5c8f470c,x20=0x1,x21=0x1,x22=0x7fd3b20218,x23=0x7fd3b20220,x24=0x0,x25=0x0,x26=0x0,x27=0x0,x28=0x0,x29=0x7fd3b20190,lr=0x5f5c8f4734,sp=0x7fd3b20180,pc=0x7c0c1d9700]
[15012|15012] event_addr:0x7c0c1d9700 hit_count:454, Regs:
[x0=0x1,x1=0x5f5c8f3598,x2=0x1,x3=0x7fd3b201e8,x4=0x0,x5=0x1414d4c,x6=0x1414d4c,x7=0x0,x8=0x9b504536b1897347,x9=0x9b504536b1897347,x10=0x9b504536b1897347,x11=0x3e8,x12=0x3,x13=0x706f6f6c5f657469,x14=0x7c0fa4e280,x15=0x0,x16=0x5f5c8f5a00,x17=0x7c0c1d9700,x18=0x7c0f35c000,x19=0x5f5c8f470c,x20=0x1,x21=0x1,x22=0x7fd3b20218,x23=0x7fd3b20220,x24=0x0,x25=0x0,x26=0x0,x27=0x0,x28=0x0,x29=0x7fd3b20190,lr=0x5f5c8f4734,sp=0x7fd3b20180,pc=0x7c0c1d9700]
[15012|15012] event_addr:0x7c0c1d9700 hit_count:455, Regs:
[x0=0x1,x1=0x5f5c8f3598,x2=0x1,x3=0x7fd3b201e8,x4=0x0,x5=0x1414d4c,x6=0x1414d4c,x7=0x0,x8=0x9b504536b1897347,x9=0x9b504536b1897347,x10=0x9b504536b1897347,x11=0x3e8,x12=0x3,x13=0x706f6f6c5f657469,x14=0x7c0fa4e280,x15=0x0,x16=0x5f5c8f5a00,x17=0x7c0c1d9700,x18=0x7c0f35c000,x19=0x5f5c8f470c,x20=0x1,x21=0x1,x22=0x7fd3b20218,x23=0x7fd3b20220,x24=0x0,x25=0x0,x26=0x0,x27=0x0,x28=0x0,x29=0x7fd3b20190,lr=0x5f5c8f4734,sp=0x7fd3b20180,pc=0x7c0c1d9700]
[15012|15012] event_addr:0x7c0c1d9700 hit_count:456, Regs:
[x0=0x1,x1=0x5f5c8f3598,x2=0x1,x3=0x7fd3b201e8,x4=0x0,x5=0x1414d4c,x6=0x1414d4c,x7=0x0,x8=0x9b504536b1897347,x9=0x9b504536b1897347,x10=0x9b504536b1897347,x11=0x3e8,x12=0x3,x13=0x706f6f6c5f657469,x14=0x7c0fa4e280,x15=0x0,x16=0x5f5c8f5a00,x17=0x7c0c1d9700,x18=0x7c0f35c000,x19=0x5f5c8f470c,x20=0x1,x21=0x1,x22=0x7fd3b20218,x23=0x7fd3b20220,x24=0x0,x25=0x0,x26=0x0,x27=0x0,x28=0x0,x29=0x7fd3b20190,lr=0x5f5c8f4734,sp=0x7fd3b20180,pc=0x7c0c1d9700]
[15012|15012] event_addr:0x7c0c1d9700 hit_count:457, Regs:
[x0=0x1,x1=0x5f5c8f3598,x2=0x1,x3=0x7fd3b201e8,x4=0x0,x5=0x1414d4c,x6=0x1414d4c,x7=0x0,x8=0x9b504536b1897347,x9=0x9b504536b1897347,x10=0x9b504536b1897347,x11=0x3e8,x12=0x3,x13=0x706f6f6c5f657469,x14=0x7c0fa4e280,x15=0x0,x16=0x5f5c8f5a00,x17=0x7c0c1d9700,x18=0x7c0f35c000,x19=0x5f5c8f470c,x20=0x1,x21=0x1,x22=0x7fd3b20218,x23=0x7fd3b20220,x24=0x0,x25=0x0,x26=0x0,x27=0x0,x28=0x0,x29=0x7fd3b20190,lr=0x5f5c8f4734,sp=0x7fd3b20180,pc=0x7c0c1d9700]
[15012|15012] event_addr:0x7c0c1d9700 hit_count:458, Regs:
[x0=0x1,x1=0x5f5c8f3598,x2=0x1,x3=0x7fd3b201e8,x4=0x0,x5=0x1414d4c,x6=0x1414d4c,x7=0x0,x8=0x9b504536b1897347,x9=0x9b504536b1897347,x10=0x9b504536b1897347,x11=0x3e8,x12=0x3,x13=0x706f6f6c5f657469,x14=0x7c0fa4e280,x15=0x0,x16=0x5f5c8f5a00,x17=0x7c0c1d9700,x18=0x7c0f35c000,x19=0x5f5c8f470c,x20=0x1,x21=0x1,x22=0x7fd3b20218,x23=0x7fd3b20220,x24=0x0,x25=0x0,x26=0x0,x27=0x0,x28=0x0,x29=0x7fd3b20190,lr=0x5f5c8f4734,sp=0x7fd3b20180,pc=0x7c0c1d9700]
[15012|15012] event_addr:0x7c0c1d9700 hit_count:459, Regs:
[x0=0x1,x1=0x5f5c8f3598,x2=0x1,x3=0x7fd3b201e8,x4=0x0,x5=0x1414d4c,x6=0x1414d4c,x7=0x0,x8=0x9b504536b1897347,x9=0x9b504536b1897347,x10=0x9b504536b1897347,x11=0x3e8,x12=0x3,x13=0x706f6f6c5f657469,x14=0x7c0fa4e280,x15=0x0,x16=0x5f5c8f5a00,x17=0x7c0c1d9700,x18=0x7c0f35c000,x19=0x5f5c8f470c,x20=0x1,x21=0x1,x22=0x7fd3b20218,x23=0x7fd3b20220,x24=0x0,x25=0x0,x26=0x0,x27=0x0,x28=0x0,x29=0x7fd3b20190,lr=0x5f5c8f4734,sp=0x7fd3b20180,pc=0x7c0c1d9700]
[15012|15012] event_addr:0x7c0c1d9700 hit_count:460, Regs:
[x0=0x1,x1=0x5f5c8f3598,x2=0x1,x3=0x7fd3b201e8,x4=0x0,x5=0x1414d4c,x6=0x1414d4c,x7=0x0,x8=0x9b504536b1897347,x9=0x9b504536b1897347,x10=0x9b504536b1897347,x11=0x3e8,x12=0x3,x13=0x706f6f6c5f657469,x14=0x7c0fa4e280,x15=0x0,x16=0x5f5c8f5a00,x17=0x7c0c1d9700,x18=0x7c0f35c000,x19=0x5f5c8f470c,x20=0x1,x21=0x1,x22=0x7fd3b20218,x23=0x7fd3b20220,x24=0x0,x25=0x0,x26=0x0,x27=0x0,x28=0x0,x29=0x7fd3b20190,lr=0x5f5c8f4734,sp=0x7fd3b20180,pc=0x7c0c1d9700]
[15012|15012] event_addr:0x7c0c1d9700 hit_count:461, Regs:
[x0=0x1,x1=0x5f5c8f3598,x2=0x1,x3=0x7fd3b201e8,x4=0x0,x5=0x1414d4c,x6=0x1414d4c,x7=0x0,x8=0x9b504536b1897347,x9=0x9b504536b1897347,x10=0x9b504536b1897347,x11=0x3e8,x12=0x3,x13=0x706f6f6c5f657469,x14=0x7c0fa4e280,x15=0x0,x16=0x5f5c8f5a00,x17=0x7c0c1d9700,x18=0x7c0f35c000,x19=0x5f5c8f470c,x20=0x1,x21=0x1,x22=0x7fd3b20218,x23=0x7fd3b20220,x24=0x0,x25=0x0,x26=0x0,x27=0x0,x28=0x0,x29=0x7fd3b20190,lr=0x5f5c8f4734,sp=0x7fd3b20180,pc=0x7c0c1d9700]
[15012|15012] event_addr:0x7c0c1d9700 hit_count:462, Regs:
[x0=0x1,x1=0x5f5c8f3598,x2=0x1,x3=0x7fd3b201e8,x4=0x0,x5=0x1414d4c,x6=0x1414d4c,x7=0x0,x8=0x9b504536b1897347,x9=0x9b504536b1897347,x10=0x9b504536b1897347,x11=0x3e8,x12=0x3,x13=0x706f6f6c5f657469,x14=0x7c0fa4e280,x15=0x0,x16=0x5f5c8f5a00,x17=0x7c0c1d9700,x18=0x7c0f35c000,x19=0x5f5c8f470c,x20=0x1,x21=0x1,x22=0x7fd3b20218,x23=0x7fd3b20220,x24=0x0,x25=0x0,x26=0x0,x27=0x0,x28=0x0,x29=0x7fd3b20190,lr=0x5f5c8f4734,sp=0x7fd3b20180,pc=0x7c0c1d9700]
[15012|15012] event_addr:0x7c0c1d9700 hit_count:463, Regs:
[x0=0x1,x1=0x5f5c8f3598,x2=0x1,x3=0x7fd3b201e8,x4=0x0,x5=0x1414d4c,x6=0x1414d4c,x7=0x0,x8=0x9b504536b1897347,x9=0x9b504536b1897347,x10=0x9b504536b1897347,x11=0x3e8,x12=0x3,x13=0x706f6f6c5f657469,x14=0x7c0fa4e280,x15=0x0,x16=0x5f5c8f5a00,x17=0x7c0c1d9700,x18=0x7c0f35c000,x19=0x5f5c8f470c,x20=0x1,x21=0x1,x22=0x7fd3b20218,x23=0x7fd3b20220,x24=0x0,x25=0x0,x26=0x0,x27=0x0,x28=0x0,x29=0x7fd3b20190,lr=0x5f5c8f4734,sp=0x7fd3b20180,pc=0x7c0c1d9700]
[15012|15012] event_addr:0x7c0c1d9700 hit_count:464, Regs:
[x0=0x1,x1=0x5f5c8f3598,x2=0x1,x3=0x7fd3b201e8,x4=0x0,x5=0x1414d4c,x6=0x1414d4c,x7=0x0,x8=0x9b504536b1897347,x9=0x9b504536b1897347,x10=0x9b504536b1897347,x11=0x3e8,x12=0x3,x13=0x706f6f6c5f657469,x14=0x7c0fa4e280,x15=0x0,x16=0x5f5c8f5a00,x17=0x7c0c1d9700,x18=0x7c0f35c000,x19=0x5f5c8f470c,x20=0x1,x21=0x1,x22=0x7fd3b20218,x23=0x7fd3b20220,x24=0x0,x25=0x0,x26=0x0,x27=0x0,x28=0x0,x29=0x7fd3b20190,lr=0x5f5c8f4734,sp=0x7fd3b20180,pc=0x7c0c1d9700]
[15012|15012] event_addr:0x7c0c1d9700 hit_count:465, Regs:
[x0=0x1,x1=0x5f5c8f3598,x2=0x1,x3=0x7fd3b201e8,x4=0x0,x5=0x1414d4c,x6=0x1414d4c,x7=0x0,x8=0x9b504536b1897347,x9=0x9b504536b1897347,x10=0x9b504536b1897347,x11=0x3e8,x12=0x3,x13=0x706f6f6c5f657469,x14=0x7c0fa4e280,x15=0x0,x16=0x5f5c8f5a00,x17=0x7c0c1d9700,x18=0x7c0f35c000,x19=0x5f5c8f470c,x20=0x1,x21=0x1,x22=0x7fd3b20218,x23=0x7fd3b20220,x24=0x0,x25=0x0,x26=0x0,x27=0x0,x28=0x0,x29=0x7fd3b20190,lr=0x5f5c8f4734,sp=0x7fd3b20180,pc=0x7c0c1d9700]
[15012|15012] event_addr:0x7c0c1d9700 hit_count:466, Regs:
[x0=0x1,x1=0x5f5c8f3598,x2=0x1,x3=0x7fd3b201e8,x4=0x0,x5=0x1414d4c,x6=0x1414d4c,x7=0x0,x8=0x9b504536b1897347,x9=0x9b504536b1897347,x10=0x9b504536b1897347,x11=0x3e8,x12=0x3,x13=0x706f6f6c5f657469,x14=0x7c0fa4e280,x15=0x0,x16=0x5f5c8f5a00,x17=0x7c0c1d9700,x18=0x7c0f35c000,x19=0x5f5c8f470c,x20=0x1,x21=0x1,x22=0x7fd3b20218,x23=0x7fd3b20220,x24=0x0,x25=0x0,x26=0x0,x27=0x0,x28=0x0,x29=0x7fd3b20190,lr=0x5f5c8f4734,sp=0x7fd3b20180,pc=0x7c0c1d9700]
[15012|15012] event_addr:0x7c0c1d9700 hit_count:467, Regs:
[x0=0x1,x1=0x5f5c8f3598,x2=0x1,x3=0x7fd3b201e8,x4=0x0,x5=0x1414d4c,x6=0x1414d4c,x7=0x0,x8=0x9b504536b1897347,x9=0x9b504536b1897347,x10=0x9b504536b1897347,x11=0x3e8,x12=0x3,x13=0x706f6f6c5f657469,x14=0x7c0fa4e280,x15=0x0,x16=0x5f5c8f5a00,x17=0x7c0c1d9700,x18=0x7c0f35c000,x19=0x5f5c8f470c,x20=0x1,x21=0x1,x22=0x7fd3b20218,x23=0x7fd3b20220,x24=0x0,x25=0x0,x26=0x0,x27=0x0,x28=0x0,x29=0x7fd3b20190,lr=0x5f5c8f4734,sp=0x7fd3b20180,pc=0x7c0c1d9700]
[15012|15012] event_addr:0x7c0c1d9700 hit_count:468, Regs:
[x0=0x1,x1=0x5f5c8f3598,x2=0x1,x3=0x7fd3b201e8,x4=0x0,x5=0x1414d4c,x6=0x1414d4c,x7=0x0,x8=0x9b504536b1897347,x9=0x9b504536b1897347,x10=0x9b504536b1897347,x11=0x3e8,x12=0x3,x13=0x706f6f6c5f657469,x14=0x7c0fa4e280,x15=0x0,x16=0x5f5c8f5a00,x17=0x7c0c1d9700,x18=0x7c0f35c000,x19=0x5f5c8f470c,x20=0x1,x21=0x1,x22=0x7fd3b20218,x23=0x7fd3b20220,x24=0x0,x25=0x0,x26=0x0,x27=0x0,x28=0x0,x29=0x7fd3b20190,lr=0x5f5c8f4734,sp=0x7fd3b20180,pc=0x7c0c1d9700]
[15012|15012] event_addr:0x7c0c1d9700 hit_count:469, Regs:
[x0=0x1,x1=0x5f5c8f3598,x2=0x1,x3=0x7fd3b201e8,x4=0x0,x5=0x1414d4c,x6=0x1414d4c,x7=0x0,x8=0x9b504536b1897347,x9=0x9b504536b1897347,x10=0x9b504536b1897347,x11=0x3e8,x12=0x3,x13=0x706f6f6c5f657469,x14=0x7c0fa4e280,x15=0x0,x16=0x5f5c8f5a00,x17=0x7c0c1d9700,x18=0x7c0f35c000,x19=0x5f5c8f470c,x20=0x1,x21=0x1,x22=0x7fd3b20218,x23=0x7fd3b20220,x24=0x0,x25=0x0,x26=0x0,x27=0x0,x28=0x0,x29=0x7fd3b20190,lr=0x5f5c8f4734,sp=0x7fd3b20180,pc=0x7c0c1d9700]
[15012|15012] event_addr:0x7c0c1d9700 hit_count:470, Regs:
[x0=0x1,x1=0x5f5c8f3598,x2=0x1,x3=0x7fd3b201e8,x4=0x0,x5=0x1414d4c,x6=0x1414d4c,x7=0x0,x8=0x9b504536b1897347,x9=0x9b504536b1897347,x10=0x9b504536b1897347,x11=0x3e8,x12=0x3,x13=0x706f6f6c5f657469,x14=0x7c0fa4e280,x15=0x0,x16=0x5f5c8f5a00,x17=0x7c0c1d9700,x18=0x7c0f35c000,x19=0x5f5c8f470c,x20=0x1,x21=0x1,x22=0x7fd3b20218,x23=0x7fd3b20220,x24=0x0,x25=0x0,x26=0x0,x27=0x0,x28=0x0,x29=0x7fd3b20190,lr=0x5f5c8f4734,sp=0x7fd3b20180,pc=0x7c0c1d9700]
[15012|15012] event_addr:0x7c0c1d9700 hit_count:471, Regs:
[x0=0x1,x1=0x5f5c8f3598,x2=0x1,x3=0x7fd3b201e8,x4=0x0,x5=0x1414d4c,x6=0x1414d4c,x7=0x0,x8=0x9b504536b1897347,x9=0x9b504536b1897347,x10=0x9b504536b1897347,x11=0x3e8,x12=0x3,x13=0x706f6f6c5f657469,x14=0x7c0fa4e280,x15=0x0,x16=0x5f5c8f5a00,x17=0x7c0c1d9700,x18=0x7c0f35c000,x19=0x5f5c8f470c,x20=0x1,x21=0x1,x22=0x7fd3b20218,x23=0x7fd3b20220,x24=0x0,x25=0x0,x26=0x0,x27=0x0,x28=0x0,x29=0x7fd3b20190,lr=0x5f5c8f4734,sp=0x7fd3b20180,pc=0x7c0c1d9700]
[15012|15012] event_addr:0x7c0c1d9700 hit_count:472, Regs:
[x0=0x1,x1=0x5f5c8f3598,x2=0x1,x3=0x7fd3b201e8,x4=0x0,x5=0x1414d4c,x6=0x1414d4c,x7=0x0,x8=0x9b504536b1897347,x9=0x9b504536b1897347,x10=0x9b504536b1897347,x11=0x3e8,x12=0x3,x13=0x706f6f6c5f657469,x14=0x7c0fa4e280,x15=0x0,x16=0x5f5c8f5a00,x17=0x7c0c1d9700,x18=0x7c0f35c000,x19=0x5f5c8f470c,x20=0x1,x21=0x1,x22=0x7fd3b20218,x23=0x7fd3b20220,x24=0x0,x25=0x0,x26=0x0,x27=0x0,x28=0x0,x29=0x7fd3b20190,lr=0x5f5c8f4734,sp=0x7fd3b20180,pc=0x7c0c1d9700]
[15012|15012] event_addr:0x7c0c1d9700 hit_count:473, Regs:
[x0=0x1,x1=0x5f5c8f3598,x2=0x1,x3=0x7fd3b201e8,x4=0x0,x5=0x1414d4c,x6=0x1414d4c,x7=0x0,x8=0x9b504536b1897347,x9=0x9b504536b1897347,x10=0x9b504536b1897347,x11=0x3e8,x12=0x3,x13=0x706f6f6c5f657469,x14=0x7c0fa4e280,x15=0x0,x16=0x5f5c8f5a00,x17=0x7c0c1d9700,x18=0x7c0f35c000,x19=0x5f5c8f470c,x20=0x1,x21=0x1,x22=0x7fd3b20218,x23=0x7fd3b20220,x24=0x0,x25=0x0,x26=0x0,x27=0x0,x28=0x0,x29=0x7fd3b20190,lr=0x5f5c8f4734,sp=0x7fd3b20180,pc=0x7c0c1d9700]
[15012|15012] event_addr:0x7c0c1d9700 hit_count:474, Regs:
[x0=0x1,x1=0x5f5c8f3598,x2=0x1,x3=0x7fd3b201e8,x4=0x0,x5=0x1414d4c,x6=0x1414d4c,x7=0x0,x8=0x9b504536b1897347,x9=0x9b504536b1897347,x10=0x9b504536b1897347,x11=0x3e8,x12=0x3,x13=0x706f6f6c5f657469,x14=0x7c0fa4e280,x15=0x0,x16=0x5f5c8f5a00,x17=0x7c0c1d9700,x18=0x7c0f35c000,x19=0x5f5c8f470c,x20=0x1,x21=0x1,x22=0x7fd3b20218,x23=0x7fd3b20220,x24=0x0,x25=0x0,x26=0x0,x27=0x0,x28=0x0,x29=0x7fd3b20190,lr=0x5f5c8f4734,sp=0x7fd3b20180,pc=0x7c0c1d9700]
[15012|15012] event_addr:0x7c0c1d9700 hit_count:475, Regs:
[x0=0x1,x1=0x5f5c8f3598,x2=0x1,x3=0x7fd3b201e8,x4=0x0,x5=0x1414d4c,x6=0x1414d4c,x7=0x0,x8=0x9b504536b1897347,x9=0x9b504536b1897347,x10=0x9b504536b1897347,x11=0x3e8,x12=0x3,x13=0x706f6f6c5f657469,x14=0x7c0fa4e280,x15=0x0,x16=0x5f5c8f5a00,x17=0x7c0c1d9700,x18=0x7c0f35c000,x19=0x5f5c8f470c,x20=0x1,x21=0x1,x22=0x7fd3b20218,x23=0x7fd3b20220,x24=0x0,x25=0x0,x26=0x0,x27=0x0,x28=0x0,x29=0x7fd3b20190,lr=0x5f5c8f4734,sp=0x7fd3b20180,pc=0x7c0c1d9700]
[15012|15012] event_addr:0x7c0c1d9700 hit_count:476, Regs:
[x0=0x1,x1=0x5f5c8f3598,x2=0x1,x3=0x7fd3b201e8,x4=0x0,x5=0x1414d4c,x6=0x1414d4c,x7=0x0,x8=0x9b504536b1897347,x9=0x9b504536b1897347,x10=0x9b504536b1897347,x11=0x3e8,x12=0x3,x13=0x706f6f6c5f657469,x14=0x7c0fa4e280,x15=0x0,x16=0x5f5c8f5a00,x17=0x7c0c1d9700,x18=0x7c0f35c000,x19=0x5f5c8f470c,x20=0x1,x21=0x1,x22=0x7fd3b20218,x23=0x7fd3b20220,x24=0x0,x25=0x0,x26=0x0,x27=0x0,x28=0x0,x29=0x7fd3b20190,lr=0x5f5c8f4734,sp=0x7fd3b20180,pc=0x7c0c1d9700]
[15012|15012] event_addr:0x7c0c1d9700 hit_count:477, Regs:
[x0=0x1,x1=0x5f5c8f3598,x2=0x1,x3=0x7fd3b201e8,x4=0x0,x5=0x1414d4c,x6=0x1414d4c,x7=0x0,x8=0x9b504536b1897347,x9=0x9b504536b1897347,x10=0x9b504536b1897347,x11=0x3e8,x12=0x3,x13=0x706f6f6c5f657469,x14=0x7c0fa4e280,x15=0x0,x16=0x5f5c8f5a00,x17=0x7c0c1d9700,x18=0x7c0f35c000,x19=0x5f5c8f470c,x20=0x1,x21=0x1,x22=0x7fd3b20218,x23=0x7fd3b20220,x24=0x0,x25=0x0,x26=0x0,x27=0x0,x28=0x0,x29=0x7fd3b20190,lr=0x5f5c8f4734,sp=0x7fd3b20180,pc=0x7c0c1d9700]
[15012|15012] event_addr:0x7c0c1d9700 hit_count:478, Regs:
[x0=0x1,x1=0x5f5c8f3598,x2=0x1,x3=0x7fd3b201e8,x4=0x0,x5=0x1414d4c,x6=0x1414d4c,x7=0x0,x8=0x9b504536b1897347,x9=0x9b504536b1897347,x10=0x9b504536b1897347,x11=0x3e8,x12=0x3,x13=0x706f6f6c5f657469,x14=0x7c0fa4e280,x15=0x0,x16=0x5f5c8f5a00,x17=0x7c0c1d9700,x18=0x7c0f35c000,x19=0x5f5c8f470c,x20=0x1,x21=0x1,x22=0x7fd3b20218,x23=0x7fd3b20220,x24=0x0,x25=0x0,x26=0x0,x27=0x0,x28=0x0,x29=0x7fd3b20190,lr=0x5f5c8f4734,sp=0x7fd3b20180,pc=0x7c0c1d9700]
[15012|15012] event_addr:0x7c0c1d9700 hit_count:479, Regs:
[x0=0x1,x1=0x5f5c8f3598,x2=0x1,x3=0x7fd3b201e8,x4=0x0,x5=0x1414d4c,x6=0x1414d4c,x7=0x0,x8=0x9b504536b1897347,x9=0x9b504536b1897347,x10=0x9b504536b1897347,x11=0x3e8,x12=0x3,x13=0x706f6f6c5f657469,x14=0x7c0fa4e280,x15=0x0,x16=0x5f5c8f5a00,x17=0x7c0c1d9700,x18=0x7c0f35c000,x19=0x5f5c8f470c,x20=0x1,x21=0x1,x22=0x7fd3b20218,x23=0x7fd3b20220,x24=0x0,x25=0x0,x26=0x0,x27=0x0,x28=0x0,x29=0x7fd3b20190,lr=0x5f5c8f4734,sp=0x7fd3b20180,pc=0x7c0c1d9700]
[15012|15012] event_addr:0x7c0c1d9700 hit_count:480, Regs:
[x0=0x1,x1=0x5f5c8f3598,x2=0x1,x3=0x7fd3b201e8,x4=0x0,x5=0x1414d4c,x6=0x1414d4c,x7=0x0,x8=0x9b504536b1897347,x9=0x9b504536b1897347,x10=0x9b504536b1897347,x11=0x3e8,x12=0x3,x13=0x706f6f6c5f657469,x14=0x7c0fa4e280,x15=0x0,x16=0x5f5c8f5a00,x17=0x7c0c1d9700,x18=0x7c0f35c000,x19=0x5f5c8f470c,x20=0x1,x21=0x1,x22=0x7fd3b20218,x23=0x7fd3b20220,x24=0x0,x25=0x0,x26=0x0,x27=0x0,x28=0x0,x29=0x7fd3b20190,lr=0x5f5c8f4734,sp=0x7fd3b20180,pc=0x7c0c1d9700]
[15012|15012] event_addr:0x7c0c1d9700 hit_count:481, Regs:
[x0=0x1,x1=0x5f5c8f3598,x2=0x1,x3=0x7fd3b201e8,x4=0x0,x5=0x1414d4c,x6=0x1414d4c,x7=0x0,x8=0x9b504536b1897347,x9=0x9b504536b1897347,x10=0x9b504536b1897347,x11=0x3e8,x12=0x3,x13=0x706f6f6c5f657469,x14=0x7c0fa4e280,x15=0x0,x16=0x5f5c8f5a00,x17=0x7c0c1d9700,x18=0x7c0f35c000,x19=0x5f5c8f470c,x20=0x1,x21=0x1,x22=0x7fd3b20218,x23=0x7fd3b20220,x24=0x0,x25=0x0,x26=0x0,x27=0x0,x28=0x0,x29=0x7fd3b20190,lr=0x5f5c8f4734,sp=0x7fd3b20180,pc=0x7c0c1d9700]
[15012|15012] event_addr:0x7c0c1d9700 hit_count:482, Regs:
[x0=0x1,x1=0x5f5c8f3598,x2=0x1,x3=0x7fd3b201e8,x4=0x0,x5=0x1414d4c,x6=0x1414d4c,x7=0x0,x8=0x9b504536b1897347,x9=0x9b504536b1897347,x10=0x9b504536b1897347,x11=0x3e8,x12=0x3,x13=0x706f6f6c5f657469,x14=0x7c0fa4e280,x15=0x0,x16=0x5f5c8f5a00,x17=0x7c0c1d9700,x18=0x7c0f35c000,x19=0x5f5c8f470c,x20=0x1,x21=0x1,x22=0x7fd3b20218,x23=0x7fd3b20220,x24=0x0,x25=0x0,x26=0x0,x27=0x0,x28=0x0,x29=0x7fd3b20190,lr=0x5f5c8f4734,sp=0x7fd3b20180,pc=0x7c0c1d9700]
[15012|15012] event_addr:0x7c0c1d9700 hit_count:483, Regs:
[x0=0x1,x1=0x5f5c8f3598,x2=0x1,x3=0x7fd3b201e8,x4=0x0,x5=0x1414d4c,x6=0x1414d4c,x7=0x0,x8=0x9b504536b1897347,x9=0x9b504536b1897347,x10=0x9b504536b1897347,x11=0x3e8,x12=0x3,x13=0x706f6f6c5f657469,x14=0x7c0fa4e280,x15=0x0,x16=0x5f5c8f5a00,x17=0x7c0c1d9700,x18=0x7c0f35c000,x19=0x5f5c8f470c,x20=0x1,x21=0x1,x22=0x7fd3b20218,x23=0x7fd3b20220,x24=0x0,x25=0x0,x26=0x0,x27=0x0,x28=0x0,x29=0x7fd3b20190,lr=0x5f5c8f4734,sp=0x7fd3b20180,pc=0x7c0c1d9700]
[15012|15012] event_addr:0x7c0c1d9700 hit_count:484, Regs:
[x0=0x1,x1=0x5f5c8f3598,x2=0x1,x3=0x7fd3b201e8,x4=0x0,x5=0x1414d4c,x6=0x1414d4c,x7=0x0,x8=0x9b504536b1897347,x9=0x9b504536b1897347,x10=0x9b504536b1897347,x11=0x3e8,x12=0x3,x13=0x706f6f6c5f657469,x14=0x7c0fa4e280,x15=0x0,x16=0x5f5c8f5a00,x17=0x7c0c1d9700,x18=0x7c0f35c000,x19=0x5f5c8f470c,x20=0x1,x21=0x1,x22=0x7fd3b20218,x23=0x7fd3b20220,x24=0x0,x25=0x0,x26=0x0,x27=0x0,x28=0x0,x29=0x7fd3b20190,lr=0x5f5c8f4734,sp=0x7fd3b20180,pc=0x7c0c1d9700]
[15012|15012] event_addr:0x7c0c1d9700 hit_count:485, Regs:
[x0=0x1,x1=0x5f5c8f3598,x2=0x1,x3=0x7fd3b201e8,x4=0x0,x5=0x1414d4c,x6=0x1414d4c,x7=0x0,x8=0x9b504536b1897347,x9=0x9b504536b1897347,x10=0x9b504536b1897347,x11=0x3e8,x12=0x3,x13=0x706f6f6c5f657469,x14=0x7c0fa4e280,x15=0x0,x16=0x5f5c8f5a00,x17=0x7c0c1d9700,x18=0x7c0f35c000,x19=0x5f5c8f470c,x20=0x1,x21=0x1,x22=0x7fd3b20218,x23=0x7fd3b20220,x24=0x0,x25=0x0,x26=0x0,x27=0x0,x28=0x0,x29=0x7fd3b20190,lr=0x5f5c8f4734,sp=0x7fd3b20180,pc=0x7c0c1d9700]
[15012|15012] event_addr:0x7c0c1d9700 hit_count:486, Regs:
[x0=0x1,x1=0x5f5c8f3598,x2=0x1,x3=0x7fd3b201e8,x4=0x0,x5=0x1414d4c,x6=0x1414d4c,x7=0x0,x8=0x9b504536b1897347,x9=0x9b504536b1897347,x10=0x9b504536b1897347,x11=0x3e8,x12=0x3,x13=0x706f6f6c5f657469,x14=0x7c0fa4e280,x15=0x0,x16=0x5f5c8f5a00,x17=0x7c0c1d9700,x18=0x7c0f35c000,x19=0x5f5c8f470c,x20=0x1,x21=0x1,x22=0x7fd3b20218,x23=0x7fd3b20220,x24=0x0,x25=0x0,x26=0x0,x27=0x0,x28=0x0,x29=0x7fd3b20190,lr=0x5f5c8f4734,sp=0x7fd3b20180,pc=0x7c0c1d9700]
[15012|15012] event_addr:0x7c0c1d9700 hit_count:487, Regs:
[x0=0x1,x1=0x5f5c8f3598,x2=0x1,x3=0x7fd3b201e8,x4=0x0,x5=0x1414d4c,x6=0x1414d4c,x7=0x0,x8=0x9b504536b1897347,x9=0x9b504536b1897347,x10=0x9b504536b1897347,x11=0x3e8,x12=0x3,x13=0x706f6f6c5f657469,x14=0x7c0fa4e280,x15=0x0,x16=0x5f5c8f5a00,x17=0x7c0c1d9700,x18=0x7c0f35c000,x19=0x5f5c8f470c,x20=0x1,x21=0x1,x22=0x7fd3b20218,x23=0x7fd3b20220,x24=0x0,x25=0x0,x26=0x0,x27=0x0,x28=0x0,x29=0x7fd3b20190,lr=0x5f5c8f4734,sp=0x7fd3b20180,pc=0x7c0c1d9700]
[15012|15012] event_addr:0x7c0c1d9700 hit_count:488, Regs:
[x0=0x1,x1=0x5f5c8f3598,x2=0x1,x3=0x7fd3b201e8,x4=0x0,x5=0x1414d4c,x6=0x1414d4c,x7=0x0,x8=0x9b504536b1897347,x9=0x9b504536b1897347,x10=0x9b504536b1897347,x11=0x3e8,x12=0x3,x13=0x706f6f6c5f657469,x14=0x7c0fa4e280,x15=0x0,x16=0x5f5c8f5a00,x17=0x7c0c1d9700,x18=0x7c0f35c000,x19=0x5f5c8f470c,x20=0x1,x21=0x1,x22=0x7fd3b20218,x23=0x7fd3b20220,x24=0x0,x25=0x0,x26=0x0,x27=0x0,x28=0x0,x29=0x7fd3b20190,lr=0x5f5c8f4734,sp=0x7fd3b20180,pc=0x7c0c1d9700]
[15012|15012] event_addr:0x7c0c1d9700 hit_count:489, Regs:
[x0=0x1,x1=0x5f5c8f3598,x2=0x1,x3=0x7fd3b201e8,x4=0x0,x5=0x1414d4c,x6=0x1414d4c,x7=0x0,x8=0x9b504536b1897347,x9=0x9b504536b1897347,x10=0x9b504536b1897347,x11=0x3e8,x12=0x3,x13=0x706f6f6c5f657469,x14=0x7c0fa4e280,x15=0x0,x16=0x5f5c8f5a00,x17=0x7c0c1d9700,x18=0x7c0f35c000,x19=0x5f5c8f470c,x20=0x1,x21=0x1,x22=0x7fd3b20218,x23=0x7fd3b20220,x24=0x0,x25=0x0,x26=0x0,x27=0x0,x28=0x0,x29=0x7fd3b20190,lr=0x5f5c8f4734,sp=0x7fd3b20180,pc=0x7c0c1d9700]
[15012|15012] event_addr:0x7c0c1d9700 hit_count:490, Regs:
[x0=0x1,x1=0x5f5c8f3598,x2=0x1,x3=0x7fd3b201e8,x4=0x0,x5=0x1414d4c,x6=0x1414d4c,x7=0x0,x8=0x9b504536b1897347,x9=0x9b504536b1897347,x10=0x9b504536b1897347,x11=0x3e8,x12=0x3,x13=0x706f6f6c5f657469,x14=0x7c0fa4e280,x15=0x0,x16=0x5f5c8f5a00,x17=0x7c0c1d9700,x18=0x7c0f35c000,x19=0x5f5c8f470c,x20=0x1,x21=0x1,x22=0x7fd3b20218,x23=0x7fd3b20220,x24=0x0,x25=0x0,x26=0x0,x27=0x0,x28=0x0,x29=0x7fd3b20190,lr=0x5f5c8f4734,sp=0x7fd3b20180,pc=0x7c0c1d9700]
[15012|15012] event_addr:0x7c0c1d9700 hit_count:491, Regs:
[x0=0x1,x1=0x5f5c8f3598,x2=0x1,x3=0x7fd3b201e8,x4=0x0,x5=0x1414d4c,x6=0x1414d4c,x7=0x0,x8=0x9b504536b1897347,x9=0x9b504536b1897347,x10=0x9b504536b1897347,x11=0x3e8,x12=0x3,x13=0x706f6f6c5f657469,x14=0x7c0fa4e280,x15=0x0,x16=0x5f5c8f5a00,x17=0x7c0c1d9700,x18=0x7c0f35c000,x19=0x5f5c8f470c,x20=0x1,x21=0x1,x22=0x7fd3b20218,x23=0x7fd3b20220,x24=0x0,x25=0x0,x26=0x0,x27=0x0,x28=0x0,x29=0x7fd3b20190,lr=0x5f5c8f4734,sp=0x7fd3b20180,pc=0x7c0c1d9700]
[15012|15012] event_addr:0x7c0c1d9700 hit_count:492, Regs:
[x0=0x1,x1=0x5f5c8f3598,x2=0x1,x3=0x7fd3b201e8,x4=0x0,x5=0x1414d4c,x6=0x1414d4c,x7=0x0,x8=0x9b504536b1897347,x9=0x9b504536b1897347,x10=0x9b504536b1897347,x11=0x3e8,x12=0x3,x13=0x706f6f6c5f657469,x14=0x7c0fa4e280,x15=0x0,x16=0x5f5c8f5a00,x17=0x7c0c1d9700,x18=0x7c0f35c000,x19=0x5f5c8f470c,x20=0x1,x21=0x1,x22=0x7fd3b20218,x23=0x7fd3b20220,x24=0x0,x25=0x0,x26=0x0,x27=0x0,x28=0x0,x29=0x7fd3b20190,lr=0x5f5c8f4734,sp=0x7fd3b20180,pc=0x7c0c1d9700]
[15012|15012] event_addr:0x7c0c1d9700 hit_count:493, Regs:
[x0=0x1,x1=0x5f5c8f3598,x2=0x1,x3=0x7fd3b201e8,x4=0x0,x5=0x1414d4c,x6=0x1414d4c,x7=0x0,x8=0x9b504536b1897347,x9=0x9b504536b1897347,x10=0x9b504536b1897347,x11=0x3e8,x12=0x3,x13=0x706f6f6c5f657469,x14=0x7c0fa4e280,x15=0x0,x16=0x5f5c8f5a00,x17=0x7c0c1d9700,x18=0x7c0f35c000,x19=0x5f5c8f470c,x20=0x1,x21=0x1,x22=0x7fd3b20218,x23=0x7fd3b20220,x24=0x0,x25=0x0,x26=0x0,x27=0x0,x28=0x0,x29=0x7fd3b20190,lr=0x5f5c8f4734,sp=0x7fd3b20180,pc=0x7c0c1d9700]
[15012|15012] event_addr:0x7c0c1d9700 hit_count:494, Regs:
[x0=0x1,x1=0x5f5c8f3598,x2=0x1,x3=0x7fd3b201e8,x4=0x0,x5=0x1414d4c,x6=0x1414d4c,x7=0x0,x8=0x9b504536b1897347,x9=0x9b504536b1897347,x10=0x9b504536b1897347,x11=0x3e8,x12=0x3,x13=0x706f6f6c5f657469,x14=0x7c0fa4e280,x15=0x0,x16=0x5f5c8f5a00,x17=0x7c0c1d9700,x18=0x7c0f35c000,x19=0x5f5c8f470c,x20=0x1,x21=0x1,x22=0x7fd3b20218,x23=0x7fd3b20220,x24=0x0,x25=0x0,x26=0x0,x27=0x0,x28=0x0,x29=0x7fd3b20190,lr=0x5f5c8f4734,sp=0x7fd3b20180,pc=0x7c0c1d9700]
[15012|15012] event_addr:0x7c0c1d9700 hit_count:495, Regs:
[x0=0x1,x1=0x5f5c8f3598,x2=0x1,x3=0x7fd3b201e8,x4=0x0,x5=0x1414d4c,x6=0x1414d4c,x7=0x0,x8=0x9b504536b1897347,x9=0x9b504536b1897347,x10=0x9b504536b1897347,x11=0x3e8,x12=0x3,x13=0x706f6f6c5f657469,x14=0x7c0fa4e280,x15=0x0,x16=0x5f5c8f5a00,x17=0x7c0c1d9700,x18=0x7c0f35c000,x19=0x5f5c8f470c,x20=0x1,x21=0x1,x22=0x7fd3b20218,x23=0x7fd3b20220,x24=0x0,x25=0x0,x26=0x0,x27=0x0,x28=0x0,x29=0x7fd3b20190,lr=0x5f5c8f4734,sp=0x7fd3b20180,pc=0x7c0c1d9700]
[15012|15012] event_addr:0x7c0c1d9700 hit_count:496, Regs:
[x0=0x1,x1=0x5f5c8f3598,x2=0x1,x3=0x7fd3b201e8,x4=0x0,x5=0x1414d4c,x6=0x1414d4c,x7=0x0,x8=0x9b504536b1897347,x9=0x9b504536b1897347,x10=0x9b504536b1897347,x11=0x3e8,x12=0x3,x13=0x706f6f6c5f657469,x14=0x7c0fa4e280,x15=0x0,x16=0x5f5c8f5a00,x17=0x7c0c1d9700,x18=0x7c0f35c000,x19=0x5f5c8f470c,x20=0x1,x21=0x1,x22=0x7fd3b20218,x23=0x7fd3b20220,x24=0x0,x25=0x0,x26=0x0,x27=0x0,x28=0x0,x29=0x7fd3b20190,lr=0x5f5c8f4734,sp=0x7fd3b20180,pc=0x7c0c1d9700]
[15012|15012] event_addr:0x7c0c1d9700 hit_count:497, Regs:
[x0=0x1,x1=0x5f5c8f3598,x2=0x1,x3=0x7fd3b201e8,x4=0x0,x5=0x1414d4c,x6=0x1414d4c,x7=0x0,x8=0x9b504536b1897347,x9=0x9b504536b1897347,x10=0x9b504536b1897347,x11=0x3e8,x12=0x3,x13=0x706f6f6c5f657469,x14=0x7c0fa4e280,x15=0x0,x16=0x5f5c8f5a00,x17=0x7c0c1d9700,x18=0x7c0f35c000,x19=0x5f5c8f470c,x20=0x1,x21=0x1,x22=0x7fd3b20218,x23=0x7fd3b20220,x24=0x0,x25=0x0,x26=0x0,x27=0x0,x28=0x0,x29=0x7fd3b20190,lr=0x5f5c8f4734,sp=0x7fd3b20180,pc=0x7c0c1d9700]
[15012|15012] event_addr:0x7c0c1d9700 hit_count:498, Regs:
[x0=0x1,x1=0x5f5c8f3598,x2=0x1,x3=0x7fd3b201e8,x4=0x0,x5=0x1414d4c,x6=0x1414d4c,x7=0x0,x8=0x9b504536b1897347,x9=0x9b504536b1897347,x10=0x9b504536b1897347,x11=0x3e8,x12=0x3,x13=0x706f6f6c5f657469,x14=0x7c0fa4e280,x15=0x0,x16=0x5f5c8f5a00,x17=0x7c0c1d9700,x18=0x7c0f35c000,x19=0x5f5c8f470c,x20=0x1,x21=0x1,x22=0x7fd3b20218,x23=0x7fd3b20220,x24=0x0,x25=0x0,x26=0x0,x27=0x0,x28=0x0,x29=0x7fd3b20190,lr=0x5f5c8f4734,sp=0x7fd3b20180,pc=0x7c0c1d9700]
[15012|15012] event_addr:0x7c0c1d9700 hit_count:499, Regs:
[x0=0x1,x1=0x5f5c8f3598,x2=0x1,x3=0x7fd3b201e8,x4=0x0,x5=0x1414d4c,x6=0x1414d4c,x7=0x0,x8=0x9b504536b1897347,x9=0x9b504536b1897347,x10=0x9b504536b1897347,x11=0x3e8,x12=0x3,x13=0x706f6f6c5f657469,x14=0x7c0fa4e280,x15=0x0,x16=0x5f5c8f5a00,x17=0x7c0c1d9700,x18=0x7c0f35c000,x19=0x5f5c8f470c,x20=0x1,x21=0x1,x22=0x7fd3b20218,x23=0x7fd3b20220,x24=0x0,x25=0x0,x26=0x0,x27=0x0,x28=0x0,x29=0x7fd3b20190,lr=0x5f5c8f4734,sp=0x7fd3b20180,pc=0x7c0c1d9700]
[15012|15012] event_addr:0x7c0c1d9700 hit_count:500, Regs:
[x0=0x1,x1=0x5f5c8f3598,x2=0x1,x3=0x7fd3b201e8,x4=0x0,x5=0x1414d4c,x6=0x1414d4c,x7=0x0,x8=0x9b504536b1897347,x9=0x9b504536b1897347,x10=0x9b504536b1897347,x11=0x3e8,x12=0x3,x13=0x706f6f6c5f657469,x14=0x7c0fa4e280,x15=0x0,x16=0x5f5c8f5a00,x17=0x7c0c1d9700,x18=0x7c0f35c000,x19=0x5f5c8f470c,x20=0x1,x21=0x1,x22=0x7fd3b20218,x23=0x7fd3b20220,x24=0x0,x25=0x0,x26=0x0,x27=0x0,x28=0x0,x29=0x7fd3b20190,lr=0x5f5c8f4734,sp=0x7fd3b20180,pc=0x7c0c1d9700]
[15012|15012] event_addr:0x7c0c1d9700 hit_count:501, Regs:
[x0=0x1,x1=0x5f5c8f3598,x2=0x1,x3=0x7fd3b201e8,x4=0x0,x5=0x1414d4c,x6=0x1414d4c,x7=0x0,x8=0x9b504536b1897347,x9=0x9b504536b1897347,x10=0x9b504536b1897347,x11=0x3e8,x12=0x3,x13=0x706f6f6c5f657469,x14=0x7c0fa4e280,x15=0x0,x16=0x5f5c8f5a00,x17=0x7c0c1d9700,x18=0x7c0f35c000,x19=0x5f5c8f470c,x20=0x1,x21=0x1,x22=0x7fd3b20218,x23=0x7fd3b20220,x24=0x0,x25=0x0,x26=0x0,x27=0x0,x28=0x0,x29=0x7fd3b20190,lr=0x5f5c8f4734,sp=0x7fd3b20180,pc=0x7c0c1d9700]
[15012|15012] event_addr:0x7c0c1d9700 hit_count:502, Regs:
[x0=0x1,x1=0x5f5c8f3598,x2=0x1,x3=0x7fd3b201e8,x4=0x0,x5=0x1414d4c,x6=0x1414d4c,x7=0x0,x8=0x9b504536b1897347,x9=0x9b504536b1897347,x10=0x9b504536b1897347,x11=0x3e8,x12=0x3,x13=0x706f6f6c5f657469,x14=0x7c0fa4e280,x15=0x0,x16=0x5f5c8f5a00,x17=0x7c0c1d9700,x18=0x7c0f35c000,x19=0x5f5c8f470c,x20=0x1,x21=0x1,x22=0x7fd3b20218,x23=0x7fd3b20220,x24=0x0,x25=0x0,x26=0x0,x27=0x0,x28=0x0,x29=0x7fd3b20190,lr=0x5f5c8f4734,sp=0x7fd3b20180,pc=0x7c0c1d9700]
[15012|15012] event_addr:0x7c0c1d9700 hit_count:503, Regs:
[x0=0x1,x1=0x5f5c8f3598,x2=0x1,x3=0x7fd3b201e8,x4=0x0,x5=0x1414d4c,x6=0x1414d4c,x7=0x0,x8=0x9b504536b1897347,x9=0x9b504536b1897347,x10=0x9b504536b1897347,x11=0x3e8,x12=0x3,x13=0x706f6f6c5f657469,x14=0x7c0fa4e280,x15=0x0,x16=0x5f5c8f5a00,x17=0x7c0c1d9700,x18=0x7c0f35c000,x19=0x5f5c8f470c,x20=0x1,x21=0x1,x22=0x7fd3b20218,x23=0x7fd3b20220,x24=0x0,x25=0x0,x26=0x0,x27=0x0,x28=0x0,x29=0x7fd3b20190,lr=0x5f5c8f4734,sp=0x7fd3b20180,pc=0x7c0c1d9700]
[15012|15012] event_addr:0x7c0c1d9700 hit_count:504, Regs:
[x0=0x1,x1=0x5f5c8f3598,x2=0x1,x3=0x7fd3b201e8,x4=0x0,x5=0x1414d4c,x6=0x1414d4c,x7=0x0,x8=0x9b504536b1897347,x9=0x9b504536b1897347,x10=0x9b504536b1897347,x11=0x3e8,x12=0x3,x13=0x706f6f6c5f657469,x14=0x7c0fa4e280,x15=0x0,x16=0x5f5c8f5a00,x17=0x7c0c1d9700,x18=0x7c0f35c000,x19=0x5f5c8f470c,x20=0x1,x21=0x1,x22=0x7fd3b20218,x23=0x7fd3b20220,x24=0x0,x25=0x0,x26=0x0,x27=0x0,x28=0x0,x29=0x7fd3b20190,lr=0x5f5c8f4734,sp=0x7fd3b20180,pc=0x7c0c1d9700]
[15012|15012] event_addr:0x7c0c1d9700 hit_count:505, Regs:
[x0=0x1,x1=0x5f5c8f3598,x2=0x1,x3=0x7fd3b201e8,x4=0x0,x5=0x1414d4c,x6=0x1414d4c,x7=0x0,x8=0x9b504536b1897347,x9=0x9b504536b1897347,x10=0x9b504536b1897347,x11=0x3e8,x12=0x3,x13=0x706f6f6c5f657469,x14=0x7c0fa4e280,x15=0x0,x16=0x5f5c8f5a00,x17=0x7c0c1d9700,x18=0x7c0f35c000,x19=0x5f5c8f470c,x20=0x1,x21=0x1,x22=0x7fd3b20218,x23=0x7fd3b20220,x24=0x0,x25=0x0,x26=0x0,x27=0x0,x28=0x0,x29=0x7fd3b20190,lr=0x5f5c8f4734,sp=0x7fd3b20180,pc=0x7c0c1d9700]
[15012|15012] event_addr:0x7c0c1d9700 hit_count:506, Regs:
[x0=0x1,x1=0x5f5c8f3598,x2=0x1,x3=0x7fd3b201e8,x4=0x0,x5=0x1414d4c,x6=0x1414d4c,x7=0x0,x8=0x9b504536b1897347,x9=0x9b504536b1897347,x10=0x9b504536b1897347,x11=0x3e8,x12=0x3,x13=0x706f6f6c5f657469,x14=0x7c0fa4e280,x15=0x0,x16=0x5f5c8f5a00,x17=0x7c0c1d9700,x18=0x7c0f35c000,x19=0x5f5c8f470c,x20=0x1,x21=0x1,x22=0x7fd3b20218,x23=0x7fd3b20220,x24=0x0,x25=0x0,x26=0x0,x27=0x0,x28=0x0,x29=0x7fd3b20190,lr=0x5f5c8f4734,sp=0x7fd3b20180,pc=0x7c0c1d9700]
[15012|15012] event_addr:0x7c0c1d9700 hit_count:507, Regs:
[x0=0x1,x1=0x5f5c8f3598,x2=0x1,x3=0x7fd3b201e8,x4=0x0,x5=0x1414d4c,x6=0x1414d4c,x7=0x0,x8=0x9b504536b1897347,x9=0x9b504536b1897347,x10=0x9b504536b1897347,x11=0x3e8,x12=0x3,x13=0x706f6f6c5f657469,x14=0x7c0fa4e280,x15=0x0,x16=0x5f5c8f5a00,x17=0x7c0c1d9700,x18=0x7c0f35c000,x19=0x5f5c8f470c,x20=0x1,x21=0x1,x22=0x7fd3b20218,x23=0x7fd3b20220,x24=0x0,x25=0x0,x26=0x0,x27=0x0,x28=0x0,x29=0x7fd3b20190,lr=0x5f5c8f4734,sp=0x7fd3b20180,pc=0x7c0c1d9700]
[15012|15012] event_addr:0x7c0c1d9700 hit_count:508, Regs:
[x0=0x1,x1=0x5f5c8f3598,x2=0x1,x3=0x7fd3b201e8,x4=0x0,x5=0x1414d4c,x6=0x1414d4c,x7=0x0,x8=0x9b504536b1897347,x9=0x9b504536b1897347,x10=0x9b504536b1897347,x11=0x3e8,x12=0x3,x13=0x706f6f6c5f657469,x14=0x7c0fa4e280,x15=0x0,x16=0x5f5c8f5a00,x17=0x7c0c1d9700,x18=0x7c0f35c000,x19=0x5f5c8f470c,x20=0x1,x21=0x1,x22=0x7fd3b20218,x23=0x7fd3b20220,x24=0x0,x25=0x0,x26=0x0,x27=0x0,x28=0x0,x29=0x7fd3b20190,lr=0x5f5c8f4734,sp=0x7fd3b20180,pc=0x7c0c1d9700]
[15012|15012] event_addr:0x7c0c1d9700 hit_count:509, Regs:
[x0=0x1,x1=0x5f5c8f3598,x2=0x1,x3=0x7fd3b201e8,x4=0x0,x5=0x1414d4c,x6=0x1414d4c,x7=0x0,x8=0x9b504536b1897347,x9=0x9b504536b1897347,x10=0x9b504536b1897347,x11=0x3e8,x12=0x3,x13=0x706f6f6c5f657469,x14=0x7c0fa4e280,x15=0x0,x16=0x5f5c8f5a00,x17=0x7c0c1d9700,x18=0x7c0f35c000,x19=0x5f5c8f470c,x20=0x1,x21=0x1,x22=0x7fd3b20218,x23=0x7fd3b20220,x24=0x0,x25=0x0,x26=0x0,x27=0x0,x28=0x0,x29=0x7fd3b20190,lr=0x5f5c8f4734,sp=0x7fd3b20180,pc=0x7c0c1d9700]
[15012|15012] event_addr:0x7c0c1d9700 hit_count:510, Regs:
[x0=0x1,x1=0x5f5c8f3598,x2=0x1,x3=0x7fd3b201e8,x4=0x0,x5=0x1414d4c,x6=0x1414d4c,x7=0x0,x8=0x9b504536b1897347,x9=0x9b504536b1897347,x10=0x9b504536b1897347,x11=0x3e8,x12=0x3,x13=0x706f6f6c5f657469,x14=0x7c0fa4e280,x15=0x0,x16=0x5f5c8f5a00,x17=0x7c0c1d9700,x18=0x7c0f35c000,x19=0x5f5c8f470c,x20=0x1,x21=0x1,x22=0x7fd3b20218,x23=0x7fd3b20220,x24=0x0,x25=0x0,x26=0x0,x27=0x0,x28=0x0,x29=0x7fd3b20190,lr=0x5f5c8f4734,sp=0x7fd3b20180,pc=0x7c0c1d9700]
[15012|15012] event_addr:0x7c0c1d9700 hit_count:511, Regs:
[x0=0x1,x1=0x5f5c8f3598,x2=0x1,x3=0x7fd3b201e8,x4=0x0,x5=0x1414d4c,x6=0x1414d4c,x7=0x0,x8=0x9b504536b1897347,x9=0x9b504536b1897347,x10=0x9b504536b1897347,x11=0x3e8,x12=0x3,x13=0x706f6f6c5f657469,x14=0x7c0fa4e280,x15=0x0,x16=0x5f5c8f5a00,x17=0x7c0c1d9700,x18=0x7c0f35c000,x19=0x5f5c8f470c,x20=0x1,x21=0x1,x22=0x7fd3b20218,x23=0x7fd3b20220,x24=0x0,x25=0x0,x26=0x0,x27=0x0,x28=0x0,x29=0x7fd3b20190,lr=0x5f5c8f4734,sp=0x7fd3b20180,pc=0x7c0c1d9700]
[15012|15012] event_addr:0x7c0c1d9700 hit_count:512, Regs:
[x0=0x1,x1=0x5f5c8f3598,x2=0x1,x3=0x7fd3b201e8,x4=0x0,x5=0x1414d4c,x6=0x1414d4c,x7=0x0,x8=0x9b504536b1897347,x9=0x9b504536b1897347,x10=0x9b504536b1897347,x11=0x3e8,x12=0x3,x13=0x706f6f6c5f657469,x14=0x7c0fa4e280,x15=0x0,x16=0x5f5c8f5a00,x17=0x7c0c1d9700,x18=0x7c0f35c000,x19=0x5f5c8f470c,x20=0x1,x21=0x1,x22=0x7fd3b20218,x23=0x7fd3b20220,x24=0x0,x25=0x0,x26=0x0,x27=0x0,x28=0x0,x29=0x7fd3b20190,lr=0x5f5c8f4734,sp=0x7fd3b20180,pc=0x7c0c1d9700]
[15012|15012] event_addr:0x7c0c1d9700 hit_count:513, Regs:
[x0=0x1,x1=0x5f5c8f3598,x2=0x1,x3=0x7fd3b201e8,x4=0x0,x5=0x1414d4c,x6=0x1414d4c,x7=0x0,x8=0x9b504536b1897347,x9=0x9b504536b1897347,x10=0x9b504536b1897347,x11=0x3e8,x12=0x3,x13=0x706f6f6c5f657469,x14=0x7c0fa4e280,x15=0x0,x16=0x5f5c8f5a00,x17=0x7c0c1d9700,x18=0x7c0f35c000,x19=0x5f5c8f470c,x20=0x1,x21=0x1,x22=0x7fd3b20218,x23=0x7fd3b20220,x24=0x0,x25=0x0,x26=0x0,x27=0x0,x28=0x0,x29=0x7fd3b20190,lr=0x5f5c8f4734,sp=0x7fd3b20180,pc=0x7c0c1d9700]
[15012|15012] event_addr:0x7c0c1d9700 hit_count:514, Regs:
[x0=0x1,x1=0x5f5c8f3598,x2=0x1,x3=0x7fd3b201e8,x4=0x0,x5=0x1414d4c,x6=0x1414d4c,x7=0x0,x8=0x9b504536b1897347,x9=0x9b504536b1897347,x10=0x9b504536b1897347,x11=0x3e8,x12=0x3,x13=0x706f6f6c5f657469,x14=0x7c0fa4e280,x15=0x0,x16=0x5f5c8f5a00,x17=0x7c0c1d9700,x18=0x7c0f35c000,x19=0x5f5c8f470c,x20=0x1,x21=0x1,x22=0x7fd3b20218,x23=0x7fd3b20220,x24=0x0,x25=0x0,x26=0x0,x27=0x0,x28=0x0,x29=0x7fd3b20190,lr=0x5f5c8f4734,sp=0x7fd3b20180,pc=0x7c0c1d9700]
[15012|15012] event_addr:0x7c0c1d9700 hit_count:515, Regs:
[x0=0x1,x1=0x5f5c8f3598,x2=0x1,x3=0x7fd3b201e8,x4=0x0,x5=0x1414d4c,x6=0x1414d4c,x7=0x0,x8=0x9b504536b1897347,x9=0x9b504536b1897347,x10=0x9b504536b1897347,x11=0x3e8,x12=0x3,x13=0x706f6f6c5f657469,x14=0x7c0fa4e280,x15=0x0,x16=0x5f5c8f5a00,x17=0x7c0c1d9700,x18=0x7c0f35c000,x19=0x5f5c8f470c,x20=0x1,x21=0x1,x22=0x7fd3b20218,x23=0x7fd3b20220,x24=0x0,x25=0x0,x26=0x0,x27=0x0,x28=0x0,x29=0x7fd3b20190,lr=0x5f5c8f4734,sp=0x7fd3b20180,pc=0x7c0c1d9700]
[15012|15012] event_addr:0x7c0c1d9700 hit_count:516, Regs:
[x0=0x1,x1=0x5f5c8f3598,x2=0x1,x3=0x7fd3b201e8,x4=0x0,x5=0x1414d4c,x6=0x1414d4c,x7=0x0,x8=0x9b504536b1897347,x9=0x9b504536b1897347,x10=0x9b504536b1897347,x11=0x3e8,x12=0x3,x13=0x706f6f6c5f657469,x14=0x7c0fa4e280,x15=0x0,x16=0x5f5c8f5a00,x17=0x7c0c1d9700,x18=0x7c0f35c000,x19=0x5f5c8f470c,x20=0x1,x21=0x1,x22=0x7fd3b20218,x23=0x7fd3b20220,x24=0x0,x25=0x0,x26=0x0,x27=0x0,x28=0x0,x29=0x7fd3b20190,lr=0x5f5c8f4734,sp=0x7fd3b20180,pc=0x7c0c1d9700]
[15012|15012] event_addr:0x7c0c1d9700 hit_count:517, Regs:
[x0=0x1,x1=0x5f5c8f3598,x2=0x1,x3=0x7fd3b201e8,x4=0x0,x5=0x1414d4c,x6=0x1414d4c,x7=0x0,x8=0x9b504536b1897347,x9=0x9b504536b1897347,x10=0x9b504536b1897347,x11=0x3e8,x12=0x3,x13=0x706f6f6c5f657469,x14=0x7c0fa4e280,x15=0x0,x16=0x5f5c8f5a00,x17=0x7c0c1d9700,x18=0x7c0f35c000,x19=0x5f5c8f470c,x20=0x1,x21=0x1,x22=0x7fd3b20218,x23=0x7fd3b20220,x24=0x0,x25=0x0,x26=0x0,x27=0x0,x28=0x0,x29=0x7fd3b20190,lr=0x5f5c8f4734,sp=0x7fd3b20180,pc=0x7c0c1d9700]
[15012|15012] event_addr:0x7c0c1d9700 hit_count:518, Regs:
[x0=0x1,x1=0x5f5c8f3598,x2=0x1,x3=0x7fd3b201e8,x4=0x0,x5=0x1414d4c,x6=0x1414d4c,x7=0x0,x8=0x9b504536b1897347,x9=0x9b504536b1897347,x10=0x9b504536b1897347,x11=0x3e8,x12=0x3,x13=0x706f6f6c5f657469,x14=0x7c0fa4e280,x15=0x0,x16=0x5f5c8f5a00,x17=0x7c0c1d9700,x18=0x7c0f35c000,x19=0x5f5c8f470c,x20=0x1,x21=0x1,x22=0x7fd3b20218,x23=0x7fd3b20220,x24=0x0,x25=0x0,x26=0x0,x27=0x0,x28=0x0,x29=0x7fd3b20190,lr=0x5f5c8f4734,sp=0x7fd3b20180,pc=0x7c0c1d9700]
[15012|15012] event_addr:0x7c0c1d9700 hit_count:519, Regs:
[x0=0x1,x1=0x5f5c8f3598,x2=0x1,x3=0x7fd3b201e8,x4=0x0,x5=0x1414d4c,x6=0x1414d4c,x7=0x0,x8=0x9b504536b1897347,x9=0x9b504536b1897347,x10=0x9b504536b1897347,x11=0x3e8,x12=0x3,x13=0x706f6f6c5f657469,x14=0x7c0fa4e280,x15=0x0,x16=0x5f5c8f5a00,x17=0x7c0c1d9700,x18=0x7c0f35c000,x19=0x5f5c8f470c,x20=0x1,x21=0x1,x22=0x7fd3b20218,x23=0x7fd3b20220,x24=0x0,x25=0x0,x26=0x0,x27=0x0,x28=0x0,x29=0x7fd3b20190,lr=0x5f5c8f4734,sp=0x7fd3b20180,pc=0x7c0c1d9700]
[15012|15012] event_addr:0x7c0c1d9700 hit_count:520, Regs:
[x0=0x1,x1=0x5f5c8f3598,x2=0x1,x3=0x7fd3b201e8,x4=0x0,x5=0x1414d4c,x6=0x1414d4c,x7=0x0,x8=0x9b504536b1897347,x9=0x9b504536b1897347,x10=0x9b504536b1897347,x11=0x3e8,x12=0x3,x13=0x706f6f6c5f657469,x14=0x7c0fa4e280,x15=0x0,x16=0x5f5c8f5a00,x17=0x7c0c1d9700,x18=0x7c0f35c000,x19=0x5f5c8f470c,x20=0x1,x21=0x1,x22=0x7fd3b20218,x23=0x7fd3b20220,x24=0x0,x25=0x0,x26=0x0,x27=0x0,x28=0x0,x29=0x7fd3b20190,lr=0x5f5c8f4734,sp=0x7fd3b20180,pc=0x7c0c1d9700]
[15012|15012] event_addr:0x7c0c1d9700 hit_count:521, Regs:
[x0=0x1,x1=0x5f5c8f3598,x2=0x1,x3=0x7fd3b201e8,x4=0x0,x5=0x1414d4c,x6=0x1414d4c,x7=0x0,x8=0x9b504536b1897347,x9=0x9b504536b1897347,x10=0x9b504536b1897347,x11=0x3e8,x12=0x3,x13=0x706f6f6c5f657469,x14=0x7c0fa4e280,x15=0x0,x16=0x5f5c8f5a00,x17=0x7c0c1d9700,x18=0x7c0f35c000,x19=0x5f5c8f470c,x20=0x1,x21=0x1,x22=0x7fd3b20218,x23=0x7fd3b20220,x24=0x0,x25=0x0,x26=0x0,x27=0x0,x28=0x0,x29=0x7fd3b20190,lr=0x5f5c8f4734,sp=0x7fd3b20180,pc=0x7c0c1d9700]
[15012|15012] event_addr:0x7c0c1d9700 hit_count:522, Regs:
[x0=0x1,x1=0x5f5c8f3598,x2=0x1,x3=0x7fd3b201e8,x4=0x0,x5=0x1414d4c,x6=0x1414d4c,x7=0x0,x8=0x9b504536b1897347,x9=0x9b504536b1897347,x10=0x9b504536b1897347,x11=0x3e8,x12=0x3,x13=0x706f6f6c5f657469,x14=0x7c0fa4e280,x15=0x0,x16=0x5f5c8f5a00,x17=0x7c0c1d9700,x18=0x7c0f35c000,x19=0x5f5c8f470c,x20=0x1,x21=0x1,x22=0x7fd3b20218,x23=0x7fd3b20220,x24=0x0,x25=0x0,x26=0x0,x27=0x0,x28=0x0,x29=0x7fd3b20190,lr=0x5f5c8f4734,sp=0x7fd3b20180,pc=0x7c0c1d9700]
[15012|15012] event_addr:0x7c0c1d9700 hit_count:523, Regs:
[x0=0x1,x1=0x5f5c8f3598,x2=0x1,x3=0x7fd3b201e8,x4=0x0,x5=0x1414d4c,x6=0x1414d4c,x7=0x0,x8=0x9b504536b1897347,x9=0x9b504536b1897347,x10=0x9b504536b1897347,x11=0x3e8,x12=0x3,x13=0x706f6f6c5f657469,x14=0x7c0fa4e280,x15=0x0,x16=0x5f5c8f5a00,x17=0x7c0c1d9700,x18=0x7c0f35c000,x19=0x5f5c8f470c,x20=0x1,x21=0x1,x22=0x7fd3b20218,x23=0x7fd3b20220,x24=0x0,x25=0x0,x26=0x0,x27=0x0,x28=0x0,x29=0x7fd3b20190,lr=0x5f5c8f4734,sp=0x7fd3b20180,pc=0x7c0c1d9700]
[15012|15012] event_addr:0x7c0c1d9700 hit_count:524, Regs:
[x0=0x1,x1=0x5f5c8f3598,x2=0x1,x3=0x7fd3b201e8,x4=0x0,x5=0x1414d4c,x6=0x1414d4c,x7=0x0,x8=0x9b504536b1897347,x9=0x9b504536b1897347,x10=0x9b504536b1897347,x11=0x3e8,x12=0x3,x13=0x706f6f6c5f657469,x14=0x7c0fa4e280,x15=0x0,x16=0x5f5c8f5a00,x17=0x7c0c1d9700,x18=0x7c0f35c000,x19=0x5f5c8f470c,x20=0x1,x21=0x1,x22=0x7fd3b20218,x23=0x7fd3b20220,x24=0x0,x25=0x0,x26=0x0,x27=0x0,x28=0x0,x29=0x7fd3b20190,lr=0x5f5c8f4734,sp=0x7fd3b20180,pc=0x7c0c1d9700]
[15012|15012] event_addr:0x7c0c1d9700 hit_count:525, Regs:
[x0=0x1,x1=0x5f5c8f3598,x2=0x1,x3=0x7fd3b201e8,x4=0x0,x5=0x1414d4c,x6=0x1414d4c,x7=0x0,x8=0x9b504536b1897347,x9=0x9b504536b1897347,x10=0x9b504536b1897347,x11=0x3e8,x12=0x3,x13=0x706f6f6c5f657469,x14=0x7c0fa4e280,x15=0x0,x16=0x5f5c8f5a00,x17=0x7c0c1d9700,x18=0x7c0f35c000,x19=0x5f5c8f470c,x20=0x1,x21=0x1,x22=0x7fd3b20218,x23=0x7fd3b20220,x24=0x0,x25=0x0,x26=0x0,x27=0x0,x28=0x0,x29=0x7fd3b20190,lr=0x5f5c8f4734,sp=0x7fd3b20180,pc=0x7c0c1d9700]
[15012|15012] event_addr:0x7c0c1d9700 hit_count:526, Regs:
[x0=0x1,x1=0x5f5c8f3598,x2=0x1,x3=0x7fd3b201e8,x4=0x0,x5=0x1414d4c,x6=0x1414d4c,x7=0x0,x8=0x9b504536b1897347,x9=0x9b504536b1897347,x10=0x9b504536b1897347,x11=0x3e8,x12=0x3,x13=0x706f6f6c5f657469,x14=0x7c0fa4e280,x15=0x0,x16=0x5f5c8f5a00,x17=0x7c0c1d9700,x18=0x7c0f35c000,x19=0x5f5c8f470c,x20=0x1,x21=0x1,x22=0x7fd3b20218,x23=0x7fd3b20220,x24=0x0,x25=0x0,x26=0x0,x27=0x0,x28=0x0,x29=0x7fd3b20190,lr=0x5f5c8f4734,sp=0x7fd3b20180,pc=0x7c0c1d9700]
[15012|15012] event_addr:0x7c0c1d9700 hit_count:527, Regs:
[x0=0x1,x1=0x5f5c8f3598,x2=0x1,x3=0x7fd3b201e8,x4=0x0,x5=0x1414d4c,x6=0x1414d4c,x7=0x0,x8=0x9b504536b1897347,x9=0x9b504536b1897347,x10=0x9b504536b1897347,x11=0x3e8,x12=0x3,x13=0x706f6f6c5f657469,x14=0x7c0fa4e280,x15=0x0,x16=0x5f5c8f5a00,x17=0x7c0c1d9700,x18=0x7c0f35c000,x19=0x5f5c8f470c,x20=0x1,x21=0x1,x22=0x7fd3b20218,x23=0x7fd3b20220,x24=0x0,x25=0x0,x26=0x0,x27=0x0,x28=0x0,x29=0x7fd3b20190,lr=0x5f5c8f4734,sp=0x7fd3b20180,pc=0x7c0c1d9700]
[15012|15012] event_addr:0x7c0c1d9700 hit_count:528, Regs:
[x0=0x1,x1=0x5f5c8f3598,x2=0x1,x3=0x7fd3b201e8,x4=0x0,x5=0x1414d4c,x6=0x1414d4c,x7=0x0,x8=0x9b504536b1897347,x9=0x9b504536b1897347,x10=0x9b504536b1897347,x11=0x3e8,x12=0x3,x13=0x706f6f6c5f657469,x14=0x7c0fa4e280,x15=0x0,x16=0x5f5c8f5a00,x17=0x7c0c1d9700,x18=0x7c0f35c000,x19=0x5f5c8f470c,x20=0x1,x21=0x1,x22=0x7fd3b20218,x23=0x7fd3b20220,x24=0x0,x25=0x0,x26=0x0,x27=0x0,x28=0x0,x29=0x7fd3b20190,lr=0x5f5c8f4734,sp=0x7fd3b20180,pc=0x7c0c1d9700]
[15012|15012] event_addr:0x7c0c1d9700 hit_count:529, Regs:
[x0=0x1,x1=0x5f5c8f3598,x2=0x1,x3=0x7fd3b201e8,x4=0x0,x5=0x1414d4c,x6=0x1414d4c,x7=0x0,x8=0x9b504536b1897347,x9=0x9b504536b1897347,x10=0x9b504536b1897347,x11=0x3e8,x12=0x3,x13=0x706f6f6c5f657469,x14=0x7c0fa4e280,x15=0x0,x16=0x5f5c8f5a00,x17=0x7c0c1d9700,x18=0x7c0f35c000,x19=0x5f5c8f470c,x20=0x1,x21=0x1,x22=0x7fd3b20218,x23=0x7fd3b20220,x24=0x0,x25=0x0,x26=0x0,x27=0x0,x28=0x0,x29=0x7fd3b20190,lr=0x5f5c8f4734,sp=0x7fd3b20180,pc=0x7c0c1d9700]
[15012|15012] event_addr:0x7c0c1d9700 hit_count:530, Regs:
[x0=0x1,x1=0x5f5c8f3598,x2=0x1,x3=0x7fd3b201e8,x4=0x0,x5=0x1414d4c,x6=0x1414d4c,x7=0x0,x8=0x9b504536b1897347,x9=0x9b504536b1897347,x10=0x9b504536b1897347,x11=0x3e8,x12=0x3,x13=0x706f6f6c5f657469,x14=0x7c0fa4e280,x15=0x0,x16=0x5f5c8f5a00,x17=0x7c0c1d9700,x18=0x7c0f35c000,x19=0x5f5c8f470c,x20=0x1,x21=0x1,x22=0x7fd3b20218,x23=0x7fd3b20220,x24=0x0,x25=0x0,x26=0x0,x27=0x0,x28=0x0,x29=0x7fd3b20190,lr=0x5f5c8f4734,sp=0x7fd3b20180,pc=0x7c0c1d9700]
[15012|15012] event_addr:0x7c0c1d9700 hit_count:531, Regs:
[x0=0x1,x1=0x5f5c8f3598,x2=0x1,x3=0x7fd3b201e8,x4=0x0,x5=0x1414d4c,x6=0x1414d4c,x7=0x0,x8=0x9b504536b1897347,x9=0x9b504536b1897347,x10=0x9b504536b1897347,x11=0x3e8,x12=0x3,x13=0x706f6f6c5f657469,x14=0x7c0fa4e280,x15=0x0,x16=0x5f5c8f5a00,x17=0x7c0c1d9700,x18=0x7c0f35c000,x19=0x5f5c8f470c,x20=0x1,x21=0x1,x22=0x7fd3b20218,x23=0x7fd3b20220,x24=0x0,x25=0x0,x26=0x0,x27=0x0,x28=0x0,x29=0x7fd3b20190,lr=0x5f5c8f4734,sp=0x7fd3b20180,pc=0x7c0c1d9700]
[15012|15012] event_addr:0x7c0c1d9700 hit_count:532, Regs:
[x0=0x1,x1=0x5f5c8f3598,x2=0x1,x3=0x7fd3b201e8,x4=0x0,x5=0x1414d4c,x6=0x1414d4c,x7=0x0,x8=0x9b504536b1897347,x9=0x9b504536b1897347,x10=0x9b504536b1897347,x11=0x3e8,x12=0x3,x13=0x706f6f6c5f657469,x14=0x7c0fa4e280,x15=0x0,x16=0x5f5c8f5a00,x17=0x7c0c1d9700,x18=0x7c0f35c000,x19=0x5f5c8f470c,x20=0x1,x21=0x1,x22=0x7fd3b20218,x23=0x7fd3b20220,x24=0x0,x25=0x0,x26=0x0,x27=0x0,x28=0x0,x29=0x7fd3b20190,lr=0x5f5c8f4734,sp=0x7fd3b20180,pc=0x7c0c1d9700]
[15012|15012] event_addr:0x7c0c1d9700 hit_count:533, Regs:
[x0=0x1,x1=0x5f5c8f3598,x2=0x1,x3=0x7fd3b201e8,x4=0x0,x5=0x1414d4c,x6=0x1414d4c,x7=0x0,x8=0x9b504536b1897347,x9=0x9b504536b1897347,x10=0x9b504536b1897347,x11=0x3e8,x12=0x3,x13=0x706f6f6c5f657469,x14=0x7c0fa4e280,x15=0x0,x16=0x5f5c8f5a00,x17=0x7c0c1d9700,x18=0x7c0f35c000,x19=0x5f5c8f470c,x20=0x1,x21=0x1,x22=0x7fd3b20218,x23=0x7fd3b20220,x24=0x0,x25=0x0,x26=0x0,x27=0x0,x28=0x0,x29=0x7fd3b20190,lr=0x5f5c8f4734,sp=0x7fd3b20180,pc=0x7c0c1d9700]
[15012|15012] event_addr:0x7c0c1d9700 hit_count:534, Regs:
[x0=0x1,x1=0x5f5c8f3598,x2=0x1,x3=0x7fd3b201e8,x4=0x0,x5=0x1414d4c,x6=0x1414d4c,x7=0x0,x8=0x9b504536b1897347,x9=0x9b504536b1897347,x10=0x9b504536b1897347,x11=0x3e8,x12=0x3,x13=0x706f6f6c5f657469,x14=0x7c0fa4e280,x15=0x0,x16=0x5f5c8f5a00,x17=0x7c0c1d9700,x18=0x7c0f35c000,x19=0x5f5c8f470c,x20=0x1,x21=0x1,x22=0x7fd3b20218,x23=0x7fd3b20220,x24=0x0,x25=0x0,x26=0x0,x27=0x0,x28=0x0,x29=0x7fd3b20190,lr=0x5f5c8f4734,sp=0x7fd3b20180,pc=0x7c0c1d9700]
[15012|15012] event_addr:0x7c0c1d9700 hit_count:535, Regs:
[x0=0x1,x1=0x5f5c8f3598,x2=0x1,x3=0x7fd3b201e8,x4=0x0,x5=0x1414d4c,x6=0x1414d4c,x7=0x0,x8=0x9b504536b1897347,x9=0x9b504536b1897347,x10=0x9b504536b1897347,x11=0x3e8,x12=0x3,x13=0x706f6f6c5f657469,x14=0x7c0fa4e280,x15=0x0,x16=0x5f5c8f5a00,x17=0x7c0c1d9700,x18=0x7c0f35c000,x19=0x5f5c8f470c,x20=0x1,x21=0x1,x22=0x7fd3b20218,x23=0x7fd3b20220,x24=0x0,x25=0x0,x26=0x0,x27=0x0,x28=0x0,x29=0x7fd3b20190,lr=0x5f5c8f4734,sp=0x7fd3b20180,pc=0x7c0c1d9700]
[15012|15012] event_addr:0x7c0c1d9700 hit_count:536, Regs:
[x0=0x1,x1=0x5f5c8f3598,x2=0x1,x3=0x7fd3b201e8,x4=0x0,x5=0x1414d4c,x6=0x1414d4c,x7=0x0,x8=0x9b504536b1897347,x9=0x9b504536b1897347,x10=0x9b504536b1897347,x11=0x3e8,x12=0x3,x13=0x706f6f6c5f657469,x14=0x7c0fa4e280,x15=0x0,x16=0x5f5c8f5a00,x17=0x7c0c1d9700,x18=0x7c0f35c000,x19=0x5f5c8f470c,x20=0x1,x21=0x1,x22=0x7fd3b20218,x23=0x7fd3b20220,x24=0x0,x25=0x0,x26=0x0,x27=0x0,x28=0x0,x29=0x7fd3b20190,lr=0x5f5c8f4734,sp=0x7fd3b20180,pc=0x7c0c1d9700]
[15012|15012] event_addr:0x7c0c1d9700 hit_count:537, Regs:
[x0=0x1,x1=0x5f5c8f3598,x2=0x1,x3=0x7fd3b201e8,x4=0x0,x5=0x1414d4c,x6=0x1414d4c,x7=0x0,x8=0x9b504536b1897347,x9=0x9b504536b1897347,x10=0x9b504536b1897347,x11=0x3e8,x12=0x3,x13=0x706f6f6c5f657469,x14=0x7c0fa4e280,x15=0x0,x16=0x5f5c8f5a00,x17=0x7c0c1d9700,x18=0x7c0f35c000,x19=0x5f5c8f470c,x20=0x1,x21=0x1,x22=0x7fd3b20218,x23=0x7fd3b20220,x24=0x0,x25=0x0,x26=0x0,x27=0x0,x28=0x0,x29=0x7fd3b20190,lr=0x5f5c8f4734,sp=0x7fd3b20180,pc=0x7c0c1d9700]
[15012|15012] event_addr:0x7c0c1d9700 hit_count:538, Regs:
[x0=0x1,x1=0x5f5c8f3598,x2=0x1,x3=0x7fd3b201e8,x4=0x0,x5=0x1414d4c,x6=0x1414d4c,x7=0x0,x8=0x9b504536b1897347,x9=0x9b504536b1897347,x10=0x9b504536b1897347,x11=0x3e8,x12=0x3,x13=0x706f6f6c5f657469,x14=0x7c0fa4e280,x15=0x0,x16=0x5f5c8f5a00,x17=0x7c0c1d9700,x18=0x7c0f35c000,x19=0x5f5c8f470c,x20=0x1,x21=0x1,x22=0x7fd3b20218,x23=0x7fd3b20220,x24=0x0,x25=0x0,x26=0x0,x27=0x0,x28=0x0,x29=0x7fd3b20190,lr=0x5f5c8f4734,sp=0x7fd3b20180,pc=0x7c0c1d9700]
[15012|15012] event_addr:0x7c0c1d9700 hit_count:539, Regs:
[x0=0x1,x1=0x5f5c8f3598,x2=0x1,x3=0x7fd3b201e8,x4=0x0,x5=0x1414d4c,x6=0x1414d4c,x7=0x0,x8=0x9b504536b1897347,x9=0x9b504536b1897347,x10=0x9b504536b1897347,x11=0x3e8,x12=0x3,x13=0x706f6f6c5f657469,x14=0x7c0fa4e280,x15=0x0,x16=0x5f5c8f5a00,x17=0x7c0c1d9700,x18=0x7c0f35c000,x19=0x5f5c8f470c,x20=0x1,x21=0x1,x22=0x7fd3b20218,x23=0x7fd3b20220,x24=0x0,x25=0x0,x26=0x0,x27=0x0,x28=0x0,x29=0x7fd3b20190,lr=0x5f5c8f4734,sp=0x7fd3b20180,pc=0x7c0c1d9700]
[15012|15012] event_addr:0x7c0c1d9700 hit_count:540, Regs:
[x0=0x1,x1=0x5f5c8f3598,x2=0x1,x3=0x7fd3b201e8,x4=0x0,x5=0x1414d4c,x6=0x1414d4c,x7=0x0,x8=0x9b504536b1897347,x9=0x9b504536b1897347,x10=0x9b504536b1897347,x11=0x3e8,x12=0x3,x13=0x706f6f6c5f657469,x14=0x7c0fa4e280,x15=0x0,x16=0x5f5c8f5a00,x17=0x7c0c1d9700,x18=0x7c0f35c000,x19=0x5f5c8f470c,x20=0x1,x21=0x1,x22=0x7fd3b20218,x23=0x7fd3b20220,x24=0x0,x25=0x0,x26=0x0,x27=0x0,x28=0x0,x29=0x7fd3b20190,lr=0x5f5c8f4734,sp=0x7fd3b20180,pc=0x7c0c1d9700]
[15012|15012] event_addr:0x7c0c1d9700 hit_count:541, Regs:
[x0=0x1,x1=0x5f5c8f3598,x2=0x1,x3=0x7fd3b201e8,x4=0x0,x5=0x1414d4c,x6=0x1414d4c,x7=0x0,x8=0x9b504536b1897347,x9=0x9b504536b1897347,x10=0x9b504536b1897347,x11=0x3e8,x12=0x3,x13=0x706f6f6c5f657469,x14=0x7c0fa4e280,x15=0x0,x16=0x5f5c8f5a00,x17=0x7c0c1d9700,x18=0x7c0f35c000,x19=0x5f5c8f470c,x20=0x1,x21=0x1,x22=0x7fd3b20218,x23=0x7fd3b20220,x24=0x0,x25=0x0,x26=0x0,x27=0x0,x28=0x0,x29=0x7fd3b20190,lr=0x5f5c8f4734,sp=0x7fd3b20180,pc=0x7c0c1d9700]
[15012|15012] event_addr:0x7c0c1d9700 hit_count:542, Regs:
[x0=0x1,x1=0x5f5c8f3598,x2=0x1,x3=0x7fd3b201e8,x4=0x0,x5=0x1414d4c,x6=0x1414d4c,x7=0x0,x8=0x9b504536b1897347,x9=0x9b504536b1897347,x10=0x9b504536b1897347,x11=0x3e8,x12=0x3,x13=0x706f6f6c5f657469,x14=0x7c0fa4e280,x15=0x0,x16=0x5f5c8f5a00,x17=0x7c0c1d9700,x18=0x7c0f35c000,x19=0x5f5c8f470c,x20=0x1,x21=0x1,x22=0x7fd3b20218,x23=0x7fd3b20220,x24=0x0,x25=0x0,x26=0x0,x27=0x0,x28=0x0,x29=0x7fd3b20190,lr=0x5f5c8f4734,sp=0x7fd3b20180,pc=0x7c0c1d9700]
[15012|15012] event_addr:0x7c0c1d9700 hit_count:543, Regs:
[x0=0x1,x1=0x5f5c8f3598,x2=0x1,x3=0x7fd3b201e8,x4=0x0,x5=0x1414d4c,x6=0x1414d4c,x7=0x0,x8=0x9b504536b1897347,x9=0x9b504536b1897347,x10=0x9b504536b1897347,x11=0x3e8,x12=0x3,x13=0x706f6f6c5f657469,x14=0x7c0fa4e280,x15=0x0,x16=0x5f5c8f5a00,x17=0x7c0c1d9700,x18=0x7c0f35c000,x19=0x5f5c8f470c,x20=0x1,x21=0x1,x22=0x7fd3b20218,x23=0x7fd3b20220,x24=0x0,x25=0x0,x26=0x0,x27=0x0,x28=0x0,x29=0x7fd3b20190,lr=0x5f5c8f4734,sp=0x7fd3b20180,pc=0x7c0c1d9700]
[15012|15012] event_addr:0x7c0c1d9700 hit_count:544, Regs:
[x0=0x1,x1=0x5f5c8f3598,x2=0x1,x3=0x7fd3b201e8,x4=0x0,x5=0x1414d4c,x6=0x1414d4c,x7=0x0,x8=0x9b504536b1897347,x9=0x9b504536b1897347,x10=0x9b504536b1897347,x11=0x3e8,x12=0x3,x13=0x706f6f6c5f657469,x14=0x7c0fa4e280,x15=0x0,x16=0x5f5c8f5a00,x17=0x7c0c1d9700,x18=0x7c0f35c000,x19=0x5f5c8f470c,x20=0x1,x21=0x1,x22=0x7fd3b20218,x23=0x7fd3b20220,x24=0x0,x25=0x0,x26=0x0,x27=0x0,x28=0x0,x29=0x7fd3b20190,lr=0x5f5c8f4734,sp=0x7fd3b20180,pc=0x7c0c1d9700]
[15012|15012] event_addr:0x7c0c1d9700 hit_count:545, Regs:
[x0=0x1,x1=0x5f5c8f3598,x2=0x1,x3=0x7fd3b201e8,x4=0x0,x5=0x1414d4c,x6=0x1414d4c,x7=0x0,x8=0x9b504536b1897347,x9=0x9b504536b1897347,x10=0x9b504536b1897347,x11=0x3e8,x12=0x3,x13=0x706f6f6c5f657469,x14=0x7c0fa4e280,x15=0x0,x16=0x5f5c8f5a00,x17=0x7c0c1d9700,x18=0x7c0f35c000,x19=0x5f5c8f470c,x20=0x1,x21=0x1,x22=0x7fd3b20218,x23=0x7fd3b20220,x24=0x0,x25=0x0,x26=0x0,x27=0x0,x28=0x0,x29=0x7fd3b20190,lr=0x5f5c8f4734,sp=0x7fd3b20180,pc=0x7c0c1d9700]
[15012|15012] event_addr:0x7c0c1d9700 hit_count:546, Regs:
[x0=0x1,x1=0x5f5c8f3598,x2=0x1,x3=0x7fd3b201e8,x4=0x0,x5=0x1414d4c,x6=0x1414d4c,x7=0x0,x8=0x9b504536b1897347,x9=0x9b504536b1897347,x10=0x9b504536b1897347,x11=0x3e8,x12=0x3,x13=0x706f6f6c5f657469,x14=0x7c0fa4e280,x15=0x0,x16=0x5f5c8f5a00,x17=0x7c0c1d9700,x18=0x7c0f35c000,x19=0x5f5c8f470c,x20=0x1,x21=0x1,x22=0x7fd3b20218,x23=0x7fd3b20220,x24=0x0,x25=0x0,x26=0x0,x27=0x0,x28=0x0,x29=0x7fd3b20190,lr=0x5f5c8f4734,sp=0x7fd3b20180,pc=0x7c0c1d9700]
[15012|15012] event_addr:0x7c0c1d9700 hit_count:547, Regs:
[x0=0x1,x1=0x5f5c8f3598,x2=0x1,x3=0x7fd3b201e8,x4=0x0,x5=0x1414d4c,x6=0x1414d4c,x7=0x0,x8=0x9b504536b1897347,x9=0x9b504536b1897347,x10=0x9b504536b1897347,x11=0x3e8,x12=0x3,x13=0x706f6f6c5f657469,x14=0x7c0fa4e280,x15=0x0,x16=0x5f5c8f5a00,x17=0x7c0c1d9700,x18=0x7c0f35c000,x19=0x5f5c8f470c,x20=0x1,x21=0x1,x22=0x7fd3b20218,x23=0x7fd3b20220,x24=0x0,x25=0x0,x26=0x0,x27=0x0,x28=0x0,x29=0x7fd3b20190,lr=0x5f5c8f4734,sp=0x7fd3b20180,pc=0x7c0c1d9700]
[15012|15012] event_addr:0x7c0c1d9700 hit_count:548, Regs:
[x0=0x1,x1=0x5f5c8f3598,x2=0x1,x3=0x7fd3b201e8,x4=0x0,x5=0x1414d4c,x6=0x1414d4c,x7=0x0,x8=0x9b504536b1897347,x9=0x9b504536b1897347,x10=0x9b504536b1897347,x11=0x3e8,x12=0x3,x13=0x706f6f6c5f657469,x14=0x7c0fa4e280,x15=0x0,x16=0x5f5c8f5a00,x17=0x7c0c1d9700,x18=0x7c0f35c000,x19=0x5f5c8f470c,x20=0x1,x21=0x1,x22=0x7fd3b20218,x23=0x7fd3b20220,x24=0x0,x25=0x0,x26=0x0,x27=0x0,x28=0x0,x29=0x7fd3b20190,lr=0x5f5c8f4734,sp=0x7fd3b20180,pc=0x7c0c1d9700]
[15012|15012] event_addr:0x7c0c1d9700 hit_count:549, Regs:
[x0=0x1,x1=0x5f5c8f3598,x2=0x1,x3=0x7fd3b201e8,x4=0x0,x5=0x1414d4c,x6=0x1414d4c,x7=0x0,x8=0x9b504536b1897347,x9=0x9b504536b1897347,x10=0x9b504536b1897347,x11=0x3e8,x12=0x3,x13=0x706f6f6c5f657469,x14=0x7c0fa4e280,x15=0x0,x16=0x5f5c8f5a00,x17=0x7c0c1d9700,x18=0x7c0f35c000,x19=0x5f5c8f470c,x20=0x1,x21=0x1,x22=0x7fd3b20218,x23=0x7fd3b20220,x24=0x0,x25=0x0,x26=0x0,x27=0x0,x28=0x0,x29=0x7fd3b20190,lr=0x5f5c8f4734,sp=0x7fd3b20180,pc=0x7c0c1d9700]
[15012|15012] event_addr:0x7c0c1d9700 hit_count:550, Regs:
[x0=0x1,x1=0x5f5c8f3598,x2=0x1,x3=0x7fd3b201e8,x4=0x0,x5=0x1414d4c,x6=0x1414d4c,x7=0x0,x8=0x9b504536b1897347,x9=0x9b504536b1897347,x10=0x9b504536b1897347,x11=0x3e8,x12=0x3,x13=0x706f6f6c5f657469,x14=0x7c0fa4e280,x15=0x0,x16=0x5f5c8f5a00,x17=0x7c0c1d9700,x18=0x7c0f35c000,x19=0x5f5c8f470c,x20=0x1,x21=0x1,x22=0x7fd3b20218,x23=0x7fd3b20220,x24=0x0,x25=0x0,x26=0x0,x27=0x0,x28=0x0,x29=0x7fd3b20190,lr=0x5f5c8f4734,sp=0x7fd3b20180,pc=0x7c0c1d9700]
[15012|15012] event_addr:0x7c0c1d9700 hit_count:551, Regs:
[x0=0x1,x1=0x5f5c8f3598,x2=0x1,x3=0x7fd3b201e8,x4=0x0,x5=0x1414d4c,x6=0x1414d4c,x7=0x0,x8=0x9b504536b1897347,x9=0x9b504536b1897347,x10=0x9b504536b1897347,x11=0x3e8,x12=0x3,x13=0x706f6f6c5f657469,x14=0x7c0fa4e280,x15=0x0,x16=0x5f5c8f5a00,x17=0x7c0c1d9700,x18=0x7c0f35c000,x19=0x5f5c8f470c,x20=0x1,x21=0x1,x22=0x7fd3b20218,x23=0x7fd3b20220,x24=0x0,x25=0x0,x26=0x0,x27=0x0,x28=0x0,x29=0x7fd3b20190,lr=0x5f5c8f4734,sp=0x7fd3b20180,pc=0x7c0c1d9700]
[15012|15012] event_addr:0x7c0c1d9700 hit_count:552, Regs:
[x0=0x1,x1=0x5f5c8f3598,x2=0x1,x3=0x7fd3b201e8,x4=0x0,x5=0x1414d4c,x6=0x1414d4c,x7=0x0,x8=0x9b504536b1897347,x9=0x9b504536b1897347,x10=0x9b504536b1897347,x11=0x3e8,x12=0x3,x13=0x706f6f6c5f657469,x14=0x7c0fa4e280,x15=0x0,x16=0x5f5c8f5a00,x17=0x7c0c1d9700,x18=0x7c0f35c000,x19=0x5f5c8f470c,x20=0x1,x21=0x1,x22=0x7fd3b20218,x23=0x7fd3b20220,x24=0x0,x25=0x0,x26=0x0,x27=0x0,x28=0x0,x29=0x7fd3b20190,lr=0x5f5c8f4734,sp=0x7fd3b20180,pc=0x7c0c1d9700]
[15012|15012] event_addr:0x7c0c1d9700 hit_count:553, Regs:
[x0=0x1,x1=0x5f5c8f3598,x2=0x1,x3=0x7fd3b201e8,x4=0x0,x5=0x1414d4c,x6=0x1414d4c,x7=0x0,x8=0x9b504536b1897347,x9=0x9b504536b1897347,x10=0x9b504536b1897347,x11=0x3e8,x12=0x3,x13=0x706f6f6c5f657469,x14=0x7c0fa4e280,x15=0x0,x16=0x5f5c8f5a00,x17=0x7c0c1d9700,x18=0x7c0f35c000,x19=0x5f5c8f470c,x20=0x1,x21=0x1,x22=0x7fd3b20218,x23=0x7fd3b20220,x24=0x0,x25=0x0,x26=0x0,x27=0x0,x28=0x0,x29=0x7fd3b20190,lr=0x5f5c8f4734,sp=0x7fd3b20180,pc=0x7c0c1d9700]
[15012|15012] event_addr:0x7c0c1d9700 hit_count:554, Regs:
[x0=0x1,x1=0x5f5c8f3598,x2=0x1,x3=0x7fd3b201e8,x4=0x0,x5=0x1414d4c,x6=0x1414d4c,x7=0x0,x8=0x9b504536b1897347,x9=0x9b504536b1897347,x10=0x9b504536b1897347,x11=0x3e8,x12=0x3,x13=0x706f6f6c5f657469,x14=0x7c0fa4e280,x15=0x0,x16=0x5f5c8f5a00,x17=0x7c0c1d9700,x18=0x7c0f35c000,x19=0x5f5c8f470c,x20=0x1,x21=0x1,x22=0x7fd3b20218,x23=0x7fd3b20220,x24=0x0,x25=0x0,x26=0x0,x27=0x0,x28=0x0,x29=0x7fd3b20190,lr=0x5f5c8f4734,sp=0x7fd3b20180,pc=0x7c0c1d9700]
[15012|15012] event_addr:0x7c0c1d9700 hit_count:555, Regs:
[x0=0x1,x1=0x5f5c8f3598,x2=0x1,x3=0x7fd3b201e8,x4=0x0,x5=0x1414d4c,x6=0x1414d4c,x7=0x0,x8=0x9b504536b1897347,x9=0x9b504536b1897347,x10=0x9b504536b1897347,x11=0x3e8,x12=0x3,x13=0x706f6f6c5f657469,x14=0x7c0fa4e280,x15=0x0,x16=0x5f5c8f5a00,x17=0x7c0c1d9700,x18=0x7c0f35c000,x19=0x5f5c8f470c,x20=0x1,x21=0x1,x22=0x7fd3b20218,x23=0x7fd3b20220,x24=0x0,x25=0x0,x26=0x0,x27=0x0,x28=0x0,x29=0x7fd3b20190,lr=0x5f5c8f4734,sp=0x7fd3b20180,pc=0x7c0c1d9700]
[15012|15012] event_addr:0x7c0c1d9700 hit_count:556, Regs:
[x0=0x1,x1=0x5f5c8f3598,x2=0x1,x3=0x7fd3b201e8,x4=0x0,x5=0x1414d4c,x6=0x1414d4c,x7=0x0,x8=0x9b504536b1897347,x9=0x9b504536b1897347,x10=0x9b504536b1897347,x11=0x3e8,x12=0x3,x13=0x706f6f6c5f657469,x14=0x7c0fa4e280,x15=0x0,x16=0x5f5c8f5a00,x17=0x7c0c1d9700,x18=0x7c0f35c000,x19=0x5f5c8f470c,x20=0x1,x21=0x1,x22=0x7fd3b20218,x23=0x7fd3b20220,x24=0x0,x25=0x0,x26=0x0,x27=0x0,x28=0x0,x29=0x7fd3b20190,lr=0x5f5c8f4734,sp=0x7fd3b20180,pc=0x7c0c1d9700]
[15012|15012] event_addr:0x7c0c1d9700 hit_count:557, Regs:
[x0=0x1,x1=0x5f5c8f3598,x2=0x1,x3=0x7fd3b201e8,x4=0x0,x5=0x1414d4c,x6=0x1414d4c,x7=0x0,x8=0x9b504536b1897347,x9=0x9b504536b1897347,x10=0x9b504536b1897347,x11=0x3e8,x12=0x3,x13=0x706f6f6c5f657469,x14=0x7c0fa4e280,x15=0x0,x16=0x5f5c8f5a00,x17=0x7c0c1d9700,x18=0x7c0f35c000,x19=0x5f5c8f470c,x20=0x1,x21=0x1,x22=0x7fd3b20218,x23=0x7fd3b20220,x24=0x0,x25=0x0,x26=0x0,x27=0x0,x28=0x0,x29=0x7fd3b20190,lr=0x5f5c8f4734,sp=0x7fd3b20180,pc=0x7c0c1d9700]
[15012|15012] event_addr:0x7c0c1d9700 hit_count:558, Regs:
[x0=0x1,x1=0x5f5c8f3598,x2=0x1,x3=0x7fd3b201e8,x4=0x0,x5=0x1414d4c,x6=0x1414d4c,x7=0x0,x8=0x9b504536b1897347,x9=0x9b504536b1897347,x10=0x9b504536b1897347,x11=0x3e8,x12=0x3,x13=0x706f6f6c5f657469,x14=0x7c0fa4e280,x15=0x0,x16=0x5f5c8f5a00,x17=0x7c0c1d9700,x18=0x7c0f35c000,x19=0x5f5c8f470c,x20=0x1,x21=0x1,x22=0x7fd3b20218,x23=0x7fd3b20220,x24=0x0,x25=0x0,x26=0x0,x27=0x0,x28=0x0,x29=0x7fd3b20190,lr=0x5f5c8f4734,sp=0x7fd3b20180,pc=0x7c0c1d9700]
[15012|15012] event_addr:0x7c0c1d9700 hit_count:559, Regs:
[x0=0x1,x1=0x5f5c8f3598,x2=0x1,x3=0x7fd3b201e8,x4=0x0,x5=0x1414d4c,x6=0x1414d4c,x7=0x0,x8=0x9b504536b1897347,x9=0x9b504536b1897347,x10=0x9b504536b1897347,x11=0x3e8,x12=0x3,x13=0x706f6f6c5f657469,x14=0x7c0fa4e280,x15=0x0,x16=0x5f5c8f5a00,x17=0x7c0c1d9700,x18=0x7c0f35c000,x19=0x5f5c8f470c,x20=0x1,x21=0x1,x22=0x7fd3b20218,x23=0x7fd3b20220,x24=0x0,x25=0x0,x26=0x0,x27=0x0,x28=0x0,x29=0x7fd3b20190,lr=0x5f5c8f4734,sp=0x7fd3b20180,pc=0x7c0c1d9700]
[15012|15012] event_addr:0x7c0c1d9700 hit_count:560, Regs:
[x0=0x1,x1=0x5f5c8f3598,x2=0x1,x3=0x7fd3b201e8,x4=0x0,x5=0x1414d4c,x6=0x1414d4c,x7=0x0,x8=0x9b504536b1897347,x9=0x9b504536b1897347,x10=0x9b504536b1897347,x11=0x3e8,x12=0x3,x13=0x706f6f6c5f657469,x14=0x7c0fa4e280,x15=0x0,x16=0x5f5c8f5a00,x17=0x7c0c1d9700,x18=0x7c0f35c000,x19=0x5f5c8f470c,x20=0x1,x21=0x1,x22=0x7fd3b20218,x23=0x7fd3b20220,x24=0x0,x25=0x0,x26=0x0,x27=0x0,x28=0x0,x29=0x7fd3b20190,lr=0x5f5c8f4734,sp=0x7fd3b20180,pc=0x7c0c1d9700]
[15012|15012] event_addr:0x7c0c1d9700 hit_count:561, Regs:
[x0=0x1,x1=0x5f5c8f3598,x2=0x1,x3=0x7fd3b201e8,x4=0x0,x5=0x1414d4c,x6=0x1414d4c,x7=0x0,x8=0x9b504536b1897347,x9=0x9b504536b1897347,x10=0x9b504536b1897347,x11=0x3e8,x12=0x3,x13=0x706f6f6c5f657469,x14=0x7c0fa4e280,x15=0x0,x16=0x5f5c8f5a00,x17=0x7c0c1d9700,x18=0x7c0f35c000,x19=0x5f5c8f470c,x20=0x1,x21=0x1,x22=0x7fd3b20218,x23=0x7fd3b20220,x24=0x0,x25=0x0,x26=0x0,x27=0x0,x28=0x0,x29=0x7fd3b20190,lr=0x5f5c8f4734,sp=0x7fd3b20180,pc=0x7c0c1d9700]
[15012|15012] event_addr:0x7c0c1d9700 hit_count:562, Regs:
[x0=0x1,x1=0x5f5c8f3598,x2=0x1,x3=0x7fd3b201e8,x4=0x0,x5=0x1414d4c,x6=0x1414d4c,x7=0x0,x8=0x9b504536b1897347,x9=0x9b504536b1897347,x10=0x9b504536b1897347,x11=0x3e8,x12=0x3,x13=0x706f6f6c5f657469,x14=0x7c0fa4e280,x15=0x0,x16=0x5f5c8f5a00,x17=0x7c0c1d9700,x18=0x7c0f35c000,x19=0x5f5c8f470c,x20=0x1,x21=0x1,x22=0x7fd3b20218,x23=0x7fd3b20220,x24=0x0,x25=0x0,x26=0x0,x27=0x0,x28=0x0,x29=0x7fd3b20190,lr=0x5f5c8f4734,sp=0x7fd3b20180,pc=0x7c0c1d9700]
[15012|15012] event_addr:0x7c0c1d9700 hit_count:563, Regs:
[x0=0x1,x1=0x5f5c8f3598,x2=0x1,x3=0x7fd3b201e8,x4=0x0,x5=0x1414d4c,x6=0x1414d4c,x7=0x0,x8=0x9b504536b1897347,x9=0x9b504536b1897347,x10=0x9b504536b1897347,x11=0x3e8,x12=0x3,x13=0x706f6f6c5f657469,x14=0x7c0fa4e280,x15=0x0,x16=0x5f5c8f5a00,x17=0x7c0c1d9700,x18=0x7c0f35c000,x19=0x5f5c8f470c,x20=0x1,x21=0x1,x22=0x7fd3b20218,x23=0x7fd3b20220,x24=0x0,x25=0x0,x26=0x0,x27=0x0,x28=0x0,x29=0x7fd3b20190,lr=0x5f5c8f4734,sp=0x7fd3b20180,pc=0x7c0c1d9700]
[15012|15012] event_addr:0x7c0c1d9700 hit_count:564, Regs:
[x0=0x1,x1=0x5f5c8f3598,x2=0x1,x3=0x7fd3b201e8,x4=0x0,x5=0x1414d4c,x6=0x1414d4c,x7=0x0,x8=0x9b504536b1897347,x9=0x9b504536b1897347,x10=0x9b504536b1897347,x11=0x3e8,x12=0x3,x13=0x706f6f6c5f657469,x14=0x7c0fa4e280,x15=0x0,x16=0x5f5c8f5a00,x17=0x7c0c1d9700,x18=0x7c0f35c000,x19=0x5f5c8f470c,x20=0x1,x21=0x1,x22=0x7fd3b20218,x23=0x7fd3b20220,x24=0x0,x25=0x0,x26=0x0,x27=0x0,x28=0x0,x29=0x7fd3b20190,lr=0x5f5c8f4734,sp=0x7fd3b20180,pc=0x7c0c1d9700]
[15012|15012] event_addr:0x7c0c1d9700 hit_count:565, Regs:
[x0=0x1,x1=0x5f5c8f3598,x2=0x1,x3=0x7fd3b201e8,x4=0x0,x5=0x1414d4c,x6=0x1414d4c,x7=0x0,x8=0x9b504536b1897347,x9=0x9b504536b1897347,x10=0x9b504536b1897347,x11=0x3e8,x12=0x3,x13=0x706f6f6c5f657469,x14=0x7c0fa4e280,x15=0x0,x16=0x5f5c8f5a00,x17=0x7c0c1d9700,x18=0x7c0f35c000,x19=0x5f5c8f470c,x20=0x1,x21=0x1,x22=0x7fd3b20218,x23=0x7fd3b20220,x24=0x0,x25=0x0,x26=0x0,x27=0x0,x28=0x0,x29=0x7fd3b20190,lr=0x5f5c8f4734,sp=0x7fd3b20180,pc=0x7c0c1d9700]
[15012|15012] event_addr:0x7c0c1d9700 hit_count:566, Regs:
[x0=0x1,x1=0x5f5c8f3598,x2=0x1,x3=0x7fd3b201e8,x4=0x0,x5=0x1414d4c,x6=0x1414d4c,x7=0x0,x8=0x9b504536b1897347,x9=0x9b504536b1897347,x10=0x9b504536b1897347,x11=0x3e8,x12=0x3,x13=0x706f6f6c5f657469,x14=0x7c0fa4e280,x15=0x0,x16=0x5f5c8f5a00,x17=0x7c0c1d9700,x18=0x7c0f35c000,x19=0x5f5c8f470c,x20=0x1,x21=0x1,x22=0x7fd3b20218,x23=0x7fd3b20220,x24=0x0,x25=0x0,x26=0x0,x27=0x0,x28=0x0,x29=0x7fd3b20190,lr=0x5f5c8f4734,sp=0x7fd3b20180,pc=0x7c0c1d9700]
[15012|15012] event_addr:0x7c0c1d9700 hit_count:567, Regs:
[x0=0x1,x1=0x5f5c8f3598,x2=0x1,x3=0x7fd3b201e8,x4=0x0,x5=0x1414d4c,x6=0x1414d4c,x7=0x0,x8=0x9b504536b1897347,x9=0x9b504536b1897347,x10=0x9b504536b1897347,x11=0x3e8,x12=0x3,x13=0x706f6f6c5f657469,x14=0x7c0fa4e280,x15=0x0,x16=0x5f5c8f5a00,x17=0x7c0c1d9700,x18=0x7c0f35c000,x19=0x5f5c8f470c,x20=0x1,x21=0x1,x22=0x7fd3b20218,x23=0x7fd3b20220,x24=0x0,x25=0x0,x26=0x0,x27=0x0,x28=0x0,x29=0x7fd3b20190,lr=0x5f5c8f4734,sp=0x7fd3b20180,pc=0x7c0c1d9700]
[15012|15012] event_addr:0x7c0c1d9700 hit_count:568, Regs:
[x0=0x1,x1=0x5f5c8f3598,x2=0x1,x3=0x7fd3b201e8,x4=0x0,x5=0x1414d4c,x6=0x1414d4c,x7=0x0,x8=0x9b504536b1897347,x9=0x9b504536b1897347,x10=0x9b504536b1897347,x11=0x3e8,x12=0x3,x13=0x706f6f6c5f657469,x14=0x7c0fa4e280,x15=0x0,x16=0x5f5c8f5a00,x17=0x7c0c1d9700,x18=0x7c0f35c000,x19=0x5f5c8f470c,x20=0x1,x21=0x1,x22=0x7fd3b20218,x23=0x7fd3b20220,x24=0x0,x25=0x0,x26=0x0,x27=0x0,x28=0x0,x29=0x7fd3b20190,lr=0x5f5c8f4734,sp=0x7fd3b20180,pc=0x7c0c1d9700]
[15012|15012] event_addr:0x7c0c1d9700 hit_count:569, Regs:
[x0=0x1,x1=0x5f5c8f3598,x2=0x1,x3=0x7fd3b201e8,x4=0x0,x5=0x1414d4c,x6=0x1414d4c,x7=0x0,x8=0x9b504536b1897347,x9=0x9b504536b1897347,x10=0x9b504536b1897347,x11=0x3e8,x12=0x3,x13=0x706f6f6c5f657469,x14=0x7c0fa4e280,x15=0x0,x16=0x5f5c8f5a00,x17=0x7c0c1d9700,x18=0x7c0f35c000,x19=0x5f5c8f470c,x20=0x1,x21=0x1,x22=0x7fd3b20218,x23=0x7fd3b20220,x24=0x0,x25=0x0,x26=0x0,x27=0x0,x28=0x0,x29=0x7fd3b20190,lr=0x5f5c8f4734,sp=0x7fd3b20180,pc=0x7c0c1d9700]
[15012|15012] event_addr:0x7c0c1d9700 hit_count:570, Regs:
[x0=0x1,x1=0x5f5c8f3598,x2=0x1,x3=0x7fd3b201e8,x4=0x0,x5=0x1414d4c,x6=0x1414d4c,x7=0x0,x8=0x9b504536b1897347,x9=0x9b504536b1897347,x10=0x9b504536b1897347,x11=0x3e8,x12=0x3,x13=0x706f6f6c5f657469,x14=0x7c0fa4e280,x15=0x0,x16=0x5f5c8f5a00,x17=0x7c0c1d9700,x18=0x7c0f35c000,x19=0x5f5c8f470c,x20=0x1,x21=0x1,x22=0x7fd3b20218,x23=0x7fd3b20220,x24=0x0,x25=0x0,x26=0x0,x27=0x0,x28=0x0,x29=0x7fd3b20190,lr=0x5f5c8f4734,sp=0x7fd3b20180,pc=0x7c0c1d9700]
[15012|15012] event_addr:0x7c0c1d9700 hit_count:571, Regs:
[x0=0x1,x1=0x5f5c8f3598,x2=0x1,x3=0x7fd3b201e8,x4=0x0,x5=0x1414d4c,x6=0x1414d4c,x7=0x0,x8=0x9b504536b1897347,x9=0x9b504536b1897347,x10=0x9b504536b1897347,x11=0x3e8,x12=0x3,x13=0x706f6f6c5f657469,x14=0x7c0fa4e280,x15=0x0,x16=0x5f5c8f5a00,x17=0x7c0c1d9700,x18=0x7c0f35c000,x19=0x5f5c8f470c,x20=0x1,x21=0x1,x22=0x7fd3b20218,x23=0x7fd3b20220,x24=0x0,x25=0x0,x26=0x0,x27=0x0,x28=0x0,x29=0x7fd3b20190,lr=0x5f5c8f4734,sp=0x7fd3b20180,pc=0x7c0c1d9700]
[15012|15012] event_addr:0x7c0c1d9700 hit_count:572, Regs:
[x0=0x1,x1=0x5f5c8f3598,x2=0x1,x3=0x7fd3b201e8,x4=0x0,x5=0x1414d4c,x6=0x1414d4c,x7=0x0,x8=0x9b504536b1897347,x9=0x9b504536b1897347,x10=0x9b504536b1897347,x11=0x3e8,x12=0x3,x13=0x706f6f6c5f657469,x14=0x7c0fa4e280,x15=0x0,x16=0x5f5c8f5a00,x17=0x7c0c1d9700,x18=0x7c0f35c000,x19=0x5f5c8f470c,x20=0x1,x21=0x1,x22=0x7fd3b20218,x23=0x7fd3b20220,x24=0x0,x25=0x0,x26=0x0,x27=0x0,x28=0x0,x29=0x7fd3b20190,lr=0x5f5c8f4734,sp=0x7fd3b20180,pc=0x7c0c1d9700]
[15012|15012] event_addr:0x7c0c1d9700 hit_count:573, Regs:
[x0=0x1,x1=0x5f5c8f3598,x2=0x1,x3=0x7fd3b201e8,x4=0x0,x5=0x1414d4c,x6=0x1414d4c,x7=0x0,x8=0x9b504536b1897347,x9=0x9b504536b1897347,x10=0x9b504536b1897347,x11=0x3e8,x12=0x3,x13=0x706f6f6c5f657469,x14=0x7c0fa4e280,x15=0x0,x16=0x5f5c8f5a00,x17=0x7c0c1d9700,x18=0x7c0f35c000,x19=0x5f5c8f470c,x20=0x1,x21=0x1,x22=0x7fd3b20218,x23=0x7fd3b20220,x24=0x0,x25=0x0,x26=0x0,x27=0x0,x28=0x0,x29=0x7fd3b20190,lr=0x5f5c8f4734,sp=0x7fd3b20180,pc=0x7c0c1d9700]
[15012|15012] event_addr:0x7c0c1d9700 hit_count:574, Regs:
[x0=0x1,x1=0x5f5c8f3598,x2=0x1,x3=0x7fd3b201e8,x4=0x0,x5=0x1414d4c,x6=0x1414d4c,x7=0x0,x8=0x9b504536b1897347,x9=0x9b504536b1897347,x10=0x9b504536b1897347,x11=0x3e8,x12=0x3,x13=0x706f6f6c5f657469,x14=0x7c0fa4e280,x15=0x0,x16=0x5f5c8f5a00,x17=0x7c0c1d9700,x18=0x7c0f35c000,x19=0x5f5c8f470c,x20=0x1,x21=0x1,x22=0x7fd3b20218,x23=0x7fd3b20220,x24=0x0,x25=0x0,x26=0x0,x27=0x0,x28=0x0,x29=0x7fd3b20190,lr=0x5f5c8f4734,sp=0x7fd3b20180,pc=0x7c0c1d9700]
[15012|15012] event_addr:0x7c0c1d9700 hit_count:575, Regs:
[x0=0x1,x1=0x5f5c8f3598,x2=0x1,x3=0x7fd3b201e8,x4=0x0,x5=0x1414d4c,x6=0x1414d4c,x7=0x0,x8=0x9b504536b1897347,x9=0x9b504536b1897347,x10=0x9b504536b1897347,x11=0x3e8,x12=0x3,x13=0x706f6f6c5f657469,x14=0x7c0fa4e280,x15=0x0,x16=0x5f5c8f5a00,x17=0x7c0c1d9700,x18=0x7c0f35c000,x19=0x5f5c8f470c,x20=0x1,x21=0x1,x22=0x7fd3b20218,x23=0x7fd3b20220,x24=0x0,x25=0x0,x26=0x0,x27=0x0,x28=0x0,x29=0x7fd3b20190,lr=0x5f5c8f4734,sp=0x7fd3b20180,pc=0x7c0c1d9700]
[15012|15012] event_addr:0x7c0c1d9700 hit_count:576, Regs:
[x0=0x1,x1=0x5f5c8f3598,x2=0x1,x3=0x7fd3b201e8,x4=0x0,x5=0x1414d4c,x6=0x1414d4c,x7=0x0,x8=0x9b504536b1897347,x9=0x9b504536b1897347,x10=0x9b504536b1897347,x11=0x3e8,x12=0x3,x13=0x706f6f6c5f657469,x14=0x7c0fa4e280,x15=0x0,x16=0x5f5c8f5a00,x17=0x7c0c1d9700,x18=0x7c0f35c000,x19=0x5f5c8f470c,x20=0x1,x21=0x1,x22=0x7fd3b20218,x23=0x7fd3b20220,x24=0x0,x25=0x0,x26=0x0,x27=0x0,x28=0x0,x29=0x7fd3b20190,lr=0x5f5c8f4734,sp=0x7fd3b20180,pc=0x7c0c1d9700]
[15012|15012] event_addr:0x7c0c1d9700 hit_count:577, Regs:
[x0=0x1,x1=0x5f5c8f3598,x2=0x1,x3=0x7fd3b201e8,x4=0x0,x5=0x1414d4c,x6=0x1414d4c,x7=0x0,x8=0x9b504536b1897347,x9=0x9b504536b1897347,x10=0x9b504536b1897347,x11=0x3e8,x12=0x3,x13=0x706f6f6c5f657469,x14=0x7c0fa4e280,x15=0x0,x16=0x5f5c8f5a00,x17=0x7c0c1d9700,x18=0x7c0f35c000,x19=0x5f5c8f470c,x20=0x1,x21=0x1,x22=0x7fd3b20218,x23=0x7fd3b20220,x24=0x0,x25=0x0,x26=0x0,x27=0x0,x28=0x0,x29=0x7fd3b20190,lr=0x5f5c8f4734,sp=0x7fd3b20180,pc=0x7c0c1d9700]
[15012|15012] event_addr:0x7c0c1d9700 hit_count:578, Regs:
[x0=0x1,x1=0x5f5c8f3598,x2=0x1,x3=0x7fd3b201e8,x4=0x0,x5=0x1414d4c,x6=0x1414d4c,x7=0x0,x8=0x9b504536b1897347,x9=0x9b504536b1897347,x10=0x9b504536b1897347,x11=0x3e8,x12=0x3,x13=0x706f6f6c5f657469,x14=0x7c0fa4e280,x15=0x0,x16=0x5f5c8f5a00,x17=0x7c0c1d9700,x18=0x7c0f35c000,x19=0x5f5c8f470c,x20=0x1,x21=0x1,x22=0x7fd3b20218,x23=0x7fd3b20220,x24=0x0,x25=0x0,x26=0x0,x27=0x0,x28=0x0,x29=0x7fd3b20190,lr=0x5f5c8f4734,sp=0x7fd3b20180,pc=0x7c0c1d9700]
[15012|15012] event_addr:0x7c0c1d9700 hit_count:579, Regs:
[x0=0x1,x1=0x5f5c8f3598,x2=0x1,x3=0x7fd3b201e8,x4=0x0,x5=0x1414d4c,x6=0x1414d4c,x7=0x0,x8=0x9b504536b1897347,x9=0x9b504536b1897347,x10=0x9b504536b1897347,x11=0x3e8,x12=0x3,x13=0x706f6f6c5f657469,x14=0x7c0fa4e280,x15=0x0,x16=0x5f5c8f5a00,x17=0x7c0c1d9700,x18=0x7c0f35c000,x19=0x5f5c8f470c,x20=0x1,x21=0x1,x22=0x7fd3b20218,x23=0x7fd3b20220,x24=0x0,x25=0x0,x26=0x0,x27=0x0,x28=0x0,x29=0x7fd3b20190,lr=0x5f5c8f4734,sp=0x7fd3b20180,pc=0x7c0c1d9700]
[15012|15012] event_addr:0x7c0c1d9700 hit_count:580, Regs:
[x0=0x1,x1=0x5f5c8f3598,x2=0x1,x3=0x7fd3b201e8,x4=0x0,x5=0x1414d4c,x6=0x1414d4c,x7=0x0,x8=0x9b504536b1897347,x9=0x9b504536b1897347,x10=0x9b504536b1897347,x11=0x3e8,x12=0x3,x13=0x706f6f6c5f657469,x14=0x7c0fa4e280,x15=0x0,x16=0x5f5c8f5a00,x17=0x7c0c1d9700,x18=0x7c0f35c000,x19=0x5f5c8f470c,x20=0x1,x21=0x1,x22=0x7fd3b20218,x23=0x7fd3b20220,x24=0x0,x25=0x0,x26=0x0,x27=0x0,x28=0x0,x29=0x7fd3b20190,lr=0x5f5c8f4734,sp=0x7fd3b20180,pc=0x7c0c1d9700]
[15012|15012] event_addr:0x7c0c1d9700 hit_count:581, Regs:
[x0=0x1,x1=0x5f5c8f3598,x2=0x1,x3=0x7fd3b201e8,x4=0x0,x5=0x1414d4c,x6=0x1414d4c,x7=0x0,x8=0x9b504536b1897347,x9=0x9b504536b1897347,x10=0x9b504536b1897347,x11=0x3e8,x12=0x3,x13=0x706f6f6c5f657469,x14=0x7c0fa4e280,x15=0x0,x16=0x5f5c8f5a00,x17=0x7c0c1d9700,x18=0x7c0f35c000,x19=0x5f5c8f470c,x20=0x1,x21=0x1,x22=0x7fd3b20218,x23=0x7fd3b20220,x24=0x0,x25=0x0,x26=0x0,x27=0x0,x28=0x0,x29=0x7fd3b20190,lr=0x5f5c8f4734,sp=0x7fd3b20180,pc=0x7c0c1d9700]
[15012|15012] event_addr:0x7c0c1d9700 hit_count:582, Regs:
[x0=0x1,x1=0x5f5c8f3598,x2=0x1,x3=0x7fd3b201e8,x4=0x0,x5=0x1414d4c,x6=0x1414d4c,x7=0x0,x8=0x9b504536b1897347,x9=0x9b504536b1897347,x10=0x9b504536b1897347,x11=0x3e8,x12=0x3,x13=0x706f6f6c5f657469,x14=0x7c0fa4e280,x15=0x0,x16=0x5f5c8f5a00,x17=0x7c0c1d9700,x18=0x7c0f35c000,x19=0x5f5c8f470c,x20=0x1,x21=0x1,x22=0x7fd3b20218,x23=0x7fd3b20220,x24=0x0,x25=0x0,x26=0x0,x27=0x0,x28=0x0,x29=0x7fd3b20190,lr=0x5f5c8f4734,sp=0x7fd3b20180,pc=0x7c0c1d9700]
[15012|15012] event_addr:0x7c0c1d9700 hit_count:583, Regs:
[x0=0x1,x1=0x5f5c8f3598,x2=0x1,x3=0x7fd3b201e8,x4=0x0,x5=0x1414d4c,x6=0x1414d4c,x7=0x0,x8=0x9b504536b1897347,x9=0x9b504536b1897347,x10=0x9b504536b1897347,x11=0x3e8,x12=0x3,x13=0x706f6f6c5f657469,x14=0x7c0fa4e280,x15=0x0,x16=0x5f5c8f5a00,x17=0x7c0c1d9700,x18=0x7c0f35c000,x19=0x5f5c8f470c,x20=0x1,x21=0x1,x22=0x7fd3b20218,x23=0x7fd3b20220,x24=0x0,x25=0x0,x26=0x0,x27=0x0,x28=0x0,x29=0x7fd3b20190,lr=0x5f5c8f4734,sp=0x7fd3b20180,pc=0x7c0c1d9700]
[15012|15012] event_addr:0x7c0c1d9700 hit_count:584, Regs:
[x0=0x1,x1=0x5f5c8f3598,x2=0x1,x3=0x7fd3b201e8,x4=0x0,x5=0x1414d4c,x6=0x1414d4c,x7=0x0,x8=0x9b504536b1897347,x9=0x9b504536b1897347,x10=0x9b504536b1897347,x11=0x3e8,x12=0x3,x13=0x706f6f6c5f657469,x14=0x7c0fa4e280,x15=0x0,x16=0x5f5c8f5a00,x17=0x7c0c1d9700,x18=0x7c0f35c000,x19=0x5f5c8f470c,x20=0x1,x21=0x1,x22=0x7fd3b20218,x23=0x7fd3b20220,x24=0x0,x25=0x0,x26=0x0,x27=0x0,x28=0x0,x29=0x7fd3b20190,lr=0x5f5c8f4734,sp=0x7fd3b20180,pc=0x7c0c1d9700]
[15012|15012] event_addr:0x7c0c1d9700 hit_count:585, Regs:
[x0=0x1,x1=0x5f5c8f3598,x2=0x1,x3=0x7fd3b201e8,x4=0x0,x5=0x1414d4c,x6=0x1414d4c,x7=0x0,x8=0x9b504536b1897347,x9=0x9b504536b1897347,x10=0x9b504536b1897347,x11=0x3e8,x12=0x3,x13=0x706f6f6c5f657469,x14=0x7c0fa4e280,x15=0x0,x16=0x5f5c8f5a00,x17=0x7c0c1d9700,x18=0x7c0f35c000,x19=0x5f5c8f470c,x20=0x1,x21=0x1,x22=0x7fd3b20218,x23=0x7fd3b20220,x24=0x0,x25=0x0,x26=0x0,x27=0x0,x28=0x0,x29=0x7fd3b20190,lr=0x5f5c8f4734,sp=0x7fd3b20180,pc=0x7c0c1d9700]
[15012|15012] event_addr:0x7c0c1d9700 hit_count:586, Regs:
[x0=0x1,x1=0x5f5c8f3598,x2=0x1,x3=0x7fd3b201e8,x4=0x0,x5=0x1414d4c,x6=0x1414d4c,x7=0x0,x8=0x9b504536b1897347,x9=0x9b504536b1897347,x10=0x9b504536b1897347,x11=0x3e8,x12=0x3,x13=0x706f6f6c5f657469,x14=0x7c0fa4e280,x15=0x0,x16=0x5f5c8f5a00,x17=0x7c0c1d9700,x18=0x7c0f35c000,x19=0x5f5c8f470c,x20=0x1,x21=0x1,x22=0x7fd3b20218,x23=0x7fd3b20220,x24=0x0,x25=0x0,x26=0x0,x27=0x0,x28=0x0,x29=0x7fd3b20190,lr=0x5f5c8f4734,sp=0x7fd3b20180,pc=0x7c0c1d9700]
[15012|15012] event_addr:0x7c0c1d9700 hit_count:587, Regs:
[x0=0x1,x1=0x5f5c8f3598,x2=0x1,x3=0x7fd3b201e8,x4=0x0,x5=0x1414d4c,x6=0x1414d4c,x7=0x0,x8=0x9b504536b1897347,x9=0x9b504536b1897347,x10=0x9b504536b1897347,x11=0x3e8,x12=0x3,x13=0x706f6f6c5f657469,x14=0x7c0fa4e280,x15=0x0,x16=0x5f5c8f5a00,x17=0x7c0c1d9700,x18=0x7c0f35c000,x19=0x5f5c8f470c,x20=0x1,x21=0x1,x22=0x7fd3b20218,x23=0x7fd3b20220,x24=0x0,x25=0x0,x26=0x0,x27=0x0,x28=0x0,x29=0x7fd3b20190,lr=0x5f5c8f4734,sp=0x7fd3b20180,pc=0x7c0c1d9700]
[15012|15012] event_addr:0x7c0c1d9700 hit_count:588, Regs:
[x0=0x1,x1=0x5f5c8f3598,x2=0x1,x3=0x7fd3b201e8,x4=0x0,x5=0x1414d4c,x6=0x1414d4c,x7=0x0,x8=0x9b504536b1897347,x9=0x9b504536b1897347,x10=0x9b504536b1897347,x11=0x3e8,x12=0x3,x13=0x706f6f6c5f657469,x14=0x7c0fa4e280,x15=0x0,x16=0x5f5c8f5a00,x17=0x7c0c1d9700,x18=0x7c0f35c000,x19=0x5f5c8f470c,x20=0x1,x21=0x1,x22=0x7fd3b20218,x23=0x7fd3b20220,x24=0x0,x25=0x0,x26=0x0,x27=0x0,x28=0x0,x29=0x7fd3b20190,lr=0x5f5c8f4734,sp=0x7fd3b20180,pc=0x7c0c1d9700]
[15012|15012] event_addr:0x7c0c1d9700 hit_count:589, Regs:
[x0=0x1,x1=0x5f5c8f3598,x2=0x1,x3=0x7fd3b201e8,x4=0x0,x5=0x1414d4c,x6=0x1414d4c,x7=0x0,x8=0x9b504536b1897347,x9=0x9b504536b1897347,x10=0x9b504536b1897347,x11=0x3e8,x12=0x3,x13=0x706f6f6c5f657469,x14=0x7c0fa4e280,x15=0x0,x16=0x5f5c8f5a00,x17=0x7c0c1d9700,x18=0x7c0f35c000,x19=0x5f5c8f470c,x20=0x1,x21=0x1,x22=0x7fd3b20218,x23=0x7fd3b20220,x24=0x0,x25=0x0,x26=0x0,x27=0x0,x28=0x0,x29=0x7fd3b20190,lr=0x5f5c8f4734,sp=0x7fd3b20180,pc=0x7c0c1d9700]
[15012|15012] event_addr:0x7c0c1d9700 hit_count:590, Regs:
[x0=0x1,x1=0x5f5c8f3598,x2=0x1,x3=0x7fd3b201e8,x4=0x0,x5=0x1414d4c,x6=0x1414d4c,x7=0x0,x8=0x9b504536b1897347,x9=0x9b504536b1897347,x10=0x9b504536b1897347,x11=0x3e8,x12=0x3,x13=0x706f6f6c5f657469,x14=0x7c0fa4e280,x15=0x0,x16=0x5f5c8f5a00,x17=0x7c0c1d9700,x18=0x7c0f35c000,x19=0x5f5c8f470c,x20=0x1,x21=0x1,x22=0x7fd3b20218,x23=0x7fd3b20220,x24=0x0,x25=0x0,x26=0x0,x27=0x0,x28=0x0,x29=0x7fd3b20190,lr=0x5f5c8f4734,sp=0x7fd3b20180,pc=0x7c0c1d9700]
[15012|15012] event_addr:0x7c0c1d9700 hit_count:591, Regs:
[x0=0x1,x1=0x5f5c8f3598,x2=0x1,x3=0x7fd3b201e8,x4=0x0,x5=0x1414d4c,x6=0x1414d4c,x7=0x0,x8=0x9b504536b1897347,x9=0x9b504536b1897347,x10=0x9b504536b1897347,x11=0x3e8,x12=0x3,x13=0x706f6f6c5f657469,x14=0x7c0fa4e280,x15=0x0,x16=0x5f5c8f5a00,x17=0x7c0c1d9700,x18=0x7c0f35c000,x19=0x5f5c8f470c,x20=0x1,x21=0x1,x22=0x7fd3b20218,x23=0x7fd3b20220,x24=0x0,x25=0x0,x26=0x0,x27=0x0,x28=0x0,x29=0x7fd3b20190,lr=0x5f5c8f4734,sp=0x7fd3b20180,pc=0x7c0c1d9700]
[15012|15012] event_addr:0x7c0c1d9700 hit_count:592, Regs:
[x0=0x1,x1=0x5f5c8f3598,x2=0x1,x3=0x7fd3b201e8,x4=0x0,x5=0x1414d4c,x6=0x1414d4c,x7=0x0,x8=0x9b504536b1897347,x9=0x9b504536b1897347,x10=0x9b504536b1897347,x11=0x3e8,x12=0x3,x13=0x706f6f6c5f657469,x14=0x7c0fa4e280,x15=0x0,x16=0x5f5c8f5a00,x17=0x7c0c1d9700,x18=0x7c0f35c000,x19=0x5f5c8f470c,x20=0x1,x21=0x1,x22=0x7fd3b20218,x23=0x7fd3b20220,x24=0x0,x25=0x0,x26=0x0,x27=0x0,x28=0x0,x29=0x7fd3b20190,lr=0x5f5c8f4734,sp=0x7fd3b20180,pc=0x7c0c1d9700]
[15012|15012] event_addr:0x7c0c1d9700 hit_count:593, Regs:
[x0=0x1,x1=0x5f5c8f3598,x2=0x1,x3=0x7fd3b201e8,x4=0x0,x5=0x1414d4c,x6=0x1414d4c,x7=0x0,x8=0x9b504536b1897347,x9=0x9b504536b1897347,x10=0x9b504536b1897347,x11=0x3e8,x12=0x3,x13=0x706f6f6c5f657469,x14=0x7c0fa4e280,x15=0x0,x16=0x5f5c8f5a00,x17=0x7c0c1d9700,x18=0x7c0f35c000,x19=0x5f5c8f470c,x20=0x1,x21=0x1,x22=0x7fd3b20218,x23=0x7fd3b20220,x24=0x0,x25=0x0,x26=0x0,x27=0x0,x28=0x0,x29=0x7fd3b20190,lr=0x5f5c8f4734,sp=0x7fd3b20180,pc=0x7c0c1d9700]
[15012|15012] event_addr:0x7c0c1d9700 hit_count:594, Regs:
[x0=0x1,x1=0x5f5c8f3598,x2=0x1,x3=0x7fd3b201e8,x4=0x0,x5=0x1414d4c,x6=0x1414d4c,x7=0x0,x8=0x9b504536b1897347,x9=0x9b504536b1897347,x10=0x9b504536b1897347,x11=0x3e8,x12=0x3,x13=0x706f6f6c5f657469,x14=0x7c0fa4e280,x15=0x0,x16=0x5f5c8f5a00,x17=0x7c0c1d9700,x18=0x7c0f35c000,x19=0x5f5c8f470c,x20=0x1,x21=0x1,x22=0x7fd3b20218,x23=0x7fd3b20220,x24=0x0,x25=0x0,x26=0x0,x27=0x0,x28=0x0,x29=0x7fd3b20190,lr=0x5f5c8f4734,sp=0x7fd3b20180,pc=0x7c0c1d9700]
[15012|15012] event_addr:0x7c0c1d9700 hit_count:595, Regs:
[x0=0x1,x1=0x5f5c8f3598,x2=0x1,x3=0x7fd3b201e8,x4=0x0,x5=0x1414d4c,x6=0x1414d4c,x7=0x0,x8=0x9b504536b1897347,x9=0x9b504536b1897347,x10=0x9b504536b1897347,x11=0x3e8,x12=0x3,x13=0x706f6f6c5f657469,x14=0x7c0fa4e280,x15=0x0,x16=0x5f5c8f5a00,x17=0x7c0c1d9700,x18=0x7c0f35c000,x19=0x5f5c8f470c,x20=0x1,x21=0x1,x22=0x7fd3b20218,x23=0x7fd3b20220,x24=0x0,x25=0x0,x26=0x0,x27=0x0,x28=0x0,x29=0x7fd3b20190,lr=0x5f5c8f4734,sp=0x7fd3b20180,pc=0x7c0c1d9700]
[15012|15012] event_addr:0x7c0c1d9700 hit_count:596, Regs:
[x0=0x1,x1=0x5f5c8f3598,x2=0x1,x3=0x7fd3b201e8,x4=0x0,x5=0x1414d4c,x6=0x1414d4c,x7=0x0,x8=0x9b504536b1897347,x9=0x9b504536b1897347,x10=0x9b504536b1897347,x11=0x3e8,x12=0x3,x13=0x706f6f6c5f657469,x14=0x7c0fa4e280,x15=0x0,x16=0x5f5c8f5a00,x17=0x7c0c1d9700,x18=0x7c0f35c000,x19=0x5f5c8f470c,x20=0x1,x21=0x1,x22=0x7fd3b20218,x23=0x7fd3b20220,x24=0x0,x25=0x0,x26=0x0,x27=0x0,x28=0x0,x29=0x7fd3b20190,lr=0x5f5c8f4734,sp=0x7fd3b20180,pc=0x7c0c1d9700]
[15012|15012] event_addr:0x7c0c1d9700 hit_count:597, Regs:
[x0=0x1,x1=0x5f5c8f3598,x2=0x1,x3=0x7fd3b201e8,x4=0x0,x5=0x1414d4c,x6=0x1414d4c,x7=0x0,x8=0x9b504536b1897347,x9=0x9b504536b1897347,x10=0x9b504536b1897347,x11=0x3e8,x12=0x3,x13=0x706f6f6c5f657469,x14=0x7c0fa4e280,x15=0x0,x16=0x5f5c8f5a00,x17=0x7c0c1d9700,x18=0x7c0f35c000,x19=0x5f5c8f470c,x20=0x1,x21=0x1,x22=0x7fd3b20218,x23=0x7fd3b20220,x24=0x0,x25=0x0,x26=0x0,x27=0x0,x28=0x0,x29=0x7fd3b20190,lr=0x5f5c8f4734,sp=0x7fd3b20180,pc=0x7c0c1d9700]
[15012|15012] event_addr:0x7c0c1d9700 hit_count:598, Regs:
[x0=0x1,x1=0x5f5c8f3598,x2=0x1,x3=0x7fd3b201e8,x4=0x0,x5=0x1414d4c,x6=0x1414d4c,x7=0x0,x8=0x9b504536b1897347,x9=0x9b504536b1897347,x10=0x9b504536b1897347,x11=0x3e8,x12=0x3,x13=0x706f6f6c5f657469,x14=0x7c0fa4e280,x15=0x0,x16=0x5f5c8f5a00,x17=0x7c0c1d9700,x18=0x7c0f35c000,x19=0x5f5c8f470c,x20=0x1,x21=0x1,x22=0x7fd3b20218,x23=0x7fd3b20220,x24=0x0,x25=0x0,x26=0x0,x27=0x0,x28=0x0,x29=0x7fd3b20190,lr=0x5f5c8f4734,sp=0x7fd3b20180,pc=0x7c0c1d9700]
[15012|15012] event_addr:0x7c0c1d9700 hit_count:599, Regs:
[x0=0x1,x1=0x5f5c8f3598,x2=0x1,x3=0x7fd3b201e8,x4=0x0,x5=0x1414d4c,x6=0x1414d4c,x7=0x0,x8=0x9b504536b1897347,x9=0x9b504536b1897347,x10=0x9b504536b1897347,x11=0x3e8,x12=0x3,x13=0x706f6f6c5f657469,x14=0x7c0fa4e280,x15=0x0,x16=0x5f5c8f5a00,x17=0x7c0c1d9700,x18=0x7c0f35c000,x19=0x5f5c8f470c,x20=0x1,x21=0x1,x22=0x7fd3b20218,x23=0x7fd3b20220,x24=0x0,x25=0x0,x26=0x0,x27=0x0,x28=0x0,x29=0x7fd3b20190,lr=0x5f5c8f4734,sp=0x7fd3b20180,pc=0x7c0c1d9700]
[15012|15012] event_addr:0x7c0c1d9700 hit_count:600, Regs:
[x0=0x1,x1=0x5f5c8f3598,x2=0x1,x3=0x7fd3b201e8,x4=0x0,x5=0x1414d4c,x6=0x1414d4c,x7=0x0,x8=0x9b504536b1897347,x9=0x9b504536b1897347,x10=0x9b504536b1897347,x11=0x3e8,x12=0x3,x13=0x706f6f6c5f657469,x14=0x7c0fa4e280,x15=0x0,x16=0x5f5c8f5a00,x17=0x7c0c1d9700,x18=0x7c0f35c000,x19=0x5f5c8f470c,x20=0x1,x21=0x1,x22=0x7fd3b20218,x23=0x7fd3b20220,x24=0x0,x25=0x0,x26=0x0,x27=0x0,x28=0x0,x29=0x7fd3b20190,lr=0x5f5c8f4734,sp=0x7fd3b20180,pc=0x7c0c1d9700]
[15012|15012] event_addr:0x7c0c1d9700 hit_count:601, Regs:
[x0=0x1,x1=0x5f5c8f3598,x2=0x1,x3=0x7fd3b201e8,x4=0x0,x5=0x1414d4c,x6=0x1414d4c,x7=0x0,x8=0x9b504536b1897347,x9=0x9b504536b1897347,x10=0x9b504536b1897347,x11=0x3e8,x12=0x3,x13=0x706f6f6c5f657469,x14=0x7c0fa4e280,x15=0x0,x16=0x5f5c8f5a00,x17=0x7c0c1d9700,x18=0x7c0f35c000,x19=0x5f5c8f470c,x20=0x1,x21=0x1,x22=0x7fd3b20218,x23=0x7fd3b20220,x24=0x0,x25=0x0,x26=0x0,x27=0x0,x28=0x0,x29=0x7fd3b20190,lr=0x5f5c8f4734,sp=0x7fd3b20180,pc=0x7c0c1d9700]
[15012|15012] event_addr:0x7c0c1d9700 hit_count:602, Regs:
[x0=0x1,x1=0x5f5c8f3598,x2=0x1,x3=0x7fd3b201e8,x4=0x0,x5=0x1414d4c,x6=0x1414d4c,x7=0x0,x8=0x9b504536b1897347,x9=0x9b504536b1897347,x10=0x9b504536b1897347,x11=0x3e8,x12=0x3,x13=0x706f6f6c5f657469,x14=0x7c0fa4e280,x15=0x0,x16=0x5f5c8f5a00,x17=0x7c0c1d9700,x18=0x7c0f35c000,x19=0x5f5c8f470c,x20=0x1,x21=0x1,x22=0x7fd3b20218,x23=0x7fd3b20220,x24=0x0,x25=0x0,x26=0x0,x27=0x0,x28=0x0,x29=0x7fd3b20190,lr=0x5f5c8f4734,sp=0x7fd3b20180,pc=0x7c0c1d9700]
[15012|15012] event_addr:0x7c0c1d9700 hit_count:603, Regs:
[x0=0x1,x1=0x5f5c8f3598,x2=0x1,x3=0x7fd3b201e8,x4=0x0,x5=0x1414d4c,x6=0x1414d4c,x7=0x0,x8=0x9b504536b1897347,x9=0x9b504536b1897347,x10=0x9b504536b1897347,x11=0x3e8,x12=0x3,x13=0x706f6f6c5f657469,x14=0x7c0fa4e280,x15=0x0,x16=0x5f5c8f5a00,x17=0x7c0c1d9700,x18=0x7c0f35c000,x19=0x5f5c8f470c,x20=0x1,x21=0x1,x22=0x7fd3b20218,x23=0x7fd3b20220,x24=0x0,x25=0x0,x26=0x0,x27=0x0,x28=0x0,x29=0x7fd3b20190,lr=0x5f5c8f4734,sp=0x7fd3b20180,pc=0x7c0c1d9700]
[15012|15012] event_addr:0x7c0c1d9700 hit_count:604, Regs:
[x0=0x1,x1=0x5f5c8f3598,x2=0x1,x3=0x7fd3b201e8,x4=0x0,x5=0x1414d4c,x6=0x1414d4c,x7=0x0,x8=0x9b504536b1897347,x9=0x9b504536b1897347,x10=0x9b504536b1897347,x11=0x3e8,x12=0x3,x13=0x706f6f6c5f657469,x14=0x7c0fa4e280,x15=0x0,x16=0x5f5c8f5a00,x17=0x7c0c1d9700,x18=0x7c0f35c000,x19=0x5f5c8f470c,x20=0x1,x21=0x1,x22=0x7fd3b20218,x23=0x7fd3b20220,x24=0x0,x25=0x0,x26=0x0,x27=0x0,x28=0x0,x29=0x7fd3b20190,lr=0x5f5c8f4734,sp=0x7fd3b20180,pc=0x7c0c1d9700]
[15012|15012] event_addr:0x7c0c1d9700 hit_count:605, Regs:
[x0=0x1,x1=0x5f5c8f3598,x2=0x1,x3=0x7fd3b201e8,x4=0x0,x5=0x1414d4c,x6=0x1414d4c,x7=0x0,x8=0x9b504536b1897347,x9=0x9b504536b1897347,x10=0x9b504536b1897347,x11=0x3e8,x12=0x3,x13=0x706f6f6c5f657469,x14=0x7c0fa4e280,x15=0x0,x16=0x5f5c8f5a00,x17=0x7c0c1d9700,x18=0x7c0f35c000,x19=0x5f5c8f470c,x20=0x1,x21=0x1,x22=0x7fd3b20218,x23=0x7fd3b20220,x24=0x0,x25=0x0,x26=0x0,x27=0x0,x28=0x0,x29=0x7fd3b20190,lr=0x5f5c8f4734,sp=0x7fd3b20180,pc=0x7c0c1d9700]
[15012|15012] event_addr:0x7c0c1d9700 hit_count:606, Regs:
[x0=0x1,x1=0x5f5c8f3598,x2=0x1,x3=0x7fd3b201e8,x4=0x0,x5=0x1414d4c,x6=0x1414d4c,x7=0x0,x8=0x9b504536b1897347,x9=0x9b504536b1897347,x10=0x9b504536b1897347,x11=0x3e8,x12=0x3,x13=0x706f6f6c5f657469,x14=0x7c0fa4e280,x15=0x0,x16=0x5f5c8f5a00,x17=0x7c0c1d9700,x18=0x7c0f35c000,x19=0x5f5c8f470c,x20=0x1,x21=0x1,x22=0x7fd3b20218,x23=0x7fd3b20220,x24=0x0,x25=0x0,x26=0x0,x27=0x0,x28=0x0,x29=0x7fd3b20190,lr=0x5f5c8f4734,sp=0x7fd3b20180,pc=0x7c0c1d9700]
[15012|15012] event_addr:0x7c0c1d9700 hit_count:607, Regs:
[x0=0x1,x1=0x5f5c8f3598,x2=0x1,x3=0x7fd3b201e8,x4=0x0,x5=0x1414d4c,x6=0x1414d4c,x7=0x0,x8=0x9b504536b1897347,x9=0x9b504536b1897347,x10=0x9b504536b1897347,x11=0x3e8,x12=0x3,x13=0x706f6f6c5f657469,x14=0x7c0fa4e280,x15=0x0,x16=0x5f5c8f5a00,x17=0x7c0c1d9700,x18=0x7c0f35c000,x19=0x5f5c8f470c,x20=0x1,x21=0x1,x22=0x7fd3b20218,x23=0x7fd3b20220,x24=0x0,x25=0x0,x26=0x0,x27=0x0,x28=0x0,x29=0x7fd3b20190,lr=0x5f5c8f4734,sp=0x7fd3b20180,pc=0x7c0c1d9700]
[15012|15012] event_addr:0x7c0c1d9700 hit_count:608, Regs:
[x0=0x1,x1=0x5f5c8f3598,x2=0x1,x3=0x7fd3b201e8,x4=0x0,x5=0x1414d4c,x6=0x1414d4c,x7=0x0,x8=0x9b504536b1897347,x9=0x9b504536b1897347,x10=0x9b504536b1897347,x11=0x3e8,x12=0x3,x13=0x706f6f6c5f657469,x14=0x7c0fa4e280,x15=0x0,x16=0x5f5c8f5a00,x17=0x7c0c1d9700,x18=0x7c0f35c000,x19=0x5f5c8f470c,x20=0x1,x21=0x1,x22=0x7fd3b20218,x23=0x7fd3b20220,x24=0x0,x25=0x0,x26=0x0,x27=0x0,x28=0x0,x29=0x7fd3b20190,lr=0x5f5c8f4734,sp=0x7fd3b20180,pc=0x7c0c1d9700]
[15012|15012] event_addr:0x7c0c1d9700 hit_count:609, Regs:
[x0=0x1,x1=0x5f5c8f3598,x2=0x1,x3=0x7fd3b201e8,x4=0x0,x5=0x1414d4c,x6=0x1414d4c,x7=0x0,x8=0x9b504536b1897347,x9=0x9b504536b1897347,x10=0x9b504536b1897347,x11=0x3e8,x12=0x3,x13=0x706f6f6c5f657469,x14=0x7c0fa4e280,x15=0x0,x16=0x5f5c8f5a00,x17=0x7c0c1d9700,x18=0x7c0f35c000,x19=0x5f5c8f470c,x20=0x1,x21=0x1,x22=0x7fd3b20218,x23=0x7fd3b20220,x24=0x0,x25=0x0,x26=0x0,x27=0x0,x28=0x0,x29=0x7fd3b20190,lr=0x5f5c8f4734,sp=0x7fd3b20180,pc=0x7c0c1d9700]
[15012|15012] event_addr:0x7c0c1d9700 hit_count:610, Regs:
[x0=0x1,x1=0x5f5c8f3598,x2=0x1,x3=0x7fd3b201e8,x4=0x0,x5=0x1414d4c,x6=0x1414d4c,x7=0x0,x8=0x9b504536b1897347,x9=0x9b504536b1897347,x10=0x9b504536b1897347,x11=0x3e8,x12=0x3,x13=0x706f6f6c5f657469,x14=0x7c0fa4e280,x15=0x0,x16=0x5f5c8f5a00,x17=0x7c0c1d9700,x18=0x7c0f35c000,x19=0x5f5c8f470c,x20=0x1,x21=0x1,x22=0x7fd3b20218,x23=0x7fd3b20220,x24=0x0,x25=0x0,x26=0x0,x27=0x0,x28=0x0,x29=0x7fd3b20190,lr=0x5f5c8f4734,sp=0x7fd3b20180,pc=0x7c0c1d9700]
[15012|15012] event_addr:0x7c0c1d9700 hit_count:611, Regs:
[x0=0x1,x1=0x5f5c8f3598,x2=0x1,x3=0x7fd3b201e8,x4=0x0,x5=0x1414d4c,x6=0x1414d4c,x7=0x0,x8=0x9b504536b1897347,x9=0x9b504536b1897347,x10=0x9b504536b1897347,x11=0x3e8,x12=0x3,x13=0x706f6f6c5f657469,x14=0x7c0fa4e280,x15=0x0,x16=0x5f5c8f5a00,x17=0x7c0c1d9700,x18=0x7c0f35c000,x19=0x5f5c8f470c,x20=0x1,x21=0x1,x22=0x7fd3b20218,x23=0x7fd3b20220,x24=0x0,x25=0x0,x26=0x0,x27=0x0,x28=0x0,x29=0x7fd3b20190,lr=0x5f5c8f4734,sp=0x7fd3b20180,pc=0x7c0c1d9700]
[15012|15012] event_addr:0x7c0c1d9700 hit_count:612, Regs:
[x0=0x1,x1=0x5f5c8f3598,x2=0x1,x3=0x7fd3b201e8,x4=0x0,x5=0x1414d4c,x6=0x1414d4c,x7=0x0,x8=0x9b504536b1897347,x9=0x9b504536b1897347,x10=0x9b504536b1897347,x11=0x3e8,x12=0x3,x13=0x706f6f6c5f657469,x14=0x7c0fa4e280,x15=0x0,x16=0x5f5c8f5a00,x17=0x7c0c1d9700,x18=0x7c0f35c000,x19=0x5f5c8f470c,x20=0x1,x21=0x1,x22=0x7fd3b20218,x23=0x7fd3b20220,x24=0x0,x25=0x0,x26=0x0,x27=0x0,x28=0x0,x29=0x7fd3b20190,lr=0x5f5c8f4734,sp=0x7fd3b20180,pc=0x7c0c1d9700]
[15012|15012] event_addr:0x7c0c1d9700 hit_count:613, Regs:
[x0=0x1,x1=0x5f5c8f3598,x2=0x1,x3=0x7fd3b201e8,x4=0x0,x5=0x1414d4c,x6=0x1414d4c,x7=0x0,x8=0x9b504536b1897347,x9=0x9b504536b1897347,x10=0x9b504536b1897347,x11=0x3e8,x12=0x3,x13=0x706f6f6c5f657469,x14=0x7c0fa4e280,x15=0x0,x16=0x5f5c8f5a00,x17=0x7c0c1d9700,x18=0x7c0f35c000,x19=0x5f5c8f470c,x20=0x1,x21=0x1,x22=0x7fd3b20218,x23=0x7fd3b20220,x24=0x0,x25=0x0,x26=0x0,x27=0x0,x28=0x0,x29=0x7fd3b20190,lr=0x5f5c8f4734,sp=0x7fd3b20180,pc=0x7c0c1d9700]
[15012|15012] event_addr:0x7c0c1d9700 hit_count:614, Regs:
[x0=0x1,x1=0x5f5c8f3598,x2=0x1,x3=0x7fd3b201e8,x4=0x0,x5=0x1414d4c,x6=0x1414d4c,x7=0x0,x8=0x9b504536b1897347,x9=0x9b504536b1897347,x10=0x9b504536b1897347,x11=0x3e8,x12=0x3,x13=0x706f6f6c5f657469,x14=0x7c0fa4e280,x15=0x0,x16=0x5f5c8f5a00,x17=0x7c0c1d9700,x18=0x7c0f35c000,x19=0x5f5c8f470c,x20=0x1,x21=0x1,x22=0x7fd3b20218,x23=0x7fd3b20220,x24=0x0,x25=0x0,x26=0x0,x27=0x0,x28=0x0,x29=0x7fd3b20190,lr=0x5f5c8f4734,sp=0x7fd3b20180,pc=0x7c0c1d9700]
[15012|15012] event_addr:0x7c0c1d9700 hit_count:615, Regs:
[x0=0x1,x1=0x5f5c8f3598,x2=0x1,x3=0x7fd3b201e8,x4=0x0,x5=0x1414d4c,x6=0x1414d4c,x7=0x0,x8=0x9b504536b1897347,x9=0x9b504536b1897347,x10=0x9b504536b1897347,x11=0x3e8,x12=0x3,x13=0x706f6f6c5f657469,x14=0x7c0fa4e280,x15=0x0,x16=0x5f5c8f5a00,x17=0x7c0c1d9700,x18=0x7c0f35c000,x19=0x5f5c8f470c,x20=0x1,x21=0x1,x22=0x7fd3b20218,x23=0x7fd3b20220,x24=0x0,x25=0x0,x26=0x0,x27=0x0,x28=0x0,x29=0x7fd3b20190,lr=0x5f5c8f4734,sp=0x7fd3b20180,pc=0x7c0c1d9700]
[15012|15012] event_addr:0x7c0c1d9700 hit_count:616, Regs:
[x0=0x1,x1=0x5f5c8f3598,x2=0x1,x3=0x7fd3b201e8,x4=0x0,x5=0x1414d4c,x6=0x1414d4c,x7=0x0,x8=0x9b504536b1897347,x9=0x9b504536b1897347,x10=0x9b504536b1897347,x11=0x3e8,x12=0x3,x13=0x706f6f6c5f657469,x14=0x7c0fa4e280,x15=0x0,x16=0x5f5c8f5a00,x17=0x7c0c1d9700,x18=0x7c0f35c000,x19=0x5f5c8f470c,x20=0x1,x21=0x1,x22=0x7fd3b20218,x23=0x7fd3b20220,x24=0x0,x25=0x0,x26=0x0,x27=0x0,x28=0x0,x29=0x7fd3b20190,lr=0x5f5c8f4734,sp=0x7fd3b20180,pc=0x7c0c1d9700]
[15012|15012] event_addr:0x7c0c1d9700 hit_count:617, Regs:
[x0=0x1,x1=0x5f5c8f3598,x2=0x1,x3=0x7fd3b201e8,x4=0x0,x5=0x1414d4c,x6=0x1414d4c,x7=0x0,x8=0x9b504536b1897347,x9=0x9b504536b1897347,x10=0x9b504536b1897347,x11=0x3e8,x12=0x3,x13=0x706f6f6c5f657469,x14=0x7c0fa4e280,x15=0x0,x16=0x5f5c8f5a00,x17=0x7c0c1d9700,x18=0x7c0f35c000,x19=0x5f5c8f470c,x20=0x1,x21=0x1,x22=0x7fd3b20218,x23=0x7fd3b20220,x24=0x0,x25=0x0,x26=0x0,x27=0x0,x28=0x0,x29=0x7fd3b20190,lr=0x5f5c8f4734,sp=0x7fd3b20180,pc=0x7c0c1d9700]
[15012|15012] event_addr:0x7c0c1d9700 hit_count:618, Regs:
[x0=0x1,x1=0x5f5c8f3598,x2=0x1,x3=0x7fd3b201e8,x4=0x0,x5=0x1414d4c,x6=0x1414d4c,x7=0x0,x8=0x9b504536b1897347,x9=0x9b504536b1897347,x10=0x9b504536b1897347,x11=0x3e8,x12=0x3,x13=0x706f6f6c5f657469,x14=0x7c0fa4e280,x15=0x0,x16=0x5f5c8f5a00,x17=0x7c0c1d9700,x18=0x7c0f35c000,x19=0x5f5c8f470c,x20=0x1,x21=0x1,x22=0x7fd3b20218,x23=0x7fd3b20220,x24=0x0,x25=0x0,x26=0x0,x27=0x0,x28=0x0,x29=0x7fd3b20190,lr=0x5f5c8f4734,sp=0x7fd3b20180,pc=0x7c0c1d9700]
[15012|15012] event_addr:0x7c0c1d9700 hit_count:619, Regs:
[x0=0x1,x1=0x5f5c8f3598,x2=0x1,x3=0x7fd3b201e8,x4=0x0,x5=0x1414d4c,x6=0x1414d4c,x7=0x0,x8=0x9b504536b1897347,x9=0x9b504536b1897347,x10=0x9b504536b1897347,x11=0x3e8,x12=0x3,x13=0x706f6f6c5f657469,x14=0x7c0fa4e280,x15=0x0,x16=0x5f5c8f5a00,x17=0x7c0c1d9700,x18=0x7c0f35c000,x19=0x5f5c8f470c,x20=0x1,x21=0x1,x22=0x7fd3b20218,x23=0x7fd3b20220,x24=0x0,x25=0x0,x26=0x0,x27=0x0,x28=0x0,x29=0x7fd3b20190,lr=0x5f5c8f4734,sp=0x7fd3b20180,pc=0x7c0c1d9700]
[15012|15012] event_addr:0x7c0c1d9700 hit_count:620, Regs:
[x0=0x1,x1=0x5f5c8f3598,x2=0x1,x3=0x7fd3b201e8,x4=0x0,x5=0x1414d4c,x6=0x1414d4c,x7=0x0,x8=0x9b504536b1897347,x9=0x9b504536b1897347,x10=0x9b504536b1897347,x11=0x3e8,x12=0x3,x13=0x706f6f6c5f657469,x14=0x7c0fa4e280,x15=0x0,x16=0x5f5c8f5a00,x17=0x7c0c1d9700,x18=0x7c0f35c000,x19=0x5f5c8f470c,x20=0x1,x21=0x1,x22=0x7fd3b20218,x23=0x7fd3b20220,x24=0x0,x25=0x0,x26=0x0,x27=0x0,x28=0x0,x29=0x7fd3b20190,lr=0x5f5c8f4734,sp=0x7fd3b20180,pc=0x7c0c1d9700]
[15012|15012] event_addr:0x7c0c1d9700 hit_count:621, Regs:
[x0=0x1,x1=0x5f5c8f3598,x2=0x1,x3=0x7fd3b201e8,x4=0x0,x5=0x1414d4c,x6=0x1414d4c,x7=0x0,x8=0x9b504536b1897347,x9=0x9b504536b1897347,x10=0x9b504536b1897347,x11=0x3e8,x12=0x3,x13=0x706f6f6c5f657469,x14=0x7c0fa4e280,x15=0x0,x16=0x5f5c8f5a00,x17=0x7c0c1d9700,x18=0x7c0f35c000,x19=0x5f5c8f470c,x20=0x1,x21=0x1,x22=0x7fd3b20218,x23=0x7fd3b20220,x24=0x0,x25=0x0,x26=0x0,x27=0x0,x28=0x0,x29=0x7fd3b20190,lr=0x5f5c8f4734,sp=0x7fd3b20180,pc=0x7c0c1d9700]
[15012|15012] event_addr:0x7c0c1d9700 hit_count:622, Regs:
[x0=0x1,x1=0x5f5c8f3598,x2=0x1,x3=0x7fd3b201e8,x4=0x0,x5=0x1414d4c,x6=0x1414d4c,x7=0x0,x8=0x9b504536b1897347,x9=0x9b504536b1897347,x10=0x9b504536b1897347,x11=0x3e8,x12=0x3,x13=0x706f6f6c5f657469,x14=0x7c0fa4e280,x15=0x0,x16=0x5f5c8f5a00,x17=0x7c0c1d9700,x18=0x7c0f35c000,x19=0x5f5c8f470c,x20=0x1,x21=0x1,x22=0x7fd3b20218,x23=0x7fd3b20220,x24=0x0,x25=0x0,x26=0x0,x27=0x0,x28=0x0,x29=0x7fd3b20190,lr=0x5f5c8f4734,sp=0x7fd3b20180,pc=0x7c0c1d9700]
[15012|15012] event_addr:0x7c0c1d9700 hit_count:623, Regs:
[x0=0x1,x1=0x5f5c8f3598,x2=0x1,x3=0x7fd3b201e8,x4=0x0,x5=0x1414d4c,x6=0x1414d4c,x7=0x0,x8=0x9b504536b1897347,x9=0x9b504536b1897347,x10=0x9b504536b1897347,x11=0x3e8,x12=0x3,x13=0x706f6f6c5f657469,x14=0x7c0fa4e280,x15=0x0,x16=0x5f5c8f5a00,x17=0x7c0c1d9700,x18=0x7c0f35c000,x19=0x5f5c8f470c,x20=0x1,x21=0x1,x22=0x7fd3b20218,x23=0x7fd3b20220,x24=0x0,x25=0x0,x26=0x0,x27=0x0,x28=0x0,x29=0x7fd3b20190,lr=0x5f5c8f4734,sp=0x7fd3b20180,pc=0x7c0c1d9700]
[15012|15012] event_addr:0x7c0c1d9700 hit_count:624, Regs:
[x0=0x1,x1=0x5f5c8f3598,x2=0x1,x3=0x7fd3b201e8,x4=0x0,x5=0x1414d4c,x6=0x1414d4c,x7=0x0,x8=0x9b504536b1897347,x9=0x9b504536b1897347,x10=0x9b504536b1897347,x11=0x3e8,x12=0x3,x13=0x706f6f6c5f657469,x14=0x7c0fa4e280,x15=0x0,x16=0x5f5c8f5a00,x17=0x7c0c1d9700,x18=0x7c0f35c000,x19=0x5f5c8f470c,x20=0x1,x21=0x1,x22=0x7fd3b20218,x23=0x7fd3b20220,x24=0x0,x25=0x0,x26=0x0,x27=0x0,x28=0x0,x29=0x7fd3b20190,lr=0x5f5c8f4734,sp=0x7fd3b20180,pc=0x7c0c1d9700]
[15012|15012] event_addr:0x7c0c1d9700 hit_count:625, Regs:
[x0=0x1,x1=0x5f5c8f3598,x2=0x1,x3=0x7fd3b201e8,x4=0x0,x5=0x1414d4c,x6=0x1414d4c,x7=0x0,x8=0x9b504536b1897347,x9=0x9b504536b1897347,x10=0x9b504536b1897347,x11=0x3e8,x12=0x3,x13=0x706f6f6c5f657469,x14=0x7c0fa4e280,x15=0x0,x16=0x5f5c8f5a00,x17=0x7c0c1d9700,x18=0x7c0f35c000,x19=0x5f5c8f470c,x20=0x1,x21=0x1,x22=0x7fd3b20218,x23=0x7fd3b20220,x24=0x0,x25=0x0,x26=0x0,x27=0x0,x28=0x0,x29=0x7fd3b20190,lr=0x5f5c8f4734,sp=0x7fd3b20180,pc=0x7c0c1d9700]
[15012|15012] event_addr:0x7c0c1d9700 hit_count:626, Regs:
[x0=0x1,x1=0x5f5c8f3598,x2=0x1,x3=0x7fd3b201e8,x4=0x0,x5=0x1414d4c,x6=0x1414d4c,x7=0x0,x8=0x9b504536b1897347,x9=0x9b504536b1897347,x10=0x9b504536b1897347,x11=0x3e8,x12=0x3,x13=0x706f6f6c5f657469,x14=0x7c0fa4e280,x15=0x0,x16=0x5f5c8f5a00,x17=0x7c0c1d9700,x18=0x7c0f35c000,x19=0x5f5c8f470c,x20=0x1,x21=0x1,x22=0x7fd3b20218,x23=0x7fd3b20220,x24=0x0,x25=0x0,x26=0x0,x27=0x0,x28=0x0,x29=0x7fd3b20190,lr=0x5f5c8f4734,sp=0x7fd3b20180,pc=0x7c0c1d9700]
[15012|15012] event_addr:0x7c0c1d9700 hit_count:627, Regs:
[x0=0x1,x1=0x5f5c8f3598,x2=0x1,x3=0x7fd3b201e8,x4=0x0,x5=0x1414d4c,x6=0x1414d4c,x7=0x0,x8=0x9b504536b1897347,x9=0x9b504536b1897347,x10=0x9b504536b1897347,x11=0x3e8,x12=0x3,x13=0x706f6f6c5f657469,x14=0x7c0fa4e280,x15=0x0,x16=0x5f5c8f5a00,x17=0x7c0c1d9700,x18=0x7c0f35c000,x19=0x5f5c8f470c,x20=0x1,x21=0x1,x22=0x7fd3b20218,x23=0x7fd3b20220,x24=0x0,x25=0x0,x26=0x0,x27=0x0,x28=0x0,x29=0x7fd3b20190,lr=0x5f5c8f4734,sp=0x7fd3b20180,pc=0x7c0c1d9700]
[15012|15012] event_addr:0x7c0c1d9700 hit_count:628, Regs:
[x0=0x1,x1=0x5f5c8f3598,x2=0x1,x3=0x7fd3b201e8,x4=0x0,x5=0x1414d4c,x6=0x1414d4c,x7=0x0,x8=0x9b504536b1897347,x9=0x9b504536b1897347,x10=0x9b504536b1897347,x11=0x3e8,x12=0x3,x13=0x706f6f6c5f657469,x14=0x7c0fa4e280,x15=0x0,x16=0x5f5c8f5a00,x17=0x7c0c1d9700,x18=0x7c0f35c000,x19=0x5f5c8f470c,x20=0x1,x21=0x1,x22=0x7fd3b20218,x23=0x7fd3b20220,x24=0x0,x25=0x0,x26=0x0,x27=0x0,x28=0x0,x29=0x7fd3b20190,lr=0x5f5c8f4734,sp=0x7fd3b20180,pc=0x7c0c1d9700]
[15012|15012] event_addr:0x7c0c1d9700 hit_count:629, Regs:
[x0=0x1,x1=0x5f5c8f3598,x2=0x1,x3=0x7fd3b201e8,x4=0x0,x5=0x1414d4c,x6=0x1414d4c,x7=0x0,x8=0x9b504536b1897347,x9=0x9b504536b1897347,x10=0x9b504536b1897347,x11=0x3e8,x12=0x3,x13=0x706f6f6c5f657469,x14=0x7c0fa4e280,x15=0x0,x16=0x5f5c8f5a00,x17=0x7c0c1d9700,x18=0x7c0f35c000,x19=0x5f5c8f470c,x20=0x1,x21=0x1,x22=0x7fd3b20218,x23=0x7fd3b20220,x24=0x0,x25=0x0,x26=0x0,x27=0x0,x28=0x0,x29=0x7fd3b20190,lr=0x5f5c8f4734,sp=0x7fd3b20180,pc=0x7c0c1d9700]
[15012|15012] event_addr:0x7c0c1d9700 hit_count:630, Regs:
[x0=0x1,x1=0x5f5c8f3598,x2=0x1,x3=0x7fd3b201e8,x4=0x0,x5=0x1414d4c,x6=0x1414d4c,x7=0x0,x8=0x9b504536b1897347,x9=0x9b504536b1897347,x10=0x9b504536b1897347,x11=0x3e8,x12=0x3,x13=0x706f6f6c5f657469,x14=0x7c0fa4e280,x15=0x0,x16=0x5f5c8f5a00,x17=0x7c0c1d9700,x18=0x7c0f35c000,x19=0x5f5c8f470c,x20=0x1,x21=0x1,x22=0x7fd3b20218,x23=0x7fd3b20220,x24=0x0,x25=0x0,x26=0x0,x27=0x0,x28=0x0,x29=0x7fd3b20190,lr=0x5f5c8f4734,sp=0x7fd3b20180,pc=0x7c0c1d9700]
[15012|15012] event_addr:0x7c0c1d9700 hit_count:631, Regs:
[x0=0x1,x1=0x5f5c8f3598,x2=0x1,x3=0x7fd3b201e8,x4=0x0,x5=0x1414d4c,x6=0x1414d4c,x7=0x0,x8=0x9b504536b1897347,x9=0x9b504536b1897347,x10=0x9b504536b1897347,x11=0x3e8,x12=0x3,x13=0x706f6f6c5f657469,x14=0x7c0fa4e280,x15=0x0,x16=0x5f5c8f5a00,x17=0x7c0c1d9700,x18=0x7c0f35c000,x19=0x5f5c8f470c,x20=0x1,x21=0x1,x22=0x7fd3b20218,x23=0x7fd3b20220,x24=0x0,x25=0x0,x26=0x0,x27=0x0,x28=0x0,x29=0x7fd3b20190,lr=0x5f5c8f4734,sp=0x7fd3b20180,pc=0x7c0c1d9700]
[15012|15012] event_addr:0x7c0c1d9700 hit_count:632, Regs:
[x0=0x1,x1=0x5f5c8f3598,x2=0x1,x3=0x7fd3b201e8,x4=0x0,x5=0x1414d4c,x6=0x1414d4c,x7=0x0,x8=0x9b504536b1897347,x9=0x9b504536b1897347,x10=0x9b504536b1897347,x11=0x3e8,x12=0x3,x13=0x706f6f6c5f657469,x14=0x7c0fa4e280,x15=0x0,x16=0x5f5c8f5a00,x17=0x7c0c1d9700,x18=0x7c0f35c000,x19=0x5f5c8f470c,x20=0x1,x21=0x1,x22=0x7fd3b20218,x23=0x7fd3b20220,x24=0x0,x25=0x0,x26=0x0,x27=0x0,x28=0x0,x29=0x7fd3b20190,lr=0x5f5c8f4734,sp=0x7fd3b20180,pc=0x7c0c1d9700]
[15012|15012] event_addr:0x7c0c1d9700 hit_count:633, Regs:
[x0=0x1,x1=0x5f5c8f3598,x2=0x1,x3=0x7fd3b201e8,x4=0x0,x5=0x1414d4c,x6=0x1414d4c,x7=0x0,x8=0x9b504536b1897347,x9=0x9b504536b1897347,x10=0x9b504536b1897347,x11=0x3e8,x12=0x3,x13=0x706f6f6c5f657469,x14=0x7c0fa4e280,x15=0x0,x16=0x5f5c8f5a00,x17=0x7c0c1d9700,x18=0x7c0f35c000,x19=0x5f5c8f470c,x20=0x1,x21=0x1,x22=0x7fd3b20218,x23=0x7fd3b20220,x24=0x0,x25=0x0,x26=0x0,x27=0x0,x28=0x0,x29=0x7fd3b20190,lr=0x5f5c8f4734,sp=0x7fd3b20180,pc=0x7c0c1d9700]
[15012|15012] event_addr:0x7c0c1d9700 hit_count:634, Regs:
[x0=0x1,x1=0x5f5c8f3598,x2=0x1,x3=0x7fd3b201e8,x4=0x0,x5=0x1414d4c,x6=0x1414d4c,x7=0x0,x8=0x9b504536b1897347,x9=0x9b504536b1897347,x10=0x9b504536b1897347,x11=0x3e8,x12=0x3,x13=0x706f6f6c5f657469,x14=0x7c0fa4e280,x15=0x0,x16=0x5f5c8f5a00,x17=0x7c0c1d9700,x18=0x7c0f35c000,x19=0x5f5c8f470c,x20=0x1,x21=0x1,x22=0x7fd3b20218,x23=0x7fd3b20220,x24=0x0,x25=0x0,x26=0x0,x27=0x0,x28=0x0,x29=0x7fd3b20190,lr=0x5f5c8f4734,sp=0x7fd3b20180,pc=0x7c0c1d9700]
[15012|15012] event_addr:0x7c0c1d9700 hit_count:635, Regs:
[x0=0x1,x1=0x5f5c8f3598,x2=0x1,x3=0x7fd3b201e8,x4=0x0,x5=0x1414d4c,x6=0x1414d4c,x7=0x0,x8=0x9b504536b1897347,x9=0x9b504536b1897347,x10=0x9b504536b1897347,x11=0x3e8,x12=0x3,x13=0x706f6f6c5f657469,x14=0x7c0fa4e280,x15=0x0,x16=0x5f5c8f5a00,x17=0x7c0c1d9700,x18=0x7c0f35c000,x19=0x5f5c8f470c,x20=0x1,x21=0x1,x22=0x7fd3b20218,x23=0x7fd3b20220,x24=0x0,x25=0x0,x26=0x0,x27=0x0,x28=0x0,x29=0x7fd3b20190,lr=0x5f5c8f4734,sp=0x7fd3b20180,pc=0x7c0c1d9700]
[15012|15012] event_addr:0x7c0c1d9700 hit_count:636, Regs:
[x0=0x1,x1=0x5f5c8f3598,x2=0x1,x3=0x7fd3b201e8,x4=0x0,x5=0x1414d4c,x6=0x1414d4c,x7=0x0,x8=0x9b504536b1897347,x9=0x9b504536b1897347,x10=0x9b504536b1897347,x11=0x3e8,x12=0x3,x13=0x706f6f6c5f657469,x14=0x7c0fa4e280,x15=0x0,x16=0x5f5c8f5a00,x17=0x7c0c1d9700,x18=0x7c0f35c000,x19=0x5f5c8f470c,x20=0x1,x21=0x1,x22=0x7fd3b20218,x23=0x7fd3b20220,x24=0x0,x25=0x0,x26=0x0,x27=0x0,x28=0x0,x29=0x7fd3b20190,lr=0x5f5c8f4734,sp=0x7fd3b20180,pc=0x7c0c1d9700]
[15012|15012] event_addr:0x7c0c1d9700 hit_count:637, Regs:
[x0=0x1,x1=0x5f5c8f3598,x2=0x1,x3=0x7fd3b201e8,x4=0x0,x5=0x1414d4c,x6=0x1414d4c,x7=0x0,x8=0x9b504536b1897347,x9=0x9b504536b1897347,x10=0x9b504536b1897347,x11=0x3e8,x12=0x3,x13=0x706f6f6c5f657469,x14=0x7c0fa4e280,x15=0x0,x16=0x5f5c8f5a00,x17=0x7c0c1d9700,x18=0x7c0f35c000,x19=0x5f5c8f470c,x20=0x1,x21=0x1,x22=0x7fd3b20218,x23=0x7fd3b20220,x24=0x0,x25=0x0,x26=0x0,x27=0x0,x28=0x0,x29=0x7fd3b20190,lr=0x5f5c8f4734,sp=0x7fd3b20180,pc=0x7c0c1d9700]
[15012|15012] event_addr:0x7c0c1d9700 hit_count:638, Regs:
[x0=0x1,x1=0x5f5c8f3598,x2=0x1,x3=0x7fd3b201e8,x4=0x0,x5=0x1414d4c,x6=0x1414d4c,x7=0x0,x8=0x9b504536b1897347,x9=0x9b504536b1897347,x10=0x9b504536b1897347,x11=0x3e8,x12=0x3,x13=0x706f6f6c5f657469,x14=0x7c0fa4e280,x15=0x0,x16=0x5f5c8f5a00,x17=0x7c0c1d9700,x18=0x7c0f35c000,x19=0x5f5c8f470c,x20=0x1,x21=0x1,x22=0x7fd3b20218,x23=0x7fd3b20220,x24=0x0,x25=0x0,x26=0x0,x27=0x0,x28=0x0,x29=0x7fd3b20190,lr=0x5f5c8f4734,sp=0x7fd3b20180,pc=0x7c0c1d9700]
[15012|15012] event_addr:0x7c0c1d9700 hit_count:639, Regs:
[x0=0x1,x1=0x5f5c8f3598,x2=0x1,x3=0x7fd3b201e8,x4=0x0,x5=0x1414d4c,x6=0x1414d4c,x7=0x0,x8=0x9b504536b1897347,x9=0x9b504536b1897347,x10=0x9b504536b1897347,x11=0x3e8,x12=0x3,x13=0x706f6f6c5f657469,x14=0x7c0fa4e280,x15=0x0,x16=0x5f5c8f5a00,x17=0x7c0c1d9700,x18=0x7c0f35c000,x19=0x5f5c8f470c,x20=0x1,x21=0x1,x22=0x7fd3b20218,x23=0x7fd3b20220,x24=0x0,x25=0x0,x26=0x0,x27=0x0,x28=0x0,x29=0x7fd3b20190,lr=0x5f5c8f4734,sp=0x7fd3b20180,pc=0x7c0c1d9700]
[15012|15012] event_addr:0x7c0c1d9700 hit_count:640, Regs:
[x0=0x1,x1=0x5f5c8f3598,x2=0x1,x3=0x7fd3b201e8,x4=0x0,x5=0x1414d4c,x6=0x1414d4c,x7=0x0,x8=0x9b504536b1897347,x9=0x9b504536b1897347,x10=0x9b504536b1897347,x11=0x3e8,x12=0x3,x13=0x706f6f6c5f657469,x14=0x7c0fa4e280,x15=0x0,x16=0x5f5c8f5a00,x17=0x7c0c1d9700,x18=0x7c0f35c000,x19=0x5f5c8f470c,x20=0x1,x21=0x1,x22=0x7fd3b20218,x23=0x7fd3b20220,x24=0x0,x25=0x0,x26=0x0,x27=0x0,x28=0x0,x29=0x7fd3b20190,lr=0x5f5c8f4734,sp=0x7fd3b20180,pc=0x7c0c1d9700]
[15012|15012] event_addr:0x7c0c1d9700 hit_count:641, Regs:
[x0=0x1,x1=0x5f5c8f3598,x2=0x1,x3=0x7fd3b201e8,x4=0x0,x5=0x1414d4c,x6=0x1414d4c,x7=0x0,x8=0x9b504536b1897347,x9=0x9b504536b1897347,x10=0x9b504536b1897347,x11=0x3e8,x12=0x3,x13=0x706f6f6c5f657469,x14=0x7c0fa4e280,x15=0x0,x16=0x5f5c8f5a00,x17=0x7c0c1d9700,x18=0x7c0f35c000,x19=0x5f5c8f470c,x20=0x1,x21=0x1,x22=0x7fd3b20218,x23=0x7fd3b20220,x24=0x0,x25=0x0,x26=0x0,x27=0x0,x28=0x0,x29=0x7fd3b20190,lr=0x5f5c8f4734,sp=0x7fd3b20180,pc=0x7c0c1d9700]
[15012|15012] event_addr:0x7c0c1d9700 hit_count:642, Regs:
[x0=0x1,x1=0x5f5c8f3598,x2=0x1,x3=0x7fd3b201e8,x4=0x0,x5=0x1414d4c,x6=0x1414d4c,x7=0x0,x8=0x9b504536b1897347,x9=0x9b504536b1897347,x10=0x9b504536b1897347,x11=0x3e8,x12=0x3,x13=0x706f6f6c5f657469,x14=0x7c0fa4e280,x15=0x0,x16=0x5f5c8f5a00,x17=0x7c0c1d9700,x18=0x7c0f35c000,x19=0x5f5c8f470c,x20=0x1,x21=0x1,x22=0x7fd3b20218,x23=0x7fd3b20220,x24=0x0,x25=0x0,x26=0x0,x27=0x0,x28=0x0,x29=0x7fd3b20190,lr=0x5f5c8f4734,sp=0x7fd3b20180,pc=0x7c0c1d9700]
[15012|15012] event_addr:0x7c0c1d9700 hit_count:643, Regs:
[x0=0x1,x1=0x5f5c8f3598,x2=0x1,x3=0x7fd3b201e8,x4=0x0,x5=0x1414d4c,x6=0x1414d4c,x7=0x0,x8=0x9b504536b1897347,x9=0x9b504536b1897347,x10=0x9b504536b1897347,x11=0x3e8,x12=0x3,x13=0x706f6f6c5f657469,x14=0x7c0fa4e280,x15=0x0,x16=0x5f5c8f5a00,x17=0x7c0c1d9700,x18=0x7c0f35c000,x19=0x5f5c8f470c,x20=0x1,x21=0x1,x22=0x7fd3b20218,x23=0x7fd3b20220,x24=0x0,x25=0x0,x26=0x0,x27=0x0,x28=0x0,x29=0x7fd3b20190,lr=0x5f5c8f4734,sp=0x7fd3b20180,pc=0x7c0c1d9700]
[15012|15012] event_addr:0x7c0c1d9700 hit_count:644, Regs:
[x0=0x1,x1=0x5f5c8f3598,x2=0x1,x3=0x7fd3b201e8,x4=0x0,x5=0x1414d4c,x6=0x1414d4c,x7=0x0,x8=0x9b504536b1897347,x9=0x9b504536b1897347,x10=0x9b504536b1897347,x11=0x3e8,x12=0x3,x13=0x706f6f6c5f657469,x14=0x7c0fa4e280,x15=0x0,x16=0x5f5c8f5a00,x17=0x7c0c1d9700,x18=0x7c0f35c000,x19=0x5f5c8f470c,x20=0x1,x21=0x1,x22=0x7fd3b20218,x23=0x7fd3b20220,x24=0x0,x25=0x0,x26=0x0,x27=0x0,x28=0x0,x29=0x7fd3b20190,lr=0x5f5c8f4734,sp=0x7fd3b20180,pc=0x7c0c1d9700]
[15012|15012] event_addr:0x7c0c1d9700 hit_count:645, Regs:
[x0=0x1,x1=0x5f5c8f3598,x2=0x1,x3=0x7fd3b201e8,x4=0x0,x5=0x1414d4c,x6=0x1414d4c,x7=0x0,x8=0x9b504536b1897347,x9=0x9b504536b1897347,x10=0x9b504536b1897347,x11=0x3e8,x12=0x3,x13=0x706f6f6c5f657469,x14=0x7c0fa4e280,x15=0x0,x16=0x5f5c8f5a00,x17=0x7c0c1d9700,x18=0x7c0f35c000,x19=0x5f5c8f470c,x20=0x1,x21=0x1,x22=0x7fd3b20218,x23=0x7fd3b20220,x24=0x0,x25=0x0,x26=0x0,x27=0x0,x28=0x0,x29=0x7fd3b20190,lr=0x5f5c8f4734,sp=0x7fd3b20180,pc=0x7c0c1d9700]
[15012|15012] event_addr:0x7c0c1d9700 hit_count:646, Regs:
[x0=0x1,x1=0x5f5c8f3598,x2=0x1,x3=0x7fd3b201e8,x4=0x0,x5=0x1414d4c,x6=0x1414d4c,x7=0x0,x8=0x9b504536b1897347,x9=0x9b504536b1897347,x10=0x9b504536b1897347,x11=0x3e8,x12=0x3,x13=0x706f6f6c5f657469,x14=0x7c0fa4e280,x15=0x0,x16=0x5f5c8f5a00,x17=0x7c0c1d9700,x18=0x7c0f35c000,x19=0x5f5c8f470c,x20=0x1,x21=0x1,x22=0x7fd3b20218,x23=0x7fd3b20220,x24=0x0,x25=0x0,x26=0x0,x27=0x0,x28=0x0,x29=0x7fd3b20190,lr=0x5f5c8f4734,sp=0x7fd3b20180,pc=0x7c0c1d9700]
[15012|15012] event_addr:0x7c0c1d9700 hit_count:647, Regs:
[x0=0x1,x1=0x5f5c8f3598,x2=0x1,x3=0x7fd3b201e8,x4=0x0,x5=0x1414d4c,x6=0x1414d4c,x7=0x0,x8=0x9b504536b1897347,x9=0x9b504536b1897347,x10=0x9b504536b1897347,x11=0x3e8,x12=0x3,x13=0x706f6f6c5f657469,x14=0x7c0fa4e280,x15=0x0,x16=0x5f5c8f5a00,x17=0x7c0c1d9700,x18=0x7c0f35c000,x19=0x5f5c8f470c,x20=0x1,x21=0x1,x22=0x7fd3b20218,x23=0x7fd3b20220,x24=0x0,x25=0x0,x26=0x0,x27=0x0,x28=0x0,x29=0x7fd3b20190,lr=0x5f5c8f4734,sp=0x7fd3b20180,pc=0x7c0c1d9700]
[15012|15012] event_addr:0x7c0c1d9700 hit_count:648, Regs:
[x0=0x1,x1=0x5f5c8f3598,x2=0x1,x3=0x7fd3b201e8,x4=0x0,x5=0x1414d4c,x6=0x1414d4c,x7=0x0,x8=0x9b504536b1897347,x9=0x9b504536b1897347,x10=0x9b504536b1897347,x11=0x3e8,x12=0x3,x13=0x706f6f6c5f657469,x14=0x7c0fa4e280,x15=0x0,x16=0x5f5c8f5a00,x17=0x7c0c1d9700,x18=0x7c0f35c000,x19=0x5f5c8f470c,x20=0x1,x21=0x1,x22=0x7fd3b20218,x23=0x7fd3b20220,x24=0x0,x25=0x0,x26=0x0,x27=0x0,x28=0x0,x29=0x7fd3b20190,lr=0x5f5c8f4734,sp=0x7fd3b20180,pc=0x7c0c1d9700]
[15012|15012] event_addr:0x7c0c1d9700 hit_count:649, Regs:
[x0=0x1,x1=0x5f5c8f3598,x2=0x1,x3=0x7fd3b201e8,x4=0x0,x5=0x1414d4c,x6=0x1414d4c,x7=0x0,x8=0x9b504536b1897347,x9=0x9b504536b1897347,x10=0x9b504536b1897347,x11=0x3e8,x12=0x3,x13=0x706f6f6c5f657469,x14=0x7c0fa4e280,x15=0x0,x16=0x5f5c8f5a00,x17=0x7c0c1d9700,x18=0x7c0f35c000,x19=0x5f5c8f470c,x20=0x1,x21=0x1,x22=0x7fd3b20218,x23=0x7fd3b20220,x24=0x0,x25=0x0,x26=0x0,x27=0x0,x28=0x0,x29=0x7fd3b20190,lr=0x5f5c8f4734,sp=0x7fd3b20180,pc=0x7c0c1d9700]
[15012|15012] event_addr:0x7c0c1d9700 hit_count:650, Regs:
[x0=0x1,x1=0x5f5c8f3598,x2=0x1,x3=0x7fd3b201e8,x4=0x0,x5=0x1414d4c,x6=0x1414d4c,x7=0x0,x8=0x9b504536b1897347,x9=0x9b504536b1897347,x10=0x9b504536b1897347,x11=0x3e8,x12=0x3,x13=0x706f6f6c5f657469,x14=0x7c0fa4e280,x15=0x0,x16=0x5f5c8f5a00,x17=0x7c0c1d9700,x18=0x7c0f35c000,x19=0x5f5c8f470c,x20=0x1,x21=0x1,x22=0x7fd3b20218,x23=0x7fd3b20220,x24=0x0,x25=0x0,x26=0x0,x27=0x0,x28=0x0,x29=0x7fd3b20190,lr=0x5f5c8f4734,sp=0x7fd3b20180,pc=0x7c0c1d9700]
[15012|15012] event_addr:0x7c0c1d9700 hit_count:651, Regs:
[x0=0x1,x1=0x5f5c8f3598,x2=0x1,x3=0x7fd3b201e8,x4=0x0,x5=0x1414d4c,x6=0x1414d4c,x7=0x0,x8=0x9b504536b1897347,x9=0x9b504536b1897347,x10=0x9b504536b1897347,x11=0x3e8,x12=0x3,x13=0x706f6f6c5f657469,x14=0x7c0fa4e280,x15=0x0,x16=0x5f5c8f5a00,x17=0x7c0c1d9700,x18=0x7c0f35c000,x19=0x5f5c8f470c,x20=0x1,x21=0x1,x22=0x7fd3b20218,x23=0x7fd3b20220,x24=0x0,x25=0x0,x26=0x0,x27=0x0,x28=0x0,x29=0x7fd3b20190,lr=0x5f5c8f4734,sp=0x7fd3b20180,pc=0x7c0c1d9700]
[15012|15012] event_addr:0x7c0c1d9700 hit_count:652, Regs:
[x0=0x1,x1=0x5f5c8f3598,x2=0x1,x3=0x7fd3b201e8,x4=0x0,x5=0x1414d4c,x6=0x1414d4c,x7=0x0,x8=0x9b504536b1897347,x9=0x9b504536b1897347,x10=0x9b504536b1897347,x11=0x3e8,x12=0x3,x13=0x706f6f6c5f657469,x14=0x7c0fa4e280,x15=0x0,x16=0x5f5c8f5a00,x17=0x7c0c1d9700,x18=0x7c0f35c000,x19=0x5f5c8f470c,x20=0x1,x21=0x1,x22=0x7fd3b20218,x23=0x7fd3b20220,x24=0x0,x25=0x0,x26=0x0,x27=0x0,x28=0x0,x29=0x7fd3b20190,lr=0x5f5c8f4734,sp=0x7fd3b20180,pc=0x7c0c1d9700]
[15012|15012] event_addr:0x7c0c1d9700 hit_count:653, Regs:
[x0=0x1,x1=0x5f5c8f3598,x2=0x1,x3=0x7fd3b201e8,x4=0x0,x5=0x1414d4c,x6=0x1414d4c,x7=0x0,x8=0x9b504536b1897347,x9=0x9b504536b1897347,x10=0x9b504536b1897347,x11=0x3e8,x12=0x3,x13=0x706f6f6c5f657469,x14=0x7c0fa4e280,x15=0x0,x16=0x5f5c8f5a00,x17=0x7c0c1d9700,x18=0x7c0f35c000,x19=0x5f5c8f470c,x20=0x1,x21=0x1,x22=0x7fd3b20218,x23=0x7fd3b20220,x24=0x0,x25=0x0,x26=0x0,x27=0x0,x28=0x0,x29=0x7fd3b20190,lr=0x5f5c8f4734,sp=0x7fd3b20180,pc=0x7c0c1d9700]
[15012|15012] event_addr:0x7c0c1d9700 hit_count:654, Regs:
[x0=0x1,x1=0x5f5c8f3598,x2=0x1,x3=0x7fd3b201e8,x4=0x0,x5=0x1414d4c,x6=0x1414d4c,x7=0x0,x8=0x9b504536b1897347,x9=0x9b504536b1897347,x10=0x9b504536b1897347,x11=0x3e8,x12=0x3,x13=0x706f6f6c5f657469,x14=0x7c0fa4e280,x15=0x0,x16=0x5f5c8f5a00,x17=0x7c0c1d9700,x18=0x7c0f35c000,x19=0x5f5c8f470c,x20=0x1,x21=0x1,x22=0x7fd3b20218,x23=0x7fd3b20220,x24=0x0,x25=0x0,x26=0x0,x27=0x0,x28=0x0,x29=0x7fd3b20190,lr=0x5f5c8f4734,sp=0x7fd3b20180,pc=0x7c0c1d9700]
[15012|15012] event_addr:0x7c0c1d9700 hit_count:655, Regs:
[x0=0x1,x1=0x5f5c8f3598,x2=0x1,x3=0x7fd3b201e8,x4=0x0,x5=0x1414d4c,x6=0x1414d4c,x7=0x0,x8=0x9b504536b1897347,x9=0x9b504536b1897347,x10=0x9b504536b1897347,x11=0x3e8,x12=0x3,x13=0x706f6f6c5f657469,x14=0x7c0fa4e280,x15=0x0,x16=0x5f5c8f5a00,x17=0x7c0c1d9700,x18=0x7c0f35c000,x19=0x5f5c8f470c,x20=0x1,x21=0x1,x22=0x7fd3b20218,x23=0x7fd3b20220,x24=0x0,x25=0x0,x26=0x0,x27=0x0,x28=0x0,x29=0x7fd3b20190,lr=0x5f5c8f4734,sp=0x7fd3b20180,pc=0x7c0c1d9700]
[15012|15012] event_addr:0x7c0c1d9700 hit_count:656, Regs:
[x0=0x1,x1=0x5f5c8f3598,x2=0x1,x3=0x7fd3b201e8,x4=0x0,x5=0x1414d4c,x6=0x1414d4c,x7=0x0,x8=0x9b504536b1897347,x9=0x9b504536b1897347,x10=0x9b504536b1897347,x11=0x3e8,x12=0x3,x13=0x706f6f6c5f657469,x14=0x7c0fa4e280,x15=0x0,x16=0x5f5c8f5a00,x17=0x7c0c1d9700,x18=0x7c0f35c000,x19=0x5f5c8f470c,x20=0x1,x21=0x1,x22=0x7fd3b20218,x23=0x7fd3b20220,x24=0x0,x25=0x0,x26=0x0,x27=0x0,x28=0x0,x29=0x7fd3b20190,lr=0x5f5c8f4734,sp=0x7fd3b20180,pc=0x7c0c1d9700]
[15012|15012] event_addr:0x7c0c1d9700 hit_count:657, Regs:
[x0=0x1,x1=0x5f5c8f3598,x2=0x1,x3=0x7fd3b201e8,x4=0x0,x5=0x1414d4c,x6=0x1414d4c,x7=0x0,x8=0x9b504536b1897347,x9=0x9b504536b1897347,x10=0x9b504536b1897347,x11=0x3e8,x12=0x3,x13=0x706f6f6c5f657469,x14=0x7c0fa4e280,x15=0x0,x16=0x5f5c8f5a00,x17=0x7c0c1d9700,x18=0x7c0f35c000,x19=0x5f5c8f470c,x20=0x1,x21=0x1,x22=0x7fd3b20218,x23=0x7fd3b20220,x24=0x0,x25=0x0,x26=0x0,x27=0x0,x28=0x0,x29=0x7fd3b20190,lr=0x5f5c8f4734,sp=0x7fd3b20180,pc=0x7c0c1d9700]
[15012|15012] event_addr:0x7c0c1d9700 hit_count:658, Regs:
[x0=0x1,x1=0x5f5c8f3598,x2=0x1,x3=0x7fd3b201e8,x4=0x0,x5=0x1414d4c,x6=0x1414d4c,x7=0x0,x8=0x9b504536b1897347,x9=0x9b504536b1897347,x10=0x9b504536b1897347,x11=0x3e8,x12=0x3,x13=0x706f6f6c5f657469,x14=0x7c0fa4e280,x15=0x0,x16=0x5f5c8f5a00,x17=0x7c0c1d9700,x18=0x7c0f35c000,x19=0x5f5c8f470c,x20=0x1,x21=0x1,x22=0x7fd3b20218,x23=0x7fd3b20220,x24=0x0,x25=0x0,x26=0x0,x27=0x0,x28=0x0,x29=0x7fd3b20190,lr=0x5f5c8f4734,sp=0x7fd3b20180,pc=0x7c0c1d9700]
[15012|15012] event_addr:0x7c0c1d9700 hit_count:659, Regs:
[x0=0x1,x1=0x5f5c8f3598,x2=0x1,x3=0x7fd3b201e8,x4=0x0,x5=0x1414d4c,x6=0x1414d4c,x7=0x0,x8=0x9b504536b1897347,x9=0x9b504536b1897347,x10=0x9b504536b1897347,x11=0x3e8,x12=0x3,x13=0x706f6f6c5f657469,x14=0x7c0fa4e280,x15=0x0,x16=0x5f5c8f5a00,x17=0x7c0c1d9700,x18=0x7c0f35c000,x19=0x5f5c8f470c,x20=0x1,x21=0x1,x22=0x7fd3b20218,x23=0x7fd3b20220,x24=0x0,x25=0x0,x26=0x0,x27=0x0,x28=0x0,x29=0x7fd3b20190,lr=0x5f5c8f4734,sp=0x7fd3b20180,pc=0x7c0c1d9700]
[15012|15012] event_addr:0x7c0c1d9700 hit_count:660, Regs:
[x0=0x1,x1=0x5f5c8f3598,x2=0x1,x3=0x7fd3b201e8,x4=0x0,x5=0x1414d4c,x6=0x1414d4c,x7=0x0,x8=0x9b504536b1897347,x9=0x9b504536b1897347,x10=0x9b504536b1897347,x11=0x3e8,x12=0x3,x13=0x706f6f6c5f657469,x14=0x7c0fa4e280,x15=0x0,x16=0x5f5c8f5a00,x17=0x7c0c1d9700,x18=0x7c0f35c000,x19=0x5f5c8f470c,x20=0x1,x21=0x1,x22=0x7fd3b20218,x23=0x7fd3b20220,x24=0x0,x25=0x0,x26=0x0,x27=0x0,x28=0x0,x29=0x7fd3b20190,lr=0x5f5c8f4734,sp=0x7fd3b20180,pc=0x7c0c1d9700]
[15012|15012] event_addr:0x7c0c1d9700 hit_count:661, Regs:
[x0=0x1,x1=0x5f5c8f3598,x2=0x1,x3=0x7fd3b201e8,x4=0x0,x5=0x1414d4c,x6=0x1414d4c,x7=0x0,x8=0x9b504536b1897347,x9=0x9b504536b1897347,x10=0x9b504536b1897347,x11=0x3e8,x12=0x3,x13=0x706f6f6c5f657469,x14=0x7c0fa4e280,x15=0x0,x16=0x5f5c8f5a00,x17=0x7c0c1d9700,x18=0x7c0f35c000,x19=0x5f5c8f470c,x20=0x1,x21=0x1,x22=0x7fd3b20218,x23=0x7fd3b20220,x24=0x0,x25=0x0,x26=0x0,x27=0x0,x28=0x0,x29=0x7fd3b20190,lr=0x5f5c8f4734,sp=0x7fd3b20180,pc=0x7c0c1d9700]
[15012|15012] event_addr:0x7c0c1d9700 hit_count:662, Regs:
[x0=0x1,x1=0x5f5c8f3598,x2=0x1,x3=0x7fd3b201e8,x4=0x0,x5=0x1414d4c,x6=0x1414d4c,x7=0x0,x8=0x9b504536b1897347,x9=0x9b504536b1897347,x10=0x9b504536b1897347,x11=0x3e8,x12=0x3,x13=0x706f6f6c5f657469,x14=0x7c0fa4e280,x15=0x0,x16=0x5f5c8f5a00,x17=0x7c0c1d9700,x18=0x7c0f35c000,x19=0x5f5c8f470c,x20=0x1,x21=0x1,x22=0x7fd3b20218,x23=0x7fd3b20220,x24=0x0,x25=0x0,x26=0x0,x27=0x0,x28=0x0,x29=0x7fd3b20190,lr=0x5f5c8f4734,sp=0x7fd3b20180,pc=0x7c0c1d9700]
[15012|15012] event_addr:0x7c0c1d9700 hit_count:663, Regs:
[x0=0x1,x1=0x5f5c8f3598,x2=0x1,x3=0x7fd3b201e8,x4=0x0,x5=0x1414d4c,x6=0x1414d4c,x7=0x0,x8=0x9b504536b1897347,x9=0x9b504536b1897347,x10=0x9b504536b1897347,x11=0x3e8,x12=0x3,x13=0x706f6f6c5f657469,x14=0x7c0fa4e280,x15=0x0,x16=0x5f5c8f5a00,x17=0x7c0c1d9700,x18=0x7c0f35c000,x19=0x5f5c8f470c,x20=0x1,x21=0x1,x22=0x7fd3b20218,x23=0x7fd3b20220,x24=0x0,x25=0x0,x26=0x0,x27=0x0,x28=0x0,x29=0x7fd3b20190,lr=0x5f5c8f4734,sp=0x7fd3b20180,pc=0x7c0c1d9700]
[15012|15012] event_addr:0x7c0c1d9700 hit_count:664, Regs:
[x0=0x1,x1=0x5f5c8f3598,x2=0x1,x3=0x7fd3b201e8,x4=0x0,x5=0x1414d4c,x6=0x1414d4c,x7=0x0,x8=0x9b504536b1897347,x9=0x9b504536b1897347,x10=0x9b504536b1897347,x11=0x3e8,x12=0x3,x13=0x706f6f6c5f657469,x14=0x7c0fa4e280,x15=0x0,x16=0x5f5c8f5a00,x17=0x7c0c1d9700,x18=0x7c0f35c000,x19=0x5f5c8f470c,x20=0x1,x21=0x1,x22=0x7fd3b20218,x23=0x7fd3b20220,x24=0x0,x25=0x0,x26=0x0,x27=0x0,x28=0x0,x29=0x7fd3b20190,lr=0x5f5c8f4734,sp=0x7fd3b20180,pc=0x7c0c1d9700]
[15012|15012] event_addr:0x7c0c1d9700 hit_count:665, Regs:
[x0=0x1,x1=0x5f5c8f3598,x2=0x1,x3=0x7fd3b201e8,x4=0x0,x5=0x1414d4c,x6=0x1414d4c,x7=0x0,x8=0x9b504536b1897347,x9=0x9b504536b1897347,x10=0x9b504536b1897347,x11=0x3e8,x12=0x3,x13=0x706f6f6c5f657469,x14=0x7c0fa4e280,x15=0x0,x16=0x5f5c8f5a00,x17=0x7c0c1d9700,x18=0x7c0f35c000,x19=0x5f5c8f470c,x20=0x1,x21=0x1,x22=0x7fd3b20218,x23=0x7fd3b20220,x24=0x0,x25=0x0,x26=0x0,x27=0x0,x28=0x0,x29=0x7fd3b20190,lr=0x5f5c8f4734,sp=0x7fd3b20180,pc=0x7c0c1d9700]
[15012|15012] event_addr:0x7c0c1d9700 hit_count:666, Regs:
[x0=0x1,x1=0x5f5c8f3598,x2=0x1,x3=0x7fd3b201e8,x4=0x0,x5=0x1414d4c,x6=0x1414d4c,x7=0x0,x8=0x9b504536b1897347,x9=0x9b504536b1897347,x10=0x9b504536b1897347,x11=0x3e8,x12=0x3,x13=0x706f6f6c5f657469,x14=0x7c0fa4e280,x15=0x0,x16=0x5f5c8f5a00,x17=0x7c0c1d9700,x18=0x7c0f35c000,x19=0x5f5c8f470c,x20=0x1,x21=0x1,x22=0x7fd3b20218,x23=0x7fd3b20220,x24=0x0,x25=0x0,x26=0x0,x27=0x0,x28=0x0,x29=0x7fd3b20190,lr=0x5f5c8f4734,sp=0x7fd3b20180,pc=0x7c0c1d9700]
[15012|15012] event_addr:0x7c0c1d9700 hit_count:667, Regs:
[x0=0x1,x1=0x5f5c8f3598,x2=0x1,x3=0x7fd3b201e8,x4=0x0,x5=0x1414d4c,x6=0x1414d4c,x7=0x0,x8=0x9b504536b1897347,x9=0x9b504536b1897347,x10=0x9b504536b1897347,x11=0x3e8,x12=0x3,x13=0x706f6f6c5f657469,x14=0x7c0fa4e280,x15=0x0,x16=0x5f5c8f5a00,x17=0x7c0c1d9700,x18=0x7c0f35c000,x19=0x5f5c8f470c,x20=0x1,x21=0x1,x22=0x7fd3b20218,x23=0x7fd3b20220,x24=0x0,x25=0x0,x26=0x0,x27=0x0,x28=0x0,x29=0x7fd3b20190,lr=0x5f5c8f4734,sp=0x7fd3b20180,pc=0x7c0c1d9700]
[15012|15012] event_addr:0x7c0c1d9700 hit_count:668, Regs:
[x0=0x1,x1=0x5f5c8f3598,x2=0x1,x3=0x7fd3b201e8,x4=0x0,x5=0x1414d4c,x6=0x1414d4c,x7=0x0,x8=0x9b504536b1897347,x9=0x9b504536b1897347,x10=0x9b504536b1897347,x11=0x3e8,x12=0x3,x13=0x706f6f6c5f657469,x14=0x7c0fa4e280,x15=0x0,x16=0x5f5c8f5a00,x17=0x7c0c1d9700,x18=0x7c0f35c000,x19=0x5f5c8f470c,x20=0x1,x21=0x1,x22=0x7fd3b20218,x23=0x7fd3b20220,x24=0x0,x25=0x0,x26=0x0,x27=0x0,x28=0x0,x29=0x7fd3b20190,lr=0x5f5c8f4734,sp=0x7fd3b20180,pc=0x7c0c1d9700]
[15012|15012] event_addr:0x7c0c1d9700 hit_count:669, Regs:
[x0=0x1,x1=0x5f5c8f3598,x2=0x1,x3=0x7fd3b201e8,x4=0x0,x5=0x1414d4c,x6=0x1414d4c,x7=0x0,x8=0x9b504536b1897347,x9=0x9b504536b1897347,x10=0x9b504536b1897347,x11=0x3e8,x12=0x3,x13=0x706f6f6c5f657469,x14=0x7c0fa4e280,x15=0x0,x16=0x5f5c8f5a00,x17=0x7c0c1d9700,x18=0x7c0f35c000,x19=0x5f5c8f470c,x20=0x1,x21=0x1,x22=0x7fd3b20218,x23=0x7fd3b20220,x24=0x0,x25=0x0,x26=0x0,x27=0x0,x28=0x0,x29=0x7fd3b20190,lr=0x5f5c8f4734,sp=0x7fd3b20180,pc=0x7c0c1d9700]
[15012|15012] event_addr:0x7c0c1d9700 hit_count:670, Regs:
[x0=0x1,x1=0x5f5c8f3598,x2=0x1,x3=0x7fd3b201e8,x4=0x0,x5=0x1414d4c,x6=0x1414d4c,x7=0x0,x8=0x9b504536b1897347,x9=0x9b504536b1897347,x10=0x9b504536b1897347,x11=0x3e8,x12=0x3,x13=0x706f6f6c5f657469,x14=0x7c0fa4e280,x15=0x0,x16=0x5f5c8f5a00,x17=0x7c0c1d9700,x18=0x7c0f35c000,x19=0x5f5c8f470c,x20=0x1,x21=0x1,x22=0x7fd3b20218,x23=0x7fd3b20220,x24=0x0,x25=0x0,x26=0x0,x27=0x0,x28=0x0,x29=0x7fd3b20190,lr=0x5f5c8f4734,sp=0x7fd3b20180,pc=0x7c0c1d9700]
[15012|15012] event_addr:0x7c0c1d9700 hit_count:671, Regs:
[x0=0x1,x1=0x5f5c8f3598,x2=0x1,x3=0x7fd3b201e8,x4=0x0,x5=0x1414d4c,x6=0x1414d4c,x7=0x0,x8=0x9b504536b1897347,x9=0x9b504536b1897347,x10=0x9b504536b1897347,x11=0x3e8,x12=0x3,x13=0x706f6f6c5f657469,x14=0x7c0fa4e280,x15=0x0,x16=0x5f5c8f5a00,x17=0x7c0c1d9700,x18=0x7c0f35c000,x19=0x5f5c8f470c,x20=0x1,x21=0x1,x22=0x7fd3b20218,x23=0x7fd3b20220,x24=0x0,x25=0x0,x26=0x0,x27=0x0,x28=0x0,x29=0x7fd3b20190,lr=0x5f5c8f4734,sp=0x7fd3b20180,pc=0x7c0c1d9700]
[15012|15012] event_addr:0x7c0c1d9700 hit_count:672, Regs:
[x0=0x1,x1=0x5f5c8f3598,x2=0x1,x3=0x7fd3b201e8,x4=0x0,x5=0x1414d4c,x6=0x1414d4c,x7=0x0,x8=0x9b504536b1897347,x9=0x9b504536b1897347,x10=0x9b504536b1897347,x11=0x3e8,x12=0x3,x13=0x706f6f6c5f657469,x14=0x7c0fa4e280,x15=0x0,x16=0x5f5c8f5a00,x17=0x7c0c1d9700,x18=0x7c0f35c000,x19=0x5f5c8f470c,x20=0x1,x21=0x1,x22=0x7fd3b20218,x23=0x7fd3b20220,x24=0x0,x25=0x0,x26=0x0,x27=0x0,x28=0x0,x29=0x7fd3b20190,lr=0x5f5c8f4734,sp=0x7fd3b20180,pc=0x7c0c1d9700]
[15012|15012] event_addr:0x7c0c1d9700 hit_count:673, Regs:
[x0=0x1,x1=0x5f5c8f3598,x2=0x1,x3=0x7fd3b201e8,x4=0x0,x5=0x1414d4c,x6=0x1414d4c,x7=0x0,x8=0x9b504536b1897347,x9=0x9b504536b1897347,x10=0x9b504536b1897347,x11=0x3e8,x12=0x3,x13=0x706f6f6c5f657469,x14=0x7c0fa4e280,x15=0x0,x16=0x5f5c8f5a00,x17=0x7c0c1d9700,x18=0x7c0f35c000,x19=0x5f5c8f470c,x20=0x1,x21=0x1,x22=0x7fd3b20218,x23=0x7fd3b20220,x24=0x0,x25=0x0,x26=0x0,x27=0x0,x28=0x0,x29=0x7fd3b20190,lr=0x5f5c8f4734,sp=0x7fd3b20180,pc=0x7c0c1d9700]
[15012|15012] event_addr:0x7c0c1d9700 hit_count:674, Regs:
[x0=0x1,x1=0x5f5c8f3598,x2=0x1,x3=0x7fd3b201e8,x4=0x0,x5=0x1414d4c,x6=0x1414d4c,x7=0x0,x8=0x9b504536b1897347,x9=0x9b504536b1897347,x10=0x9b504536b1897347,x11=0x3e8,x12=0x3,x13=0x706f6f6c5f657469,x14=0x7c0fa4e280,x15=0x0,x16=0x5f5c8f5a00,x17=0x7c0c1d9700,x18=0x7c0f35c000,x19=0x5f5c8f470c,x20=0x1,x21=0x1,x22=0x7fd3b20218,x23=0x7fd3b20220,x24=0x0,x25=0x0,x26=0x0,x27=0x0,x28=0x0,x29=0x7fd3b20190,lr=0x5f5c8f4734,sp=0x7fd3b20180,pc=0x7c0c1d9700]
[15012|15012] event_addr:0x7c0c1d9700 hit_count:675, Regs:
[x0=0x1,x1=0x5f5c8f3598,x2=0x1,x3=0x7fd3b201e8,x4=0x0,x5=0x1414d4c,x6=0x1414d4c,x7=0x0,x8=0x9b504536b1897347,x9=0x9b504536b1897347,x10=0x9b504536b1897347,x11=0x3e8,x12=0x3,x13=0x706f6f6c5f657469,x14=0x7c0fa4e280,x15=0x0,x16=0x5f5c8f5a00,x17=0x7c0c1d9700,x18=0x7c0f35c000,x19=0x5f5c8f470c,x20=0x1,x21=0x1,x22=0x7fd3b20218,x23=0x7fd3b20220,x24=0x0,x25=0x0,x26=0x0,x27=0x0,x28=0x0,x29=0x7fd3b20190,lr=0x5f5c8f4734,sp=0x7fd3b20180,pc=0x7c0c1d9700]
[15012|15012] event_addr:0x7c0c1d9700 hit_count:676, Regs:
[x0=0x1,x1=0x5f5c8f3598,x2=0x1,x3=0x7fd3b201e8,x4=0x0,x5=0x1414d4c,x6=0x1414d4c,x7=0x0,x8=0x9b504536b1897347,x9=0x9b504536b1897347,x10=0x9b504536b1897347,x11=0x3e8,x12=0x3,x13=0x706f6f6c5f657469,x14=0x7c0fa4e280,x15=0x0,x16=0x5f5c8f5a00,x17=0x7c0c1d9700,x18=0x7c0f35c000,x19=0x5f5c8f470c,x20=0x1,x21=0x1,x22=0x7fd3b20218,x23=0x7fd3b20220,x24=0x0,x25=0x0,x26=0x0,x27=0x0,x28=0x0,x29=0x7fd3b20190,lr=0x5f5c8f4734,sp=0x7fd3b20180,pc=0x7c0c1d9700]
[15012|15012] event_addr:0x7c0c1d9700 hit_count:677, Regs:
[x0=0x1,x1=0x5f5c8f3598,x2=0x1,x3=0x7fd3b201e8,x4=0x0,x5=0x1414d4c,x6=0x1414d4c,x7=0x0,x8=0x9b504536b1897347,x9=0x9b504536b1897347,x10=0x9b504536b1897347,x11=0x3e8,x12=0x3,x13=0x706f6f6c5f657469,x14=0x7c0fa4e280,x15=0x0,x16=0x5f5c8f5a00,x17=0x7c0c1d9700,x18=0x7c0f35c000,x19=0x5f5c8f470c,x20=0x1,x21=0x1,x22=0x7fd3b20218,x23=0x7fd3b20220,x24=0x0,x25=0x0,x26=0x0,x27=0x0,x28=0x0,x29=0x7fd3b20190,lr=0x5f5c8f4734,sp=0x7fd3b20180,pc=0x7c0c1d9700]
[15012|15012] event_addr:0x7c0c1d9700 hit_count:678, Regs:
[x0=0x1,x1=0x5f5c8f3598,x2=0x1,x3=0x7fd3b201e8,x4=0x0,x5=0x1414d4c,x6=0x1414d4c,x7=0x0,x8=0x9b504536b1897347,x9=0x9b504536b1897347,x10=0x9b504536b1897347,x11=0x3e8,x12=0x3,x13=0x706f6f6c5f657469,x14=0x7c0fa4e280,x15=0x0,x16=0x5f5c8f5a00,x17=0x7c0c1d9700,x18=0x7c0f35c000,x19=0x5f5c8f470c,x20=0x1,x21=0x1,x22=0x7fd3b20218,x23=0x7fd3b20220,x24=0x0,x25=0x0,x26=0x0,x27=0x0,x28=0x0,x29=0x7fd3b20190,lr=0x5f5c8f4734,sp=0x7fd3b20180,pc=0x7c0c1d9700]
[15012|15012] event_addr:0x7c0c1d9700 hit_count:679, Regs:
[x0=0x1,x1=0x5f5c8f3598,x2=0x1,x3=0x7fd3b201e8,x4=0x0,x5=0x1414d4c,x6=0x1414d4c,x7=0x0,x8=0x9b504536b1897347,x9=0x9b504536b1897347,x10=0x9b504536b1897347,x11=0x3e8,x12=0x3,x13=0x706f6f6c5f657469,x14=0x7c0fa4e280,x15=0x0,x16=0x5f5c8f5a00,x17=0x7c0c1d9700,x18=0x7c0f35c000,x19=0x5f5c8f470c,x20=0x1,x21=0x1,x22=0x7fd3b20218,x23=0x7fd3b20220,x24=0x0,x25=0x0,x26=0x0,x27=0x0,x28=0x0,x29=0x7fd3b20190,lr=0x5f5c8f4734,sp=0x7fd3b20180,pc=0x7c0c1d9700]
[15012|15012] event_addr:0x7c0c1d9700 hit_count:680, Regs:
[x0=0x1,x1=0x5f5c8f3598,x2=0x1,x3=0x7fd3b201e8,x4=0x0,x5=0x1414d4c,x6=0x1414d4c,x7=0x0,x8=0x9b504536b1897347,x9=0x9b504536b1897347,x10=0x9b504536b1897347,x11=0x3e8,x12=0x3,x13=0x706f6f6c5f657469,x14=0x7c0fa4e280,x15=0x0,x16=0x5f5c8f5a00,x17=0x7c0c1d9700,x18=0x7c0f35c000,x19=0x5f5c8f470c,x20=0x1,x21=0x1,x22=0x7fd3b20218,x23=0x7fd3b20220,x24=0x0,x25=0x0,x26=0x0,x27=0x0,x28=0x0,x29=0x7fd3b20190,lr=0x5f5c8f4734,sp=0x7fd3b20180,pc=0x7c0c1d9700]
[15012|15012] event_addr:0x7c0c1d9700 hit_count:681, Regs:
[x0=0x1,x1=0x5f5c8f3598,x2=0x1,x3=0x7fd3b201e8,x4=0x0,x5=0x1414d4c,x6=0x1414d4c,x7=0x0,x8=0x9b504536b1897347,x9=0x9b504536b1897347,x10=0x9b504536b1897347,x11=0x3e8,x12=0x3,x13=0x706f6f6c5f657469,x14=0x7c0fa4e280,x15=0x0,x16=0x5f5c8f5a00,x17=0x7c0c1d9700,x18=0x7c0f35c000,x19=0x5f5c8f470c,x20=0x1,x21=0x1,x22=0x7fd3b20218,x23=0x7fd3b20220,x24=0x0,x25=0x0,x26=0x0,x27=0x0,x28=0x0,x29=0x7fd3b20190,lr=0x5f5c8f4734,sp=0x7fd3b20180,pc=0x7c0c1d9700]
[15012|15012] event_addr:0x7c0c1d9700 hit_count:682, Regs:
[x0=0x1,x1=0x5f5c8f3598,x2=0x1,x3=0x7fd3b201e8,x4=0x0,x5=0x1414d4c,x6=0x1414d4c,x7=0x0,x8=0x9b504536b1897347,x9=0x9b504536b1897347,x10=0x9b504536b1897347,x11=0x3e8,x12=0x3,x13=0x706f6f6c5f657469,x14=0x7c0fa4e280,x15=0x0,x16=0x5f5c8f5a00,x17=0x7c0c1d9700,x18=0x7c0f35c000,x19=0x5f5c8f470c,x20=0x1,x21=0x1,x22=0x7fd3b20218,x23=0x7fd3b20220,x24=0x0,x25=0x0,x26=0x0,x27=0x0,x28=0x0,x29=0x7fd3b20190,lr=0x5f5c8f4734,sp=0x7fd3b20180,pc=0x7c0c1d9700]
[15012|15012] event_addr:0x7c0c1d9700 hit_count:683, Regs:
[x0=0x1,x1=0x5f5c8f3598,x2=0x1,x3=0x7fd3b201e8,x4=0x0,x5=0x1414d4c,x6=0x1414d4c,x7=0x0,x8=0x9b504536b1897347,x9=0x9b504536b1897347,x10=0x9b504536b1897347,x11=0x3e8,x12=0x3,x13=0x706f6f6c5f657469,x14=0x7c0fa4e280,x15=0x0,x16=0x5f5c8f5a00,x17=0x7c0c1d9700,x18=0x7c0f35c000,x19=0x5f5c8f470c,x20=0x1,x21=0x1,x22=0x7fd3b20218,x23=0x7fd3b20220,x24=0x0,x25=0x0,x26=0x0,x27=0x0,x28=0x0,x29=0x7fd3b20190,lr=0x5f5c8f4734,sp=0x7fd3b20180,pc=0x7c0c1d9700]
[15012|15012] event_addr:0x7c0c1d9700 hit_count:684, Regs:
[x0=0x1,x1=0x5f5c8f3598,x2=0x1,x3=0x7fd3b201e8,x4=0x0,x5=0x1414d4c,x6=0x1414d4c,x7=0x0,x8=0x9b504536b1897347,x9=0x9b504536b1897347,x10=0x9b504536b1897347,x11=0x3e8,x12=0x3,x13=0x706f6f6c5f657469,x14=0x7c0fa4e280,x15=0x0,x16=0x5f5c8f5a00,x17=0x7c0c1d9700,x18=0x7c0f35c000,x19=0x5f5c8f470c,x20=0x1,x21=0x1,x22=0x7fd3b20218,x23=0x7fd3b20220,x24=0x0,x25=0x0,x26=0x0,x27=0x0,x28=0x0,x29=0x7fd3b20190,lr=0x5f5c8f4734,sp=0x7fd3b20180,pc=0x7c0c1d9700]
[15012|15012] event_addr:0x7c0c1d9700 hit_count:685, Regs:
[x0=0x1,x1=0x5f5c8f3598,x2=0x1,x3=0x7fd3b201e8,x4=0x0,x5=0x1414d4c,x6=0x1414d4c,x7=0x0,x8=0x9b504536b1897347,x9=0x9b504536b1897347,x10=0x9b504536b1897347,x11=0x3e8,x12=0x3,x13=0x706f6f6c5f657469,x14=0x7c0fa4e280,x15=0x0,x16=0x5f5c8f5a00,x17=0x7c0c1d9700,x18=0x7c0f35c000,x19=0x5f5c8f470c,x20=0x1,x21=0x1,x22=0x7fd3b20218,x23=0x7fd3b20220,x24=0x0,x25=0x0,x26=0x0,x27=0x0,x28=0x0,x29=0x7fd3b20190,lr=0x5f5c8f4734,sp=0x7fd3b20180,pc=0x7c0c1d9700]
[15012|15012] event_addr:0x7c0c1d9700 hit_count:686, Regs:
[x0=0x1,x1=0x5f5c8f3598,x2=0x1,x3=0x7fd3b201e8,x4=0x0,x5=0x1414d4c,x6=0x1414d4c,x7=0x0,x8=0x9b504536b1897347,x9=0x9b504536b1897347,x10=0x9b504536b1897347,x11=0x3e8,x12=0x3,x13=0x706f6f6c5f657469,x14=0x7c0fa4e280,x15=0x0,x16=0x5f5c8f5a00,x17=0x7c0c1d9700,x18=0x7c0f35c000,x19=0x5f5c8f470c,x20=0x1,x21=0x1,x22=0x7fd3b20218,x23=0x7fd3b20220,x24=0x0,x25=0x0,x26=0x0,x27=0x0,x28=0x0,x29=0x7fd3b20190,lr=0x5f5c8f4734,sp=0x7fd3b20180,pc=0x7c0c1d9700]
[15012|15012] event_addr:0x7c0c1d9700 hit_count:687, Regs:
[x0=0x1,x1=0x5f5c8f3598,x2=0x1,x3=0x7fd3b201e8,x4=0x0,x5=0x1414d4c,x6=0x1414d4c,x7=0x0,x8=0x9b504536b1897347,x9=0x9b504536b1897347,x10=0x9b504536b1897347,x11=0x3e8,x12=0x3,x13=0x706f6f6c5f657469,x14=0x7c0fa4e280,x15=0x0,x16=0x5f5c8f5a00,x17=0x7c0c1d9700,x18=0x7c0f35c000,x19=0x5f5c8f470c,x20=0x1,x21=0x1,x22=0x7fd3b20218,x23=0x7fd3b20220,x24=0x0,x25=0x0,x26=0x0,x27=0x0,x28=0x0,x29=0x7fd3b20190,lr=0x5f5c8f4734,sp=0x7fd3b20180,pc=0x7c0c1d9700]
[15012|15012] event_addr:0x7c0c1d9700 hit_count:688, Regs:
[x0=0x1,x1=0x5f5c8f3598,x2=0x1,x3=0x7fd3b201e8,x4=0x0,x5=0x1414d4c,x6=0x1414d4c,x7=0x0,x8=0x9b504536b1897347,x9=0x9b504536b1897347,x10=0x9b504536b1897347,x11=0x3e8,x12=0x3,x13=0x706f6f6c5f657469,x14=0x7c0fa4e280,x15=0x0,x16=0x5f5c8f5a00,x17=0x7c0c1d9700,x18=0x7c0f35c000,x19=0x5f5c8f470c,x20=0x1,x21=0x1,x22=0x7fd3b20218,x23=0x7fd3b20220,x24=0x0,x25=0x0,x26=0x0,x27=0x0,x28=0x0,x29=0x7fd3b20190,lr=0x5f5c8f4734,sp=0x7fd3b20180,pc=0x7c0c1d9700]
[15012|15012] event_addr:0x7c0c1d9700 hit_count:689, Regs:
[x0=0x1,x1=0x5f5c8f3598,x2=0x1,x3=0x7fd3b201e8,x4=0x0,x5=0x1414d4c,x6=0x1414d4c,x7=0x0,x8=0x9b504536b1897347,x9=0x9b504536b1897347,x10=0x9b504536b1897347,x11=0x3e8,x12=0x3,x13=0x706f6f6c5f657469,x14=0x7c0fa4e280,x15=0x0,x16=0x5f5c8f5a00,x17=0x7c0c1d9700,x18=0x7c0f35c000,x19=0x5f5c8f470c,x20=0x1,x21=0x1,x22=0x7fd3b20218,x23=0x7fd3b20220,x24=0x0,x25=0x0,x26=0x0,x27=0x0,x28=0x0,x29=0x7fd3b20190,lr=0x5f5c8f4734,sp=0x7fd3b20180,pc=0x7c0c1d9700]
[15012|15012] event_addr:0x7c0c1d9700 hit_count:690, Regs:
[x0=0x1,x1=0x5f5c8f3598,x2=0x1,x3=0x7fd3b201e8,x4=0x0,x5=0x1414d4c,x6=0x1414d4c,x7=0x0,x8=0x9b504536b1897347,x9=0x9b504536b1897347,x10=0x9b504536b1897347,x11=0x3e8,x12=0x3,x13=0x706f6f6c5f657469,x14=0x7c0fa4e280,x15=0x0,x16=0x5f5c8f5a00,x17=0x7c0c1d9700,x18=0x7c0f35c000,x19=0x5f5c8f470c,x20=0x1,x21=0x1,x22=0x7fd3b20218,x23=0x7fd3b20220,x24=0x0,x25=0x0,x26=0x0,x27=0x0,x28=0x0,x29=0x7fd3b20190,lr=0x5f5c8f4734,sp=0x7fd3b20180,pc=0x7c0c1d9700]
[15012|15012] event_addr:0x7c0c1d9700 hit_count:691, Regs:
[x0=0x1,x1=0x5f5c8f3598,x2=0x1,x3=0x7fd3b201e8,x4=0x0,x5=0x1414d4c,x6=0x1414d4c,x7=0x0,x8=0x9b504536b1897347,x9=0x9b504536b1897347,x10=0x9b504536b1897347,x11=0x3e8,x12=0x3,x13=0x706f6f6c5f657469,x14=0x7c0fa4e280,x15=0x0,x16=0x5f5c8f5a00,x17=0x7c0c1d9700,x18=0x7c0f35c000,x19=0x5f5c8f470c,x20=0x1,x21=0x1,x22=0x7fd3b20218,x23=0x7fd3b20220,x24=0x0,x25=0x0,x26=0x0,x27=0x0,x28=0x0,x29=0x7fd3b20190,lr=0x5f5c8f4734,sp=0x7fd3b20180,pc=0x7c0c1d9700]
[15012|15012] event_addr:0x7c0c1d9700 hit_count:692, Regs:
[x0=0x1,x1=0x5f5c8f3598,x2=0x1,x3=0x7fd3b201e8,x4=0x0,x5=0x1414d4c,x6=0x1414d4c,x7=0x0,x8=0x9b504536b1897347,x9=0x9b504536b1897347,x10=0x9b504536b1897347,x11=0x3e8,x12=0x3,x13=0x706f6f6c5f657469,x14=0x7c0fa4e280,x15=0x0,x16=0x5f5c8f5a00,x17=0x7c0c1d9700,x18=0x7c0f35c000,x19=0x5f5c8f470c,x20=0x1,x21=0x1,x22=0x7fd3b20218,x23=0x7fd3b20220,x24=0x0,x25=0x0,x26=0x0,x27=0x0,x28=0x0,x29=0x7fd3b20190,lr=0x5f5c8f4734,sp=0x7fd3b20180,pc=0x7c0c1d9700]
[15012|15012] event_addr:0x7c0c1d9700 hit_count:693, Regs:
[x0=0x1,x1=0x5f5c8f3598,x2=0x1,x3=0x7fd3b201e8,x4=0x0,x5=0x1414d4c,x6=0x1414d4c,x7=0x0,x8=0x9b504536b1897347,x9=0x9b504536b1897347,x10=0x9b504536b1897347,x11=0x3e8,x12=0x3,x13=0x706f6f6c5f657469,x14=0x7c0fa4e280,x15=0x0,x16=0x5f5c8f5a00,x17=0x7c0c1d9700,x18=0x7c0f35c000,x19=0x5f5c8f470c,x20=0x1,x21=0x1,x22=0x7fd3b20218,x23=0x7fd3b20220,x24=0x0,x25=0x0,x26=0x0,x27=0x0,x28=0x0,x29=0x7fd3b20190,lr=0x5f5c8f4734,sp=0x7fd3b20180,pc=0x7c0c1d9700]
[15012|15012] event_addr:0x7c0c1d9700 hit_count:694, Regs:
[x0=0x1,x1=0x5f5c8f3598,x2=0x1,x3=0x7fd3b201e8,x4=0x0,x5=0x1414d4c,x6=0x1414d4c,x7=0x0,x8=0x9b504536b1897347,x9=0x9b504536b1897347,x10=0x9b504536b1897347,x11=0x3e8,x12=0x3,x13=0x706f6f6c5f657469,x14=0x7c0fa4e280,x15=0x0,x16=0x5f5c8f5a00,x17=0x7c0c1d9700,x18=0x7c0f35c000,x19=0x5f5c8f470c,x20=0x1,x21=0x1,x22=0x7fd3b20218,x23=0x7fd3b20220,x24=0x0,x25=0x0,x26=0x0,x27=0x0,x28=0x0,x29=0x7fd3b20190,lr=0x5f5c8f4734,sp=0x7fd3b20180,pc=0x7c0c1d9700]
[15012|15012] event_addr:0x7c0c1d9700 hit_count:695, Regs:
[x0=0x1,x1=0x5f5c8f3598,x2=0x1,x3=0x7fd3b201e8,x4=0x0,x5=0x1414d4c,x6=0x1414d4c,x7=0x0,x8=0x9b504536b1897347,x9=0x9b504536b1897347,x10=0x9b504536b1897347,x11=0x3e8,x12=0x3,x13=0x706f6f6c5f657469,x14=0x7c0fa4e280,x15=0x0,x16=0x5f5c8f5a00,x17=0x7c0c1d9700,x18=0x7c0f35c000,x19=0x5f5c8f470c,x20=0x1,x21=0x1,x22=0x7fd3b20218,x23=0x7fd3b20220,x24=0x0,x25=0x0,x26=0x0,x27=0x0,x28=0x0,x29=0x7fd3b20190,lr=0x5f5c8f4734,sp=0x7fd3b20180,pc=0x7c0c1d9700]
[15012|15012] event_addr:0x7c0c1d9700 hit_count:696, Regs:
[x0=0x1,x1=0x5f5c8f3598,x2=0x1,x3=0x7fd3b201e8,x4=0x0,x5=0x1414d4c,x6=0x1414d4c,x7=0x0,x8=0x9b504536b1897347,x9=0x9b504536b1897347,x10=0x9b504536b1897347,x11=0x3e8,x12=0x3,x13=0x706f6f6c5f657469,x14=0x7c0fa4e280,x15=0x0,x16=0x5f5c8f5a00,x17=0x7c0c1d9700,x18=0x7c0f35c000,x19=0x5f5c8f470c,x20=0x1,x21=0x1,x22=0x7fd3b20218,x23=0x7fd3b20220,x24=0x0,x25=0x0,x26=0x0,x27=0x0,x28=0x0,x29=0x7fd3b20190,lr=0x5f5c8f4734,sp=0x7fd3b20180,pc=0x7c0c1d9700]
[15012|15012] event_addr:0x7c0c1d9700 hit_count:697, Regs:
[x0=0x1,x1=0x5f5c8f3598,x2=0x1,x3=0x7fd3b201e8,x4=0x0,x5=0x1414d4c,x6=0x1414d4c,x7=0x0,x8=0x9b504536b1897347,x9=0x9b504536b1897347,x10=0x9b504536b1897347,x11=0x3e8,x12=0x3,x13=0x706f6f6c5f657469,x14=0x7c0fa4e280,x15=0x0,x16=0x5f5c8f5a00,x17=0x7c0c1d9700,x18=0x7c0f35c000,x19=0x5f5c8f470c,x20=0x1,x21=0x1,x22=0x7fd3b20218,x23=0x7fd3b20220,x24=0x0,x25=0x0,x26=0x0,x27=0x0,x28=0x0,x29=0x7fd3b20190,lr=0x5f5c8f4734,sp=0x7fd3b20180,pc=0x7c0c1d9700]
[15012|15012] event_addr:0x7c0c1d9700 hit_count:698, Regs:
[x0=0x1,x1=0x5f5c8f3598,x2=0x1,x3=0x7fd3b201e8,x4=0x0,x5=0x1414d4c,x6=0x1414d4c,x7=0x0,x8=0x9b504536b1897347,x9=0x9b504536b1897347,x10=0x9b504536b1897347,x11=0x3e8,x12=0x3,x13=0x706f6f6c5f657469,x14=0x7c0fa4e280,x15=0x0,x16=0x5f5c8f5a00,x17=0x7c0c1d9700,x18=0x7c0f35c000,x19=0x5f5c8f470c,x20=0x1,x21=0x1,x22=0x7fd3b20218,x23=0x7fd3b20220,x24=0x0,x25=0x0,x26=0x0,x27=0x0,x28=0x0,x29=0x7fd3b20190,lr=0x5f5c8f4734,sp=0x7fd3b20180,pc=0x7c0c1d9700]
[15012|15012] event_addr:0x7c0c1d9700 hit_count:699, Regs:
[x0=0x1,x1=0x5f5c8f3598,x2=0x1,x3=0x7fd3b201e8,x4=0x0,x5=0x1414d4c,x6=0x1414d4c,x7=0x0,x8=0x9b504536b1897347,x9=0x9b504536b1897347,x10=0x9b504536b1897347,x11=0x3e8,x12=0x3,x13=0x706f6f6c5f657469,x14=0x7c0fa4e280,x15=0x0,x16=0x5f5c8f5a00,x17=0x7c0c1d9700,x18=0x7c0f35c000,x19=0x5f5c8f470c,x20=0x1,x21=0x1,x22=0x7fd3b20218,x23=0x7fd3b20220,x24=0x0,x25=0x0,x26=0x0,x27=0x0,x28=0x0,x29=0x7fd3b20190,lr=0x5f5c8f4734,sp=0x7fd3b20180,pc=0x7c0c1d9700]
[15012|15012] event_addr:0x7c0c1d9700 hit_count:700, Regs:
[x0=0x1,x1=0x5f5c8f3598,x2=0x1,x3=0x7fd3b201e8,x4=0x0,x5=0x1414d4c,x6=0x1414d4c,x7=0x0,x8=0x9b504536b1897347,x9=0x9b504536b1897347,x10=0x9b504536b1897347,x11=0x3e8,x12=0x3,x13=0x706f6f6c5f657469,x14=0x7c0fa4e280,x15=0x0,x16=0x5f5c8f5a00,x17=0x7c0c1d9700,x18=0x7c0f35c000,x19=0x5f5c8f470c,x20=0x1,x21=0x1,x22=0x7fd3b20218,x23=0x7fd3b20220,x24=0x0,x25=0x0,x26=0x0,x27=0x0,x28=0x0,x29=0x7fd3b20190,lr=0x5f5c8f4734,sp=0x7fd3b20180,pc=0x7c0c1d9700]
[15012|15012] event_addr:0x7c0c1d9700 hit_count:701, Regs:
[x0=0x1,x1=0x5f5c8f3598,x2=0x1,x3=0x7fd3b201e8,x4=0x0,x5=0x1414d4c,x6=0x1414d4c,x7=0x0,x8=0x9b504536b1897347,x9=0x9b504536b1897347,x10=0x9b504536b1897347,x11=0x3e8,x12=0x3,x13=0x706f6f6c5f657469,x14=0x7c0fa4e280,x15=0x0,x16=0x5f5c8f5a00,x17=0x7c0c1d9700,x18=0x7c0f35c000,x19=0x5f5c8f470c,x20=0x1,x21=0x1,x22=0x7fd3b20218,x23=0x7fd3b20220,x24=0x0,x25=0x0,x26=0x0,x27=0x0,x28=0x0,x29=0x7fd3b20190,lr=0x5f5c8f4734,sp=0x7fd3b20180,pc=0x7c0c1d9700]
[15012|15012] event_addr:0x7c0c1d9700 hit_count:702, Regs:
[x0=0x1,x1=0x5f5c8f3598,x2=0x1,x3=0x7fd3b201e8,x4=0x0,x5=0x1414d4c,x6=0x1414d4c,x7=0x0,x8=0x9b504536b1897347,x9=0x9b504536b1897347,x10=0x9b504536b1897347,x11=0x3e8,x12=0x3,x13=0x706f6f6c5f657469,x14=0x7c0fa4e280,x15=0x0,x16=0x5f5c8f5a00,x17=0x7c0c1d9700,x18=0x7c0f35c000,x19=0x5f5c8f470c,x20=0x1,x21=0x1,x22=0x7fd3b20218,x23=0x7fd3b20220,x24=0x0,x25=0x0,x26=0x0,x27=0x0,x28=0x0,x29=0x7fd3b20190,lr=0x5f5c8f4734,sp=0x7fd3b20180,pc=0x7c0c1d9700]
[15012|15012] event_addr:0x7c0c1d9700 hit_count:703, Regs:
[x0=0x1,x1=0x5f5c8f3598,x2=0x1,x3=0x7fd3b201e8,x4=0x0,x5=0x1414d4c,x6=0x1414d4c,x7=0x0,x8=0x9b504536b1897347,x9=0x9b504536b1897347,x10=0x9b504536b1897347,x11=0x3e8,x12=0x3,x13=0x706f6f6c5f657469,x14=0x7c0fa4e280,x15=0x0,x16=0x5f5c8f5a00,x17=0x7c0c1d9700,x18=0x7c0f35c000,x19=0x5f5c8f470c,x20=0x1,x21=0x1,x22=0x7fd3b20218,x23=0x7fd3b20220,x24=0x0,x25=0x0,x26=0x0,x27=0x0,x28=0x0,x29=0x7fd3b20190,lr=0x5f5c8f4734,sp=0x7fd3b20180,pc=0x7c0c1d9700]
[15012|15012] event_addr:0x7c0c1d9700 hit_count:704, Regs:
[x0=0x1,x1=0x5f5c8f3598,x2=0x1,x3=0x7fd3b201e8,x4=0x0,x5=0x1414d4c,x6=0x1414d4c,x7=0x0,x8=0x9b504536b1897347,x9=0x9b504536b1897347,x10=0x9b504536b1897347,x11=0x3e8,x12=0x3,x13=0x706f6f6c5f657469,x14=0x7c0fa4e280,x15=0x0,x16=0x5f5c8f5a00,x17=0x7c0c1d9700,x18=0x7c0f35c000,x19=0x5f5c8f470c,x20=0x1,x21=0x1,x22=0x7fd3b20218,x23=0x7fd3b20220,x24=0x0,x25=0x0,x26=0x0,x27=0x0,x28=0x0,x29=0x7fd3b20190,lr=0x5f5c8f4734,sp=0x7fd3b20180,pc=0x7c0c1d9700]
[15012|15012] event_addr:0x7c0c1d9700 hit_count:705, Regs:
[x0=0x1,x1=0x5f5c8f3598,x2=0x1,x3=0x7fd3b201e8,x4=0x0,x5=0x1414d4c,x6=0x1414d4c,x7=0x0,x8=0x9b504536b1897347,x9=0x9b504536b1897347,x10=0x9b504536b1897347,x11=0x3e8,x12=0x3,x13=0x706f6f6c5f657469,x14=0x7c0fa4e280,x15=0x0,x16=0x5f5c8f5a00,x17=0x7c0c1d9700,x18=0x7c0f35c000,x19=0x5f5c8f470c,x20=0x1,x21=0x1,x22=0x7fd3b20218,x23=0x7fd3b20220,x24=0x0,x25=0x0,x26=0x0,x27=0x0,x28=0x0,x29=0x7fd3b20190,lr=0x5f5c8f4734,sp=0x7fd3b20180,pc=0x7c0c1d9700]
[15012|15012] event_addr:0x7c0c1d9700 hit_count:706, Regs:
[x0=0x1,x1=0x5f5c8f3598,x2=0x1,x3=0x7fd3b201e8,x4=0x0,x5=0x1414d4c,x6=0x1414d4c,x7=0x0,x8=0x9b504536b1897347,x9=0x9b504536b1897347,x10=0x9b504536b1897347,x11=0x3e8,x12=0x3,x13=0x706f6f6c5f657469,x14=0x7c0fa4e280,x15=0x0,x16=0x5f5c8f5a00,x17=0x7c0c1d9700,x18=0x7c0f35c000,x19=0x5f5c8f470c,x20=0x1,x21=0x1,x22=0x7fd3b20218,x23=0x7fd3b20220,x24=0x0,x25=0x0,x26=0x0,x27=0x0,x28=0x0,x29=0x7fd3b20190,lr=0x5f5c8f4734,sp=0x7fd3b20180,pc=0x7c0c1d9700]
[15012|15012] event_addr:0x7c0c1d9700 hit_count:707, Regs:
[x0=0x1,x1=0x5f5c8f3598,x2=0x1,x3=0x7fd3b201e8,x4=0x0,x5=0x1414d4c,x6=0x1414d4c,x7=0x0,x8=0x9b504536b1897347,x9=0x9b504536b1897347,x10=0x9b504536b1897347,x11=0x3e8,x12=0x3,x13=0x706f6f6c5f657469,x14=0x7c0fa4e280,x15=0x0,x16=0x5f5c8f5a00,x17=0x7c0c1d9700,x18=0x7c0f35c000,x19=0x5f5c8f470c,x20=0x1,x21=0x1,x22=0x7fd3b20218,x23=0x7fd3b20220,x24=0x0,x25=0x0,x26=0x0,x27=0x0,x28=0x0,x29=0x7fd3b20190,lr=0x5f5c8f4734,sp=0x7fd3b20180,pc=0x7c0c1d9700]
[15012|15012] event_addr:0x7c0c1d9700 hit_count:708, Regs:
[x0=0x1,x1=0x5f5c8f3598,x2=0x1,x3=0x7fd3b201e8,x4=0x0,x5=0x1414d4c,x6=0x1414d4c,x7=0x0,x8=0x9b504536b1897347,x9=0x9b504536b1897347,x10=0x9b504536b1897347,x11=0x3e8,x12=0x3,x13=0x706f6f6c5f657469,x14=0x7c0fa4e280,x15=0x0,x16=0x5f5c8f5a00,x17=0x7c0c1d9700,x18=0x7c0f35c000,x19=0x5f5c8f470c,x20=0x1,x21=0x1,x22=0x7fd3b20218,x23=0x7fd3b20220,x24=0x0,x25=0x0,x26=0x0,x27=0x0,x28=0x0,x29=0x7fd3b20190,lr=0x5f5c8f4734,sp=0x7fd3b20180,pc=0x7c0c1d9700]
[15012|15012] event_addr:0x7c0c1d9700 hit_count:709, Regs:
[x0=0x1,x1=0x5f5c8f3598,x2=0x1,x3=0x7fd3b201e8,x4=0x0,x5=0x1414d4c,x6=0x1414d4c,x7=0x0,x8=0x9b504536b1897347,x9=0x9b504536b1897347,x10=0x9b504536b1897347,x11=0x3e8,x12=0x3,x13=0x706f6f6c5f657469,x14=0x7c0fa4e280,x15=0x0,x16=0x5f5c8f5a00,x17=0x7c0c1d9700,x18=0x7c0f35c000,x19=0x5f5c8f470c,x20=0x1,x21=0x1,x22=0x7fd3b20218,x23=0x7fd3b20220,x24=0x0,x25=0x0,x26=0x0,x27=0x0,x28=0x0,x29=0x7fd3b20190,lr=0x5f5c8f4734,sp=0x7fd3b20180,pc=0x7c0c1d9700]
[15012|15012] event_addr:0x7c0c1d9700 hit_count:710, Regs:
[x0=0x1,x1=0x5f5c8f3598,x2=0x1,x3=0x7fd3b201e8,x4=0x0,x5=0x1414d4c,x6=0x1414d4c,x7=0x0,x8=0x9b504536b1897347,x9=0x9b504536b1897347,x10=0x9b504536b1897347,x11=0x3e8,x12=0x3,x13=0x706f6f6c5f657469,x14=0x7c0fa4e280,x15=0x0,x16=0x5f5c8f5a00,x17=0x7c0c1d9700,x18=0x7c0f35c000,x19=0x5f5c8f470c,x20=0x1,x21=0x1,x22=0x7fd3b20218,x23=0x7fd3b20220,x24=0x0,x25=0x0,x26=0x0,x27=0x0,x28=0x0,x29=0x7fd3b20190,lr=0x5f5c8f4734,sp=0x7fd3b20180,pc=0x7c0c1d9700]
[15012|15012] event_addr:0x7c0c1d9700 hit_count:711, Regs:
[x0=0x1,x1=0x5f5c8f3598,x2=0x1,x3=0x7fd3b201e8,x4=0x0,x5=0x1414d4c,x6=0x1414d4c,x7=0x0,x8=0x9b504536b1897347,x9=0x9b504536b1897347,x10=0x9b504536b1897347,x11=0x3e8,x12=0x3,x13=0x706f6f6c5f657469,x14=0x7c0fa4e280,x15=0x0,x16=0x5f5c8f5a00,x17=0x7c0c1d9700,x18=0x7c0f35c000,x19=0x5f5c8f470c,x20=0x1,x21=0x1,x22=0x7fd3b20218,x23=0x7fd3b20220,x24=0x0,x25=0x0,x26=0x0,x27=0x0,x28=0x0,x29=0x7fd3b20190,lr=0x5f5c8f4734,sp=0x7fd3b20180,pc=0x7c0c1d9700]
[15012|15012] event_addr:0x7c0c1d9700 hit_count:712, Regs:
[x0=0x1,x1=0x5f5c8f3598,x2=0x1,x3=0x7fd3b201e8,x4=0x0,x5=0x1414d4c,x6=0x1414d4c,x7=0x0,x8=0x9b504536b1897347,x9=0x9b504536b1897347,x10=0x9b504536b1897347,x11=0x3e8,x12=0x3,x13=0x706f6f6c5f657469,x14=0x7c0fa4e280,x15=0x0,x16=0x5f5c8f5a00,x17=0x7c0c1d9700,x18=0x7c0f35c000,x19=0x5f5c8f470c,x20=0x1,x21=0x1,x22=0x7fd3b20218,x23=0x7fd3b20220,x24=0x0,x25=0x0,x26=0x0,x27=0x0,x28=0x0,x29=0x7fd3b20190,lr=0x5f5c8f4734,sp=0x7fd3b20180,pc=0x7c0c1d9700]
[15012|15012] event_addr:0x7c0c1d9700 hit_count:713, Regs:
[x0=0x1,x1=0x5f5c8f3598,x2=0x1,x3=0x7fd3b201e8,x4=0x0,x5=0x1414d4c,x6=0x1414d4c,x7=0x0,x8=0x9b504536b1897347,x9=0x9b504536b1897347,x10=0x9b504536b1897347,x11=0x3e8,x12=0x3,x13=0x706f6f6c5f657469,x14=0x7c0fa4e280,x15=0x0,x16=0x5f5c8f5a00,x17=0x7c0c1d9700,x18=0x7c0f35c000,x19=0x5f5c8f470c,x20=0x1,x21=0x1,x22=0x7fd3b20218,x23=0x7fd3b20220,x24=0x0,x25=0x0,x26=0x0,x27=0x0,x28=0x0,x29=0x7fd3b20190,lr=0x5f5c8f4734,sp=0x7fd3b20180,pc=0x7c0c1d9700]
[15012|15012] event_addr:0x7c0c1d9700 hit_count:714, Regs:
[x0=0x1,x1=0x5f5c8f3598,x2=0x1,x3=0x7fd3b201e8,x4=0x0,x5=0x1414d4c,x6=0x1414d4c,x7=0x0,x8=0x9b504536b1897347,x9=0x9b504536b1897347,x10=0x9b504536b1897347,x11=0x3e8,x12=0x3,x13=0x706f6f6c5f657469,x14=0x7c0fa4e280,x15=0x0,x16=0x5f5c8f5a00,x17=0x7c0c1d9700,x18=0x7c0f35c000,x19=0x5f5c8f470c,x20=0x1,x21=0x1,x22=0x7fd3b20218,x23=0x7fd3b20220,x24=0x0,x25=0x0,x26=0x0,x27=0x0,x28=0x0,x29=0x7fd3b20190,lr=0x5f5c8f4734,sp=0x7fd3b20180,pc=0x7c0c1d9700]
[15012|15012] event_addr:0x7c0c1d9700 hit_count:715, Regs:
[x0=0x1,x1=0x5f5c8f3598,x2=0x1,x3=0x7fd3b201e8,x4=0x0,x5=0x1414d4c,x6=0x1414d4c,x7=0x0,x8=0x9b504536b1897347,x9=0x9b504536b1897347,x10=0x9b504536b1897347,x11=0x3e8,x12=0x3,x13=0x706f6f6c5f657469,x14=0x7c0fa4e280,x15=0x0,x16=0x5f5c8f5a00,x17=0x7c0c1d9700,x18=0x7c0f35c000,x19=0x5f5c8f470c,x20=0x1,x21=0x1,x22=0x7fd3b20218,x23=0x7fd3b20220,x24=0x0,x25=0x0,x26=0x0,x27=0x0,x28=0x0,x29=0x7fd3b20190,lr=0x5f5c8f4734,sp=0x7fd3b20180,pc=0x7c0c1d9700]
[15012|15012] event_addr:0x7c0c1d9700 hit_count:716, Regs:
[x0=0x1,x1=0x5f5c8f3598,x2=0x1,x3=0x7fd3b201e8,x4=0x0,x5=0x1414d4c,x6=0x1414d4c,x7=0x0,x8=0x9b504536b1897347,x9=0x9b504536b1897347,x10=0x9b504536b1897347,x11=0x3e8,x12=0x3,x13=0x706f6f6c5f657469,x14=0x7c0fa4e280,x15=0x0,x16=0x5f5c8f5a00,x17=0x7c0c1d9700,x18=0x7c0f35c000,x19=0x5f5c8f470c,x20=0x1,x21=0x1,x22=0x7fd3b20218,x23=0x7fd3b20220,x24=0x0,x25=0x0,x26=0x0,x27=0x0,x28=0x0,x29=0x7fd3b20190,lr=0x5f5c8f4734,sp=0x7fd3b20180,pc=0x7c0c1d9700]
[15012|15012] event_addr:0x7c0c1d9700 hit_count:717, Regs:
[x0=0x1,x1=0x5f5c8f3598,x2=0x1,x3=0x7fd3b201e8,x4=0x0,x5=0x1414d4c,x6=0x1414d4c,x7=0x0,x8=0x9b504536b1897347,x9=0x9b504536b1897347,x10=0x9b504536b1897347,x11=0x3e8,x12=0x3,x13=0x706f6f6c5f657469,x14=0x7c0fa4e280,x15=0x0,x16=0x5f5c8f5a00,x17=0x7c0c1d9700,x18=0x7c0f35c000,x19=0x5f5c8f470c,x20=0x1,x21=0x1,x22=0x7fd3b20218,x23=0x7fd3b20220,x24=0x0,x25=0x0,x26=0x0,x27=0x0,x28=0x0,x29=0x7fd3b20190,lr=0x5f5c8f4734,sp=0x7fd3b20180,pc=0x7c0c1d9700]
[15012|15012] event_addr:0x7c0c1d9700 hit_count:718, Regs:
[x0=0x1,x1=0x5f5c8f3598,x2=0x1,x3=0x7fd3b201e8,x4=0x0,x5=0x1414d4c,x6=0x1414d4c,x7=0x0,x8=0x9b504536b1897347,x9=0x9b504536b1897347,x10=0x9b504536b1897347,x11=0x3e8,x12=0x3,x13=0x706f6f6c5f657469,x14=0x7c0fa4e280,x15=0x0,x16=0x5f5c8f5a00,x17=0x7c0c1d9700,x18=0x7c0f35c000,x19=0x5f5c8f470c,x20=0x1,x21=0x1,x22=0x7fd3b20218,x23=0x7fd3b20220,x24=0x0,x25=0x0,x26=0x0,x27=0x0,x28=0x0,x29=0x7fd3b20190,lr=0x5f5c8f4734,sp=0x7fd3b20180,pc=0x7c0c1d9700]
[15012|15012] event_addr:0x7c0c1d9700 hit_count:719, Regs:
[x0=0x1,x1=0x5f5c8f3598,x2=0x1,x3=0x7fd3b201e8,x4=0x0,x5=0x1414d4c,x6=0x1414d4c,x7=0x0,x8=0x9b504536b1897347,x9=0x9b504536b1897347,x10=0x9b504536b1897347,x11=0x3e8,x12=0x3,x13=0x706f6f6c5f657469,x14=0x7c0fa4e280,x15=0x0,x16=0x5f5c8f5a00,x17=0x7c0c1d9700,x18=0x7c0f35c000,x19=0x5f5c8f470c,x20=0x1,x21=0x1,x22=0x7fd3b20218,x23=0x7fd3b20220,x24=0x0,x25=0x0,x26=0x0,x27=0x0,x28=0x0,x29=0x7fd3b20190,lr=0x5f5c8f4734,sp=0x7fd3b20180,pc=0x7c0c1d9700]
[15012|15012] event_addr:0x7c0c1d9700 hit_count:720, Regs:
[x0=0x1,x1=0x5f5c8f3598,x2=0x1,x3=0x7fd3b201e8,x4=0x0,x5=0x1414d4c,x6=0x1414d4c,x7=0x0,x8=0x9b504536b1897347,x9=0x9b504536b1897347,x10=0x9b504536b1897347,x11=0x3e8,x12=0x3,x13=0x706f6f6c5f657469,x14=0x7c0fa4e280,x15=0x0,x16=0x5f5c8f5a00,x17=0x7c0c1d9700,x18=0x7c0f35c000,x19=0x5f5c8f470c,x20=0x1,x21=0x1,x22=0x7fd3b20218,x23=0x7fd3b20220,x24=0x0,x25=0x0,x26=0x0,x27=0x0,x28=0x0,x29=0x7fd3b20190,lr=0x5f5c8f4734,sp=0x7fd3b20180,pc=0x7c0c1d9700]
[15012|15012] event_addr:0x7c0c1d9700 hit_count:721, Regs:
[x0=0x1,x1=0x5f5c8f3598,x2=0x1,x3=0x7fd3b201e8,x4=0x0,x5=0x1414d4c,x6=0x1414d4c,x7=0x0,x8=0x9b504536b1897347,x9=0x9b504536b1897347,x10=0x9b504536b1897347,x11=0x3e8,x12=0x3,x13=0x706f6f6c5f657469,x14=0x7c0fa4e280,x15=0x0,x16=0x5f5c8f5a00,x17=0x7c0c1d9700,x18=0x7c0f35c000,x19=0x5f5c8f470c,x20=0x1,x21=0x1,x22=0x7fd3b20218,x23=0x7fd3b20220,x24=0x0,x25=0x0,x26=0x0,x27=0x0,x28=0x0,x29=0x7fd3b20190,lr=0x5f5c8f4734,sp=0x7fd3b20180,pc=0x7c0c1d9700]
[15012|15012] event_addr:0x7c0c1d9700 hit_count:722, Regs:
[x0=0x1,x1=0x5f5c8f3598,x2=0x1,x3=0x7fd3b201e8,x4=0x0,x5=0x1414d4c,x6=0x1414d4c,x7=0x0,x8=0x9b504536b1897347,x9=0x9b504536b1897347,x10=0x9b504536b1897347,x11=0x3e8,x12=0x3,x13=0x706f6f6c5f657469,x14=0x7c0fa4e280,x15=0x0,x16=0x5f5c8f5a00,x17=0x7c0c1d9700,x18=0x7c0f35c000,x19=0x5f5c8f470c,x20=0x1,x21=0x1,x22=0x7fd3b20218,x23=0x7fd3b20220,x24=0x0,x25=0x0,x26=0x0,x27=0x0,x28=0x0,x29=0x7fd3b20190,lr=0x5f5c8f4734,sp=0x7fd3b20180,pc=0x7c0c1d9700]
[15012|15012] event_addr:0x7c0c1d9700 hit_count:723, Regs:
[x0=0x1,x1=0x5f5c8f3598,x2=0x1,x3=0x7fd3b201e8,x4=0x0,x5=0x1414d4c,x6=0x1414d4c,x7=0x0,x8=0x9b504536b1897347,x9=0x9b504536b1897347,x10=0x9b504536b1897347,x11=0x3e8,x12=0x3,x13=0x706f6f6c5f657469,x14=0x7c0fa4e280,x15=0x0,x16=0x5f5c8f5a00,x17=0x7c0c1d9700,x18=0x7c0f35c000,x19=0x5f5c8f470c,x20=0x1,x21=0x1,x22=0x7fd3b20218,x23=0x7fd3b20220,x24=0x0,x25=0x0,x26=0x0,x27=0x0,x28=0x0,x29=0x7fd3b20190,lr=0x5f5c8f4734,sp=0x7fd3b20180,pc=0x7c0c1d9700]
[15012|15012] event_addr:0x7c0c1d9700 hit_count:724, Regs:
[x0=0x1,x1=0x5f5c8f3598,x2=0x1,x3=0x7fd3b201e8,x4=0x0,x5=0x1414d4c,x6=0x1414d4c,x7=0x0,x8=0x9b504536b1897347,x9=0x9b504536b1897347,x10=0x9b504536b1897347,x11=0x3e8,x12=0x3,x13=0x706f6f6c5f657469,x14=0x7c0fa4e280,x15=0x0,x16=0x5f5c8f5a00,x17=0x7c0c1d9700,x18=0x7c0f35c000,x19=0x5f5c8f470c,x20=0x1,x21=0x1,x22=0x7fd3b20218,x23=0x7fd3b20220,x24=0x0,x25=0x0,x26=0x0,x27=0x0,x28=0x0,x29=0x7fd3b20190,lr=0x5f5c8f4734,sp=0x7fd3b20180,pc=0x7c0c1d9700]
[15012|15012] event_addr:0x7c0c1d9700 hit_count:725, Regs:
[x0=0x1,x1=0x5f5c8f3598,x2=0x1,x3=0x7fd3b201e8,x4=0x0,x5=0x1414d4c,x6=0x1414d4c,x7=0x0,x8=0x9b504536b1897347,x9=0x9b504536b1897347,x10=0x9b504536b1897347,x11=0x3e8,x12=0x3,x13=0x706f6f6c5f657469,x14=0x7c0fa4e280,x15=0x0,x16=0x5f5c8f5a00,x17=0x7c0c1d9700,x18=0x7c0f35c000,x19=0x5f5c8f470c,x20=0x1,x21=0x1,x22=0x7fd3b20218,x23=0x7fd3b20220,x24=0x0,x25=0x0,x26=0x0,x27=0x0,x28=0x0,x29=0x7fd3b20190,lr=0x5f5c8f4734,sp=0x7fd3b20180,pc=0x7c0c1d9700]
[15012|15012] event_addr:0x7c0c1d9700 hit_count:726, Regs:
[x0=0x1,x1=0x5f5c8f3598,x2=0x1,x3=0x7fd3b201e8,x4=0x0,x5=0x1414d4c,x6=0x1414d4c,x7=0x0,x8=0x9b504536b1897347,x9=0x9b504536b1897347,x10=0x9b504536b1897347,x11=0x3e8,x12=0x3,x13=0x706f6f6c5f657469,x14=0x7c0fa4e280,x15=0x0,x16=0x5f5c8f5a00,x17=0x7c0c1d9700,x18=0x7c0f35c000,x19=0x5f5c8f470c,x20=0x1,x21=0x1,x22=0x7fd3b20218,x23=0x7fd3b20220,x24=0x0,x25=0x0,x26=0x0,x27=0x0,x28=0x0,x29=0x7fd3b20190,lr=0x5f5c8f4734,sp=0x7fd3b20180,pc=0x7c0c1d9700]
[15012|15012] event_addr:0x7c0c1d9700 hit_count:727, Regs:
[x0=0x1,x1=0x5f5c8f3598,x2=0x1,x3=0x7fd3b201e8,x4=0x0,x5=0x1414d4c,x6=0x1414d4c,x7=0x0,x8=0x9b504536b1897347,x9=0x9b504536b1897347,x10=0x9b504536b1897347,x11=0x3e8,x12=0x3,x13=0x706f6f6c5f657469,x14=0x7c0fa4e280,x15=0x0,x16=0x5f5c8f5a00,x17=0x7c0c1d9700,x18=0x7c0f35c000,x19=0x5f5c8f470c,x20=0x1,x21=0x1,x22=0x7fd3b20218,x23=0x7fd3b20220,x24=0x0,x25=0x0,x26=0x0,x27=0x0,x28=0x0,x29=0x7fd3b20190,lr=0x5f5c8f4734,sp=0x7fd3b20180,pc=0x7c0c1d9700]
[15012|15012] event_addr:0x7c0c1d9700 hit_count:728, Regs:
[x0=0x1,x1=0x5f5c8f3598,x2=0x1,x3=0x7fd3b201e8,x4=0x0,x5=0x1414d4c,x6=0x1414d4c,x7=0x0,x8=0x9b504536b1897347,x9=0x9b504536b1897347,x10=0x9b504536b1897347,x11=0x3e8,x12=0x3,x13=0x706f6f6c5f657469,x14=0x7c0fa4e280,x15=0x0,x16=0x5f5c8f5a00,x17=0x7c0c1d9700,x18=0x7c0f35c000,x19=0x5f5c8f470c,x20=0x1,x21=0x1,x22=0x7fd3b20218,x23=0x7fd3b20220,x24=0x0,x25=0x0,x26=0x0,x27=0x0,x28=0x0,x29=0x7fd3b20190,lr=0x5f5c8f4734,sp=0x7fd3b20180,pc=0x7c0c1d9700]
[15012|15012] event_addr:0x7c0c1d9700 hit_count:729, Regs:
[x0=0x1,x1=0x5f5c8f3598,x2=0x1,x3=0x7fd3b201e8,x4=0x0,x5=0x1414d4c,x6=0x1414d4c,x7=0x0,x8=0x9b504536b1897347,x9=0x9b504536b1897347,x10=0x9b504536b1897347,x11=0x3e8,x12=0x3,x13=0x706f6f6c5f657469,x14=0x7c0fa4e280,x15=0x0,x16=0x5f5c8f5a00,x17=0x7c0c1d9700,x18=0x7c0f35c000,x19=0x5f5c8f470c,x20=0x1,x21=0x1,x22=0x7fd3b20218,x23=0x7fd3b20220,x24=0x0,x25=0x0,x26=0x0,x27=0x0,x28=0x0,x29=0x7fd3b20190,lr=0x5f5c8f4734,sp=0x7fd3b20180,pc=0x7c0c1d9700]
[15012|15012] event_addr:0x7c0c1d9700 hit_count:730, Regs:
[x0=0x1,x1=0x5f5c8f3598,x2=0x1,x3=0x7fd3b201e8,x4=0x0,x5=0x1414d4c,x6=0x1414d4c,x7=0x0,x8=0x9b504536b1897347,x9=0x9b504536b1897347,x10=0x9b504536b1897347,x11=0x3e8,x12=0x3,x13=0x706f6f6c5f657469,x14=0x7c0fa4e280,x15=0x0,x16=0x5f5c8f5a00,x17=0x7c0c1d9700,x18=0x7c0f35c000,x19=0x5f5c8f470c,x20=0x1,x21=0x1,x22=0x7fd3b20218,x23=0x7fd3b20220,x24=0x0,x25=0x0,x26=0x0,x27=0x0,x28=0x0,x29=0x7fd3b20190,lr=0x5f5c8f4734,sp=0x7fd3b20180,pc=0x7c0c1d9700]
[15012|15012] event_addr:0x7c0c1d9700 hit_count:731, Regs:
[x0=0x1,x1=0x5f5c8f3598,x2=0x1,x3=0x7fd3b201e8,x4=0x0,x5=0x1414d4c,x6=0x1414d4c,x7=0x0,x8=0x9b504536b1897347,x9=0x9b504536b1897347,x10=0x9b504536b1897347,x11=0x3e8,x12=0x3,x13=0x706f6f6c5f657469,x14=0x7c0fa4e280,x15=0x0,x16=0x5f5c8f5a00,x17=0x7c0c1d9700,x18=0x7c0f35c000,x19=0x5f5c8f470c,x20=0x1,x21=0x1,x22=0x7fd3b20218,x23=0x7fd3b20220,x24=0x0,x25=0x0,x26=0x0,x27=0x0,x28=0x0,x29=0x7fd3b20190,lr=0x5f5c8f4734,sp=0x7fd3b20180,pc=0x7c0c1d9700]
[15012|15012] event_addr:0x7c0c1d9700 hit_count:732, Regs:
[x0=0x1,x1=0x5f5c8f3598,x2=0x1,x3=0x7fd3b201e8,x4=0x0,x5=0x1414d4c,x6=0x1414d4c,x7=0x0,x8=0x9b504536b1897347,x9=0x9b504536b1897347,x10=0x9b504536b1897347,x11=0x3e8,x12=0x3,x13=0x706f6f6c5f657469,x14=0x7c0fa4e280,x15=0x0,x16=0x5f5c8f5a00,x17=0x7c0c1d9700,x18=0x7c0f35c000,x19=0x5f5c8f470c,x20=0x1,x21=0x1,x22=0x7fd3b20218,x23=0x7fd3b20220,x24=0x0,x25=0x0,x26=0x0,x27=0x0,x28=0x0,x29=0x7fd3b20190,lr=0x5f5c8f4734,sp=0x7fd3b20180,pc=0x7c0c1d9700]
[15012|15012] event_addr:0x7c0c1d9700 hit_count:733, Regs:
[x0=0x1,x1=0x5f5c8f3598,x2=0x1,x3=0x7fd3b201e8,x4=0x0,x5=0x1414d4c,x6=0x1414d4c,x7=0x0,x8=0x9b504536b1897347,x9=0x9b504536b1897347,x10=0x9b504536b1897347,x11=0x3e8,x12=0x3,x13=0x706f6f6c5f657469,x14=0x7c0fa4e280,x15=0x0,x16=0x5f5c8f5a00,x17=0x7c0c1d9700,x18=0x7c0f35c000,x19=0x5f5c8f470c,x20=0x1,x21=0x1,x22=0x7fd3b20218,x23=0x7fd3b20220,x24=0x0,x25=0x0,x26=0x0,x27=0x0,x28=0x0,x29=0x7fd3b20190,lr=0x5f5c8f4734,sp=0x7fd3b20180,pc=0x7c0c1d9700]
[15012|15012] event_addr:0x7c0c1d9700 hit_count:734, Regs:
[x0=0x1,x1=0x5f5c8f3598,x2=0x1,x3=0x7fd3b201e8,x4=0x0,x5=0x1414d4c,x6=0x1414d4c,x7=0x0,x8=0x9b504536b1897347,x9=0x9b504536b1897347,x10=0x9b504536b1897347,x11=0x3e8,x12=0x3,x13=0x706f6f6c5f657469,x14=0x7c0fa4e280,x15=0x0,x16=0x5f5c8f5a00,x17=0x7c0c1d9700,x18=0x7c0f35c000,x19=0x5f5c8f470c,x20=0x1,x21=0x1,x22=0x7fd3b20218,x23=0x7fd3b20220,x24=0x0,x25=0x0,x26=0x0,x27=0x0,x28=0x0,x29=0x7fd3b20190,lr=0x5f5c8f4734,sp=0x7fd3b20180,pc=0x7c0c1d9700]
[15012|15012] event_addr:0x7c0c1d9700 hit_count:735, Regs:
[x0=0x1,x1=0x5f5c8f3598,x2=0x1,x3=0x7fd3b201e8,x4=0x0,x5=0x1414d4c,x6=0x1414d4c,x7=0x0,x8=0x9b504536b1897347,x9=0x9b504536b1897347,x10=0x9b504536b1897347,x11=0x3e8,x12=0x3,x13=0x706f6f6c5f657469,x14=0x7c0fa4e280,x15=0x0,x16=0x5f5c8f5a00,x17=0x7c0c1d9700,x18=0x7c0f35c000,x19=0x5f5c8f470c,x20=0x1,x21=0x1,x22=0x7fd3b20218,x23=0x7fd3b20220,x24=0x0,x25=0x0,x26=0x0,x27=0x0,x28=0x0,x29=0x7fd3b20190,lr=0x5f5c8f4734,sp=0x7fd3b20180,pc=0x7c0c1d9700]
[15012|15012] event_addr:0x7c0c1d9700 hit_count:736, Regs:
[x0=0x1,x1=0x5f5c8f3598,x2=0x1,x3=0x7fd3b201e8,x4=0x0,x5=0x1414d4c,x6=0x1414d4c,x7=0x0,x8=0x9b504536b1897347,x9=0x9b504536b1897347,x10=0x9b504536b1897347,x11=0x3e8,x12=0x3,x13=0x706f6f6c5f657469,x14=0x7c0fa4e280,x15=0x0,x16=0x5f5c8f5a00,x17=0x7c0c1d9700,x18=0x7c0f35c000,x19=0x5f5c8f470c,x20=0x1,x21=0x1,x22=0x7fd3b20218,x23=0x7fd3b20220,x24=0x0,x25=0x0,x26=0x0,x27=0x0,x28=0x0,x29=0x7fd3b20190,lr=0x5f5c8f4734,sp=0x7fd3b20180,pc=0x7c0c1d9700]
[15012|15012] event_addr:0x7c0c1d9700 hit_count:737, Regs:
[x0=0x1,x1=0x5f5c8f3598,x2=0x1,x3=0x7fd3b201e8,x4=0x0,x5=0x1414d4c,x6=0x1414d4c,x7=0x0,x8=0x9b504536b1897347,x9=0x9b504536b1897347,x10=0x9b504536b1897347,x11=0x3e8,x12=0x3,x13=0x706f6f6c5f657469,x14=0x7c0fa4e280,x15=0x0,x16=0x5f5c8f5a00,x17=0x7c0c1d9700,x18=0x7c0f35c000,x19=0x5f5c8f470c,x20=0x1,x21=0x1,x22=0x7fd3b20218,x23=0x7fd3b20220,x24=0x0,x25=0x0,x26=0x0,x27=0x0,x28=0x0,x29=0x7fd3b20190,lr=0x5f5c8f4734,sp=0x7fd3b20180,pc=0x7c0c1d9700]
[15012|15012] event_addr:0x7c0c1d9700 hit_count:738, Regs:
[x0=0x1,x1=0x5f5c8f3598,x2=0x1,x3=0x7fd3b201e8,x4=0x0,x5=0x1414d4c,x6=0x1414d4c,x7=0x0,x8=0x9b504536b1897347,x9=0x9b504536b1897347,x10=0x9b504536b1897347,x11=0x3e8,x12=0x3,x13=0x706f6f6c5f657469,x14=0x7c0fa4e280,x15=0x0,x16=0x5f5c8f5a00,x17=0x7c0c1d9700,x18=0x7c0f35c000,x19=0x5f5c8f470c,x20=0x1,x21=0x1,x22=0x7fd3b20218,x23=0x7fd3b20220,x24=0x0,x25=0x0,x26=0x0,x27=0x0,x28=0x0,x29=0x7fd3b20190,lr=0x5f5c8f4734,sp=0x7fd3b20180,pc=0x7c0c1d9700]
[15012|15012] event_addr:0x7c0c1d9700 hit_count:739, Regs:
[x0=0x1,x1=0x5f5c8f3598,x2=0x1,x3=0x7fd3b201e8,x4=0x0,x5=0x1414d4c,x6=0x1414d4c,x7=0x0,x8=0x9b504536b1897347,x9=0x9b504536b1897347,x10=0x9b504536b1897347,x11=0x3e8,x12=0x3,x13=0x706f6f6c5f657469,x14=0x7c0fa4e280,x15=0x0,x16=0x5f5c8f5a00,x17=0x7c0c1d9700,x18=0x7c0f35c000,x19=0x5f5c8f470c,x20=0x1,x21=0x1,x22=0x7fd3b20218,x23=0x7fd3b20220,x24=0x0,x25=0x0,x26=0x0,x27=0x0,x28=0x0,x29=0x7fd3b20190,lr=0x5f5c8f4734,sp=0x7fd3b20180,pc=0x7c0c1d9700]
[15012|15012] event_addr:0x7c0c1d9700 hit_count:740, Regs:
[x0=0x1,x1=0x5f5c8f3598,x2=0x1,x3=0x7fd3b201e8,x4=0x0,x5=0x1414d4c,x6=0x1414d4c,x7=0x0,x8=0x9b504536b1897347,x9=0x9b504536b1897347,x10=0x9b504536b1897347,x11=0x3e8,x12=0x3,x13=0x706f6f6c5f657469,x14=0x7c0fa4e280,x15=0x0,x16=0x5f5c8f5a00,x17=0x7c0c1d9700,x18=0x7c0f35c000,x19=0x5f5c8f470c,x20=0x1,x21=0x1,x22=0x7fd3b20218,x23=0x7fd3b20220,x24=0x0,x25=0x0,x26=0x0,x27=0x0,x28=0x0,x29=0x7fd3b20190,lr=0x5f5c8f4734,sp=0x7fd3b20180,pc=0x7c0c1d9700]
[15012|15012] event_addr:0x7c0c1d9700 hit_count:741, Regs:
[x0=0x1,x1=0x5f5c8f3598,x2=0x1,x3=0x7fd3b201e8,x4=0x0,x5=0x1414d4c,x6=0x1414d4c,x7=0x0,x8=0x9b504536b1897347,x9=0x9b504536b1897347,x10=0x9b504536b1897347,x11=0x3e8,x12=0x3,x13=0x706f6f6c5f657469,x14=0x7c0fa4e280,x15=0x0,x16=0x5f5c8f5a00,x17=0x7c0c1d9700,x18=0x7c0f35c000,x19=0x5f5c8f470c,x20=0x1,x21=0x1,x22=0x7fd3b20218,x23=0x7fd3b20220,x24=0x0,x25=0x0,x26=0x0,x27=0x0,x28=0x0,x29=0x7fd3b20190,lr=0x5f5c8f4734,sp=0x7fd3b20180,pc=0x7c0c1d9700]
[15012|15012] event_addr:0x7c0c1d9700 hit_count:742, Regs:
[x0=0x1,x1=0x5f5c8f3598,x2=0x1,x3=0x7fd3b201e8,x4=0x0,x5=0x1414d4c,x6=0x1414d4c,x7=0x0,x8=0x9b504536b1897347,x9=0x9b504536b1897347,x10=0x9b504536b1897347,x11=0x3e8,x12=0x3,x13=0x706f6f6c5f657469,x14=0x7c0fa4e280,x15=0x0,x16=0x5f5c8f5a00,x17=0x7c0c1d9700,x18=0x7c0f35c000,x19=0x5f5c8f470c,x20=0x1,x21=0x1,x22=0x7fd3b20218,x23=0x7fd3b20220,x24=0x0,x25=0x0,x26=0x0,x27=0x0,x28=0x0,x29=0x7fd3b20190,lr=0x5f5c8f4734,sp=0x7fd3b20180,pc=0x7c0c1d9700]
[15012|15012] event_addr:0x7c0c1d9700 hit_count:743, Regs:
[x0=0x1,x1=0x5f5c8f3598,x2=0x1,x3=0x7fd3b201e8,x4=0x0,x5=0x1414d4c,x6=0x1414d4c,x7=0x0,x8=0x9b504536b1897347,x9=0x9b504536b1897347,x10=0x9b504536b1897347,x11=0x3e8,x12=0x3,x13=0x706f6f6c5f657469,x14=0x7c0fa4e280,x15=0x0,x16=0x5f5c8f5a00,x17=0x7c0c1d9700,x18=0x7c0f35c000,x19=0x5f5c8f470c,x20=0x1,x21=0x1,x22=0x7fd3b20218,x23=0x7fd3b20220,x24=0x0,x25=0x0,x26=0x0,x27=0x0,x28=0x0,x29=0x7fd3b20190,lr=0x5f5c8f4734,sp=0x7fd3b20180,pc=0x7c0c1d9700]
[15012|15012] event_addr:0x7c0c1d9700 hit_count:744, Regs:
[x0=0x1,x1=0x5f5c8f3598,x2=0x1,x3=0x7fd3b201e8,x4=0x0,x5=0x1414d4c,x6=0x1414d4c,x7=0x0,x8=0x9b504536b1897347,x9=0x9b504536b1897347,x10=0x9b504536b1897347,x11=0x3e8,x12=0x3,x13=0x706f6f6c5f657469,x14=0x7c0fa4e280,x15=0x0,x16=0x5f5c8f5a00,x17=0x7c0c1d9700,x18=0x7c0f35c000,x19=0x5f5c8f470c,x20=0x1,x21=0x1,x22=0x7fd3b20218,x23=0x7fd3b20220,x24=0x0,x25=0x0,x26=0x0,x27=0x0,x28=0x0,x29=0x7fd3b20190,lr=0x5f5c8f4734,sp=0x7fd3b20180,pc=0x7c0c1d9700]
[15012|15012] event_addr:0x7c0c1d9700 hit_count:745, Regs:
[x0=0x1,x1=0x5f5c8f3598,x2=0x1,x3=0x7fd3b201e8,x4=0x0,x5=0x1414d4c,x6=0x1414d4c,x7=0x0,x8=0x9b504536b1897347,x9=0x9b504536b1897347,x10=0x9b504536b1897347,x11=0x3e8,x12=0x3,x13=0x706f6f6c5f657469,x14=0x7c0fa4e280,x15=0x0,x16=0x5f5c8f5a00,x17=0x7c0c1d9700,x18=0x7c0f35c000,x19=0x5f5c8f470c,x20=0x1,x21=0x1,x22=0x7fd3b20218,x23=0x7fd3b20220,x24=0x0,x25=0x0,x26=0x0,x27=0x0,x28=0x0,x29=0x7fd3b20190,lr=0x5f5c8f4734,sp=0x7fd3b20180,pc=0x7c0c1d9700]
[15012|15012] event_addr:0x7c0c1d9700 hit_count:746, Regs:
[x0=0x1,x1=0x5f5c8f3598,x2=0x1,x3=0x7fd3b201e8,x4=0x0,x5=0x1414d4c,x6=0x1414d4c,x7=0x0,x8=0x9b504536b1897347,x9=0x9b504536b1897347,x10=0x9b504536b1897347,x11=0x3e8,x12=0x3,x13=0x706f6f6c5f657469,x14=0x7c0fa4e280,x15=0x0,x16=0x5f5c8f5a00,x17=0x7c0c1d9700,x18=0x7c0f35c000,x19=0x5f5c8f470c,x20=0x1,x21=0x1,x22=0x7fd3b20218,x23=0x7fd3b20220,x24=0x0,x25=0x0,x26=0x0,x27=0x0,x28=0x0,x29=0x7fd3b20190,lr=0x5f5c8f4734,sp=0x7fd3b20180,pc=0x7c0c1d9700]
[15012|15012] event_addr:0x7c0c1d9700 hit_count:747, Regs:
[x0=0x1,x1=0x5f5c8f3598,x2=0x1,x3=0x7fd3b201e8,x4=0x0,x5=0x1414d4c,x6=0x1414d4c,x7=0x0,x8=0x9b504536b1897347,x9=0x9b504536b1897347,x10=0x9b504536b1897347,x11=0x3e8,x12=0x3,x13=0x706f6f6c5f657469,x14=0x7c0fa4e280,x15=0x0,x16=0x5f5c8f5a00,x17=0x7c0c1d9700,x18=0x7c0f35c000,x19=0x5f5c8f470c,x20=0x1,x21=0x1,x22=0x7fd3b20218,x23=0x7fd3b20220,x24=0x0,x25=0x0,x26=0x0,x27=0x0,x28=0x0,x29=0x7fd3b20190,lr=0x5f5c8f4734,sp=0x7fd3b20180,pc=0x7c0c1d9700]
[15012|15012] event_addr:0x7c0c1d9700 hit_count:748, Regs:
[x0=0x1,x1=0x5f5c8f3598,x2=0x1,x3=0x7fd3b201e8,x4=0x0,x5=0x1414d4c,x6=0x1414d4c,x7=0x0,x8=0x9b504536b1897347,x9=0x9b504536b1897347,x10=0x9b504536b1897347,x11=0x3e8,x12=0x3,x13=0x706f6f6c5f657469,x14=0x7c0fa4e280,x15=0x0,x16=0x5f5c8f5a00,x17=0x7c0c1d9700,x18=0x7c0f35c000,x19=0x5f5c8f470c,x20=0x1,x21=0x1,x22=0x7fd3b20218,x23=0x7fd3b20220,x24=0x0,x25=0x0,x26=0x0,x27=0x0,x28=0x0,x29=0x7fd3b20190,lr=0x5f5c8f4734,sp=0x7fd3b20180,pc=0x7c0c1d9700]
[15012|15012] event_addr:0x7c0c1d9700 hit_count:749, Regs:
[x0=0x1,x1=0x5f5c8f3598,x2=0x1,x3=0x7fd3b201e8,x4=0x0,x5=0x1414d4c,x6=0x1414d4c,x7=0x0,x8=0x9b504536b1897347,x9=0x9b504536b1897347,x10=0x9b504536b1897347,x11=0x3e8,x12=0x3,x13=0x706f6f6c5f657469,x14=0x7c0fa4e280,x15=0x0,x16=0x5f5c8f5a00,x17=0x7c0c1d9700,x18=0x7c0f35c000,x19=0x5f5c8f470c,x20=0x1,x21=0x1,x22=0x7fd3b20218,x23=0x7fd3b20220,x24=0x0,x25=0x0,x26=0x0,x27=0x0,x28=0x0,x29=0x7fd3b20190,lr=0x5f5c8f4734,sp=0x7fd3b20180,pc=0x7c0c1d9700]
[15012|15012] event_addr:0x7c0c1d9700 hit_count:750, Regs:
[x0=0x1,x1=0x5f5c8f3598,x2=0x1,x3=0x7fd3b201e8,x4=0x0,x5=0x1414d4c,x6=0x1414d4c,x7=0x0,x8=0x9b504536b1897347,x9=0x9b504536b1897347,x10=0x9b504536b1897347,x11=0x3e8,x12=0x3,x13=0x706f6f6c5f657469,x14=0x7c0fa4e280,x15=0x0,x16=0x5f5c8f5a00,x17=0x7c0c1d9700,x18=0x7c0f35c000,x19=0x5f5c8f470c,x20=0x1,x21=0x1,x22=0x7fd3b20218,x23=0x7fd3b20220,x24=0x0,x25=0x0,x26=0x0,x27=0x0,x28=0x0,x29=0x7fd3b20190,lr=0x5f5c8f4734,sp=0x7fd3b20180,pc=0x7c0c1d9700]
[15012|15012] event_addr:0x7c0c1d9700 hit_count:751, Regs:
[x0=0x1,x1=0x5f5c8f3598,x2=0x1,x3=0x7fd3b201e8,x4=0x0,x5=0x1414d4c,x6=0x1414d4c,x7=0x0,x8=0x9b504536b1897347,x9=0x9b504536b1897347,x10=0x9b504536b1897347,x11=0x3e8,x12=0x3,x13=0x706f6f6c5f657469,x14=0x7c0fa4e280,x15=0x0,x16=0x5f5c8f5a00,x17=0x7c0c1d9700,x18=0x7c0f35c000,x19=0x5f5c8f470c,x20=0x1,x21=0x1,x22=0x7fd3b20218,x23=0x7fd3b20220,x24=0x0,x25=0x0,x26=0x0,x27=0x0,x28=0x0,x29=0x7fd3b20190,lr=0x5f5c8f4734,sp=0x7fd3b20180,pc=0x7c0c1d9700]
[15012|15012] event_addr:0x7c0c1d9700 hit_count:752, Regs:
[x0=0x1,x1=0x5f5c8f3598,x2=0x1,x3=0x7fd3b201e8,x4=0x0,x5=0x1414d4c,x6=0x1414d4c,x7=0x0,x8=0x9b504536b1897347,x9=0x9b504536b1897347,x10=0x9b504536b1897347,x11=0x3e8,x12=0x3,x13=0x706f6f6c5f657469,x14=0x7c0fa4e280,x15=0x0,x16=0x5f5c8f5a00,x17=0x7c0c1d9700,x18=0x7c0f35c000,x19=0x5f5c8f470c,x20=0x1,x21=0x1,x22=0x7fd3b20218,x23=0x7fd3b20220,x24=0x0,x25=0x0,x26=0x0,x27=0x0,x28=0x0,x29=0x7fd3b20190,lr=0x5f5c8f4734,sp=0x7fd3b20180,pc=0x7c0c1d9700]
[15012|15012] event_addr:0x7c0c1d9700 hit_count:753, Regs:
[x0=0x1,x1=0x5f5c8f3598,x2=0x1,x3=0x7fd3b201e8,x4=0x0,x5=0x1414d4c,x6=0x1414d4c,x7=0x0,x8=0x9b504536b1897347,x9=0x9b504536b1897347,x10=0x9b504536b1897347,x11=0x3e8,x12=0x3,x13=0x706f6f6c5f657469,x14=0x7c0fa4e280,x15=0x0,x16=0x5f5c8f5a00,x17=0x7c0c1d9700,x18=0x7c0f35c000,x19=0x5f5c8f470c,x20=0x1,x21=0x1,x22=0x7fd3b20218,x23=0x7fd3b20220,x24=0x0,x25=0x0,x26=0x0,x27=0x0,x28=0x0,x29=0x7fd3b20190,lr=0x5f5c8f4734,sp=0x7fd3b20180,pc=0x7c0c1d9700]
[15012|15012] event_addr:0x7c0c1d9700 hit_count:754, Regs:
[x0=0x1,x1=0x5f5c8f3598,x2=0x1,x3=0x7fd3b201e8,x4=0x0,x5=0x1414d4c,x6=0x1414d4c,x7=0x0,x8=0x9b504536b1897347,x9=0x9b504536b1897347,x10=0x9b504536b1897347,x11=0x3e8,x12=0x3,x13=0x706f6f6c5f657469,x14=0x7c0fa4e280,x15=0x0,x16=0x5f5c8f5a00,x17=0x7c0c1d9700,x18=0x7c0f35c000,x19=0x5f5c8f470c,x20=0x1,x21=0x1,x22=0x7fd3b20218,x23=0x7fd3b20220,x24=0x0,x25=0x0,x26=0x0,x27=0x0,x28=0x0,x29=0x7fd3b20190,lr=0x5f5c8f4734,sp=0x7fd3b20180,pc=0x7c0c1d9700]
[15012|15012] event_addr:0x7c0c1d9700 hit_count:755, Regs:
[x0=0x1,x1=0x5f5c8f3598,x2=0x1,x3=0x7fd3b201e8,x4=0x0,x5=0x1414d4c,x6=0x1414d4c,x7=0x0,x8=0x9b504536b1897347,x9=0x9b504536b1897347,x10=0x9b504536b1897347,x11=0x3e8,x12=0x3,x13=0x706f6f6c5f657469,x14=0x7c0fa4e280,x15=0x0,x16=0x5f5c8f5a00,x17=0x7c0c1d9700,x18=0x7c0f35c000,x19=0x5f5c8f470c,x20=0x1,x21=0x1,x22=0x7fd3b20218,x23=0x7fd3b20220,x24=0x0,x25=0x0,x26=0x0,x27=0x0,x28=0x0,x29=0x7fd3b20190,lr=0x5f5c8f4734,sp=0x7fd3b20180,pc=0x7c0c1d9700]
[15012|15012] event_addr:0x7c0c1d9700 hit_count:756, Regs:
[x0=0x1,x1=0x5f5c8f3598,x2=0x1,x3=0x7fd3b201e8,x4=0x0,x5=0x1414d4c,x6=0x1414d4c,x7=0x0,x8=0x9b504536b1897347,x9=0x9b504536b1897347,x10=0x9b504536b1897347,x11=0x3e8,x12=0x3,x13=0x706f6f6c5f657469,x14=0x7c0fa4e280,x15=0x0,x16=0x5f5c8f5a00,x17=0x7c0c1d9700,x18=0x7c0f35c000,x19=0x5f5c8f470c,x20=0x1,x21=0x1,x22=0x7fd3b20218,x23=0x7fd3b20220,x24=0x0,x25=0x0,x26=0x0,x27=0x0,x28=0x0,x29=0x7fd3b20190,lr=0x5f5c8f4734,sp=0x7fd3b20180,pc=0x7c0c1d9700]
[15012|15012] event_addr:0x7c0c1d9700 hit_count:757, Regs:
[x0=0x1,x1=0x5f5c8f3598,x2=0x1,x3=0x7fd3b201e8,x4=0x0,x5=0x1414d4c,x6=0x1414d4c,x7=0x0,x8=0x9b504536b1897347,x9=0x9b504536b1897347,x10=0x9b504536b1897347,x11=0x3e8,x12=0x3,x13=0x706f6f6c5f657469,x14=0x7c0fa4e280,x15=0x0,x16=0x5f5c8f5a00,x17=0x7c0c1d9700,x18=0x7c0f35c000,x19=0x5f5c8f470c,x20=0x1,x21=0x1,x22=0x7fd3b20218,x23=0x7fd3b20220,x24=0x0,x25=0x0,x26=0x0,x27=0x0,x28=0x0,x29=0x7fd3b20190,lr=0x5f5c8f4734,sp=0x7fd3b20180,pc=0x7c0c1d9700]
[15012|15012] event_addr:0x7c0c1d9700 hit_count:758, Regs:
[x0=0x1,x1=0x5f5c8f3598,x2=0x1,x3=0x7fd3b201e8,x4=0x0,x5=0x1414d4c,x6=0x1414d4c,x7=0x0,x8=0x9b504536b1897347,x9=0x9b504536b1897347,x10=0x9b504536b1897347,x11=0x3e8,x12=0x3,x13=0x706f6f6c5f657469,x14=0x7c0fa4e280,x15=0x0,x16=0x5f5c8f5a00,x17=0x7c0c1d9700,x18=0x7c0f35c000,x19=0x5f5c8f470c,x20=0x1,x21=0x1,x22=0x7fd3b20218,x23=0x7fd3b20220,x24=0x0,x25=0x0,x26=0x0,x27=0x0,x28=0x0,x29=0x7fd3b20190,lr=0x5f5c8f4734,sp=0x7fd3b20180,pc=0x7c0c1d9700]
[15012|15012] event_addr:0x7c0c1d9700 hit_count:759, Regs:
[x0=0x1,x1=0x5f5c8f3598,x2=0x1,x3=0x7fd3b201e8,x4=0x0,x5=0x1414d4c,x6=0x1414d4c,x7=0x0,x8=0x9b504536b1897347,x9=0x9b504536b1897347,x10=0x9b504536b1897347,x11=0x3e8,x12=0x3,x13=0x706f6f6c5f657469,x14=0x7c0fa4e280,x15=0x0,x16=0x5f5c8f5a00,x17=0x7c0c1d9700,x18=0x7c0f35c000,x19=0x5f5c8f470c,x20=0x1,x21=0x1,x22=0x7fd3b20218,x23=0x7fd3b20220,x24=0x0,x25=0x0,x26=0x0,x27=0x0,x28=0x0,x29=0x7fd3b20190,lr=0x5f5c8f4734,sp=0x7fd3b20180,pc=0x7c0c1d9700]
[15012|15012] event_addr:0x7c0c1d9700 hit_count:760, Regs:
[x0=0x1,x1=0x5f5c8f3598,x2=0x1,x3=0x7fd3b201e8,x4=0x0,x5=0x1414d4c,x6=0x1414d4c,x7=0x0,x8=0x9b504536b1897347,x9=0x9b504536b1897347,x10=0x9b504536b1897347,x11=0x3e8,x12=0x3,x13=0x706f6f6c5f657469,x14=0x7c0fa4e280,x15=0x0,x16=0x5f5c8f5a00,x17=0x7c0c1d9700,x18=0x7c0f35c000,x19=0x5f5c8f470c,x20=0x1,x21=0x1,x22=0x7fd3b20218,x23=0x7fd3b20220,x24=0x0,x25=0x0,x26=0x0,x27=0x0,x28=0x0,x29=0x7fd3b20190,lr=0x5f5c8f4734,sp=0x7fd3b20180,pc=0x7c0c1d9700]
[15012|15012] event_addr:0x7c0c1d9700 hit_count:761, Regs:
[x0=0x1,x1=0x5f5c8f3598,x2=0x1,x3=0x7fd3b201e8,x4=0x0,x5=0x1414d4c,x6=0x1414d4c,x7=0x0,x8=0x9b504536b1897347,x9=0x9b504536b1897347,x10=0x9b504536b1897347,x11=0x3e8,x12=0x3,x13=0x706f6f6c5f657469,x14=0x7c0fa4e280,x15=0x0,x16=0x5f5c8f5a00,x17=0x7c0c1d9700,x18=0x7c0f35c000,x19=0x5f5c8f470c,x20=0x1,x21=0x1,x22=0x7fd3b20218,x23=0x7fd3b20220,x24=0x0,x25=0x0,x26=0x0,x27=0x0,x28=0x0,x29=0x7fd3b20190,lr=0x5f5c8f4734,sp=0x7fd3b20180,pc=0x7c0c1d9700]
[15012|15012] event_addr:0x7c0c1d9700 hit_count:762, Regs:
[x0=0x1,x1=0x5f5c8f3598,x2=0x1,x3=0x7fd3b201e8,x4=0x0,x5=0x1414d4c,x6=0x1414d4c,x7=0x0,x8=0x9b504536b1897347,x9=0x9b504536b1897347,x10=0x9b504536b1897347,x11=0x3e8,x12=0x3,x13=0x706f6f6c5f657469,x14=0x7c0fa4e280,x15=0x0,x16=0x5f5c8f5a00,x17=0x7c0c1d9700,x18=0x7c0f35c000,x19=0x5f5c8f470c,x20=0x1,x21=0x1,x22=0x7fd3b20218,x23=0x7fd3b20220,x24=0x0,x25=0x0,x26=0x0,x27=0x0,x28=0x0,x29=0x7fd3b20190,lr=0x5f5c8f4734,sp=0x7fd3b20180,pc=0x7c0c1d9700]
[15012|15012] event_addr:0x7c0c1d9700 hit_count:763, Regs:
[x0=0x1,x1=0x5f5c8f3598,x2=0x1,x3=0x7fd3b201e8,x4=0x0,x5=0x1414d4c,x6=0x1414d4c,x7=0x0,x8=0x9b504536b1897347,x9=0x9b504536b1897347,x10=0x9b504536b1897347,x11=0x3e8,x12=0x3,x13=0x706f6f6c5f657469,x14=0x7c0fa4e280,x15=0x0,x16=0x5f5c8f5a00,x17=0x7c0c1d9700,x18=0x7c0f35c000,x19=0x5f5c8f470c,x20=0x1,x21=0x1,x22=0x7fd3b20218,x23=0x7fd3b20220,x24=0x0,x25=0x0,x26=0x0,x27=0x0,x28=0x0,x29=0x7fd3b20190,lr=0x5f5c8f4734,sp=0x7fd3b20180,pc=0x7c0c1d9700]
[15012|15012] event_addr:0x7c0c1d9700 hit_count:764, Regs:
[x0=0x1,x1=0x5f5c8f3598,x2=0x1,x3=0x7fd3b201e8,x4=0x0,x5=0x1414d4c,x6=0x1414d4c,x7=0x0,x8=0x9b504536b1897347,x9=0x9b504536b1897347,x10=0x9b504536b1897347,x11=0x3e8,x12=0x3,x13=0x706f6f6c5f657469,x14=0x7c0fa4e280,x15=0x0,x16=0x5f5c8f5a00,x17=0x7c0c1d9700,x18=0x7c0f35c000,x19=0x5f5c8f470c,x20=0x1,x21=0x1,x22=0x7fd3b20218,x23=0x7fd3b20220,x24=0x0,x25=0x0,x26=0x0,x27=0x0,x28=0x0,x29=0x7fd3b20190,lr=0x5f5c8f4734,sp=0x7fd3b20180,pc=0x7c0c1d9700]
[15012|15012] event_addr:0x7c0c1d9700 hit_count:765, Regs:
[x0=0x1,x1=0x5f5c8f3598,x2=0x1,x3=0x7fd3b201e8,x4=0x0,x5=0x1414d4c,x6=0x1414d4c,x7=0x0,x8=0x9b504536b1897347,x9=0x9b504536b1897347,x10=0x9b504536b1897347,x11=0x3e8,x12=0x3,x13=0x706f6f6c5f657469,x14=0x7c0fa4e280,x15=0x0,x16=0x5f5c8f5a00,x17=0x7c0c1d9700,x18=0x7c0f35c000,x19=0x5f5c8f470c,x20=0x1,x21=0x1,x22=0x7fd3b20218,x23=0x7fd3b20220,x24=0x0,x25=0x0,x26=0x0,x27=0x0,x28=0x0,x29=0x7fd3b20190,lr=0x5f5c8f4734,sp=0x7fd3b20180,pc=0x7c0c1d9700]
[15012|15012] event_addr:0x7c0c1d9700 hit_count:766, Regs:
[x0=0x1,x1=0x5f5c8f3598,x2=0x1,x3=0x7fd3b201e8,x4=0x0,x5=0x1414d4c,x6=0x1414d4c,x7=0x0,x8=0x9b504536b1897347,x9=0x9b504536b1897347,x10=0x9b504536b1897347,x11=0x3e8,x12=0x3,x13=0x706f6f6c5f657469,x14=0x7c0fa4e280,x15=0x0,x16=0x5f5c8f5a00,x17=0x7c0c1d9700,x18=0x7c0f35c000,x19=0x5f5c8f470c,x20=0x1,x21=0x1,x22=0x7fd3b20218,x23=0x7fd3b20220,x24=0x0,x25=0x0,x26=0x0,x27=0x0,x28=0x0,x29=0x7fd3b20190,lr=0x5f5c8f4734,sp=0x7fd3b20180,pc=0x7c0c1d9700]
[15012|15012] event_addr:0x7c0c1d9700 hit_count:767, Regs:
[x0=0x1,x1=0x5f5c8f3598,x2=0x1,x3=0x7fd3b201e8,x4=0x0,x5=0x1414d4c,x6=0x1414d4c,x7=0x0,x8=0x9b504536b1897347,x9=0x9b504536b1897347,x10=0x9b504536b1897347,x11=0x3e8,x12=0x3,x13=0x706f6f6c5f657469,x14=0x7c0fa4e280,x15=0x0,x16=0x5f5c8f5a00,x17=0x7c0c1d9700,x18=0x7c0f35c000,x19=0x5f5c8f470c,x20=0x1,x21=0x1,x22=0x7fd3b20218,x23=0x7fd3b20220,x24=0x0,x25=0x0,x26=0x0,x27=0x0,x28=0x0,x29=0x7fd3b20190,lr=0x5f5c8f4734,sp=0x7fd3b20180,pc=0x7c0c1d9700]
[15012|15012] event_addr:0x7c0c1d9700 hit_count:768, Regs:
[x0=0x1,x1=0x5f5c8f3598,x2=0x1,x3=0x7fd3b201e8,x4=0x0,x5=0x1414d4c,x6=0x1414d4c,x7=0x0,x8=0x9b504536b1897347,x9=0x9b504536b1897347,x10=0x9b504536b1897347,x11=0x3e8,x12=0x3,x13=0x706f6f6c5f657469,x14=0x7c0fa4e280,x15=0x0,x16=0x5f5c8f5a00,x17=0x7c0c1d9700,x18=0x7c0f35c000,x19=0x5f5c8f470c,x20=0x1,x21=0x1,x22=0x7fd3b20218,x23=0x7fd3b20220,x24=0x0,x25=0x0,x26=0x0,x27=0x0,x28=0x0,x29=0x7fd3b20190,lr=0x5f5c8f4734,sp=0x7fd3b20180,pc=0x7c0c1d9700]
[15012|15012] event_addr:0x7c0c1d9700 hit_count:769, Regs:
[x0=0x1,x1=0x5f5c8f3598,x2=0x1,x3=0x7fd3b201e8,x4=0x0,x5=0x1414d4c,x6=0x1414d4c,x7=0x0,x8=0x9b504536b1897347,x9=0x9b504536b1897347,x10=0x9b504536b1897347,x11=0x3e8,x12=0x3,x13=0x706f6f6c5f657469,x14=0x7c0fa4e280,x15=0x0,x16=0x5f5c8f5a00,x17=0x7c0c1d9700,x18=0x7c0f35c000,x19=0x5f5c8f470c,x20=0x1,x21=0x1,x22=0x7fd3b20218,x23=0x7fd3b20220,x24=0x0,x25=0x0,x26=0x0,x27=0x0,x28=0x0,x29=0x7fd3b20190,lr=0x5f5c8f4734,sp=0x7fd3b20180,pc=0x7c0c1d9700]
[15012|15012] event_addr:0x7c0c1d9700 hit_count:770, Regs:
[x0=0x1,x1=0x5f5c8f3598,x2=0x1,x3=0x7fd3b201e8,x4=0x0,x5=0x1414d4c,x6=0x1414d4c,x7=0x0,x8=0x9b504536b1897347,x9=0x9b504536b1897347,x10=0x9b504536b1897347,x11=0x3e8,x12=0x3,x13=0x706f6f6c5f657469,x14=0x7c0fa4e280,x15=0x0,x16=0x5f5c8f5a00,x17=0x7c0c1d9700,x18=0x7c0f35c000,x19=0x5f5c8f470c,x20=0x1,x21=0x1,x22=0x7fd3b20218,x23=0x7fd3b20220,x24=0x0,x25=0x0,x26=0x0,x27=0x0,x28=0x0,x29=0x7fd3b20190,lr=0x5f5c8f4734,sp=0x7fd3b20180,pc=0x7c0c1d9700]
[15012|15012] event_addr:0x7c0c1d9700 hit_count:771, Regs:
[x0=0x1,x1=0x5f5c8f3598,x2=0x1,x3=0x7fd3b201e8,x4=0x0,x5=0x1414d4c,x6=0x1414d4c,x7=0x0,x8=0x9b504536b1897347,x9=0x9b504536b1897347,x10=0x9b504536b1897347,x11=0x3e8,x12=0x3,x13=0x706f6f6c5f657469,x14=0x7c0fa4e280,x15=0x0,x16=0x5f5c8f5a00,x17=0x7c0c1d9700,x18=0x7c0f35c000,x19=0x5f5c8f470c,x20=0x1,x21=0x1,x22=0x7fd3b20218,x23=0x7fd3b20220,x24=0x0,x25=0x0,x26=0x0,x27=0x0,x28=0x0,x29=0x7fd3b20190,lr=0x5f5c8f4734,sp=0x7fd3b20180,pc=0x7c0c1d9700]
[15012|15012] event_addr:0x7c0c1d9700 hit_count:772, Regs:
[x0=0x1,x1=0x5f5c8f3598,x2=0x1,x3=0x7fd3b201e8,x4=0x0,x5=0x1414d4c,x6=0x1414d4c,x7=0x0,x8=0x9b504536b1897347,x9=0x9b504536b1897347,x10=0x9b504536b1897347,x11=0x3e8,x12=0x3,x13=0x706f6f6c5f657469,x14=0x7c0fa4e280,x15=0x0,x16=0x5f5c8f5a00,x17=0x7c0c1d9700,x18=0x7c0f35c000,x19=0x5f5c8f470c,x20=0x1,x21=0x1,x22=0x7fd3b20218,x23=0x7fd3b20220,x24=0x0,x25=0x0,x26=0x0,x27=0x0,x28=0x0,x29=0x7fd3b20190,lr=0x5f5c8f4734,sp=0x7fd3b20180,pc=0x7c0c1d9700]
[15012|15012] event_addr:0x7c0c1d9700 hit_count:773, Regs:
[x0=0x1,x1=0x5f5c8f3598,x2=0x1,x3=0x7fd3b201e8,x4=0x0,x5=0x1414d4c,x6=0x1414d4c,x7=0x0,x8=0x9b504536b1897347,x9=0x9b504536b1897347,x10=0x9b504536b1897347,x11=0x3e8,x12=0x3,x13=0x706f6f6c5f657469,x14=0x7c0fa4e280,x15=0x0,x16=0x5f5c8f5a00,x17=0x7c0c1d9700,x18=0x7c0f35c000,x19=0x5f5c8f470c,x20=0x1,x21=0x1,x22=0x7fd3b20218,x23=0x7fd3b20220,x24=0x0,x25=0x0,x26=0x0,x27=0x0,x28=0x0,x29=0x7fd3b20190,lr=0x5f5c8f4734,sp=0x7fd3b20180,pc=0x7c0c1d9700]
[15012|15012] event_addr:0x7c0c1d9700 hit_count:774, Regs:
[x0=0x1,x1=0x5f5c8f3598,x2=0x1,x3=0x7fd3b201e8,x4=0x0,x5=0x1414d4c,x6=0x1414d4c,x7=0x0,x8=0x9b504536b1897347,x9=0x9b504536b1897347,x10=0x9b504536b1897347,x11=0x3e8,x12=0x3,x13=0x706f6f6c5f657469,x14=0x7c0fa4e280,x15=0x0,x16=0x5f5c8f5a00,x17=0x7c0c1d9700,x18=0x7c0f35c000,x19=0x5f5c8f470c,x20=0x1,x21=0x1,x22=0x7fd3b20218,x23=0x7fd3b20220,x24=0x0,x25=0x0,x26=0x0,x27=0x0,x28=0x0,x29=0x7fd3b20190,lr=0x5f5c8f4734,sp=0x7fd3b20180,pc=0x7c0c1d9700]
[15012|15012] event_addr:0x7c0c1d9700 hit_count:775, Regs:
[x0=0x1,x1=0x5f5c8f3598,x2=0x1,x3=0x7fd3b201e8,x4=0x0,x5=0x1414d4c,x6=0x1414d4c,x7=0x0,x8=0x9b504536b1897347,x9=0x9b504536b1897347,x10=0x9b504536b1897347,x11=0x3e8,x12=0x3,x13=0x706f6f6c5f657469,x14=0x7c0fa4e280,x15=0x0,x16=0x5f5c8f5a00,x17=0x7c0c1d9700,x18=0x7c0f35c000,x19=0x5f5c8f470c,x20=0x1,x21=0x1,x22=0x7fd3b20218,x23=0x7fd3b20220,x24=0x0,x25=0x0,x26=0x0,x27=0x0,x28=0x0,x29=0x7fd3b20190,lr=0x5f5c8f4734,sp=0x7fd3b20180,pc=0x7c0c1d9700]
[15012|15012] event_addr:0x7c0c1d9700 hit_count:776, Regs:
[x0=0x1,x1=0x5f5c8f3598,x2=0x1,x3=0x7fd3b201e8,x4=0x0,x5=0x1414d4c,x6=0x1414d4c,x7=0x0,x8=0x9b504536b1897347,x9=0x9b504536b1897347,x10=0x9b504536b1897347,x11=0x3e8,x12=0x3,x13=0x706f6f6c5f657469,x14=0x7c0fa4e280,x15=0x0,x16=0x5f5c8f5a00,x17=0x7c0c1d9700,x18=0x7c0f35c000,x19=0x5f5c8f470c,x20=0x1,x21=0x1,x22=0x7fd3b20218,x23=0x7fd3b20220,x24=0x0,x25=0x0,x26=0x0,x27=0x0,x28=0x0,x29=0x7fd3b20190,lr=0x5f5c8f4734,sp=0x7fd3b20180,pc=0x7c0c1d9700]
[15012|15012] event_addr:0x7c0c1d9700 hit_count:777, Regs:
[x0=0x1,x1=0x5f5c8f3598,x2=0x1,x3=0x7fd3b201e8,x4=0x0,x5=0x1414d4c,x6=0x1414d4c,x7=0x0,x8=0x9b504536b1897347,x9=0x9b504536b1897347,x10=0x9b504536b1897347,x11=0x3e8,x12=0x3,x13=0x706f6f6c5f657469,x14=0x7c0fa4e280,x15=0x0,x16=0x5f5c8f5a00,x17=0x7c0c1d9700,x18=0x7c0f35c000,x19=0x5f5c8f470c,x20=0x1,x21=0x1,x22=0x7fd3b20218,x23=0x7fd3b20220,x24=0x0,x25=0x0,x26=0x0,x27=0x0,x28=0x0,x29=0x7fd3b20190,lr=0x5f5c8f4734,sp=0x7fd3b20180,pc=0x7c0c1d9700]
[15012|15012] event_addr:0x7c0c1d9700 hit_count:778, Regs:
[x0=0x1,x1=0x5f5c8f3598,x2=0x1,x3=0x7fd3b201e8,x4=0x0,x5=0x1414d4c,x6=0x1414d4c,x7=0x0,x8=0x9b504536b1897347,x9=0x9b504536b1897347,x10=0x9b504536b1897347,x11=0x3e8,x12=0x3,x13=0x706f6f6c5f657469,x14=0x7c0fa4e280,x15=0x0,x16=0x5f5c8f5a00,x17=0x7c0c1d9700,x18=0x7c0f35c000,x19=0x5f5c8f470c,x20=0x1,x21=0x1,x22=0x7fd3b20218,x23=0x7fd3b20220,x24=0x0,x25=0x0,x26=0x0,x27=0x0,x28=0x0,x29=0x7fd3b20190,lr=0x5f5c8f4734,sp=0x7fd3b20180,pc=0x7c0c1d9700]
[15012|15012] event_addr:0x7c0c1d9700 hit_count:779, Regs:
[x0=0x1,x1=0x5f5c8f3598,x2=0x1,x3=0x7fd3b201e8,x4=0x0,x5=0x1414d4c,x6=0x1414d4c,x7=0x0,x8=0x9b504536b1897347,x9=0x9b504536b1897347,x10=0x9b504536b1897347,x11=0x3e8,x12=0x3,x13=0x706f6f6c5f657469,x14=0x7c0fa4e280,x15=0x0,x16=0x5f5c8f5a00,x17=0x7c0c1d9700,x18=0x7c0f35c000,x19=0x5f5c8f470c,x20=0x1,x21=0x1,x22=0x7fd3b20218,x23=0x7fd3b20220,x24=0x0,x25=0x0,x26=0x0,x27=0x0,x28=0x0,x29=0x7fd3b20190,lr=0x5f5c8f4734,sp=0x7fd3b20180,pc=0x7c0c1d9700]
[15012|15012] event_addr:0x7c0c1d9700 hit_count:780, Regs:
[x0=0x1,x1=0x5f5c8f3598,x2=0x1,x3=0x7fd3b201e8,x4=0x0,x5=0x1414d4c,x6=0x1414d4c,x7=0x0,x8=0x9b504536b1897347,x9=0x9b504536b1897347,x10=0x9b504536b1897347,x11=0x3e8,x12=0x3,x13=0x706f6f6c5f657469,x14=0x7c0fa4e280,x15=0x0,x16=0x5f5c8f5a00,x17=0x7c0c1d9700,x18=0x7c0f35c000,x19=0x5f5c8f470c,x20=0x1,x21=0x1,x22=0x7fd3b20218,x23=0x7fd3b20220,x24=0x0,x25=0x0,x26=0x0,x27=0x0,x28=0x0,x29=0x7fd3b20190,lr=0x5f5c8f4734,sp=0x7fd3b20180,pc=0x7c0c1d9700]
[15012|15012] event_addr:0x7c0c1d9700 hit_count:781, Regs:
[x0=0x1,x1=0x5f5c8f3598,x2=0x1,x3=0x7fd3b201e8,x4=0x0,x5=0x1414d4c,x6=0x1414d4c,x7=0x0,x8=0x9b504536b1897347,x9=0x9b504536b1897347,x10=0x9b504536b1897347,x11=0x3e8,x12=0x3,x13=0x706f6f6c5f657469,x14=0x7c0fa4e280,x15=0x0,x16=0x5f5c8f5a00,x17=0x7c0c1d9700,x18=0x7c0f35c000,x19=0x5f5c8f470c,x20=0x1,x21=0x1,x22=0x7fd3b20218,x23=0x7fd3b20220,x24=0x0,x25=0x0,x26=0x0,x27=0x0,x28=0x0,x29=0x7fd3b20190,lr=0x5f5c8f4734,sp=0x7fd3b20180,pc=0x7c0c1d9700]
[15012|15012] event_addr:0x7c0c1d9700 hit_count:782, Regs:
[x0=0x1,x1=0x5f5c8f3598,x2=0x1,x3=0x7fd3b201e8,x4=0x0,x5=0x1414d4c,x6=0x1414d4c,x7=0x0,x8=0x9b504536b1897347,x9=0x9b504536b1897347,x10=0x9b504536b1897347,x11=0x3e8,x12=0x3,x13=0x706f6f6c5f657469,x14=0x7c0fa4e280,x15=0x0,x16=0x5f5c8f5a00,x17=0x7c0c1d9700,x18=0x7c0f35c000,x19=0x5f5c8f470c,x20=0x1,x21=0x1,x22=0x7fd3b20218,x23=0x7fd3b20220,x24=0x0,x25=0x0,x26=0x0,x27=0x0,x28=0x0,x29=0x7fd3b20190,lr=0x5f5c8f4734,sp=0x7fd3b20180,pc=0x7c0c1d9700]
[15012|15012] event_addr:0x7c0c1d9700 hit_count:783, Regs:
[x0=0x1,x1=0x5f5c8f3598,x2=0x1,x3=0x7fd3b201e8,x4=0x0,x5=0x1414d4c,x6=0x1414d4c,x7=0x0,x8=0x9b504536b1897347,x9=0x9b504536b1897347,x10=0x9b504536b1897347,x11=0x3e8,x12=0x3,x13=0x706f6f6c5f657469,x14=0x7c0fa4e280,x15=0x0,x16=0x5f5c8f5a00,x17=0x7c0c1d9700,x18=0x7c0f35c000,x19=0x5f5c8f470c,x20=0x1,x21=0x1,x22=0x7fd3b20218,x23=0x7fd3b20220,x24=0x0,x25=0x0,x26=0x0,x27=0x0,x28=0x0,x29=0x7fd3b20190,lr=0x5f5c8f4734,sp=0x7fd3b20180,pc=0x7c0c1d9700]
[15012|15012] event_addr:0x7c0c1d9700 hit_count:784, Regs:
[x0=0x1,x1=0x5f5c8f3598,x2=0x1,x3=0x7fd3b201e8,x4=0x0,x5=0x1414d4c,x6=0x1414d4c,x7=0x0,x8=0x9b504536b1897347,x9=0x9b504536b1897347,x10=0x9b504536b1897347,x11=0x3e8,x12=0x3,x13=0x706f6f6c5f657469,x14=0x7c0fa4e280,x15=0x0,x16=0x5f5c8f5a00,x17=0x7c0c1d9700,x18=0x7c0f35c000,x19=0x5f5c8f470c,x20=0x1,x21=0x1,x22=0x7fd3b20218,x23=0x7fd3b20220,x24=0x0,x25=0x0,x26=0x0,x27=0x0,x28=0x0,x29=0x7fd3b20190,lr=0x5f5c8f4734,sp=0x7fd3b20180,pc=0x7c0c1d9700]
[15012|15012] event_addr:0x7c0c1d9700 hit_count:785, Regs:
[x0=0x1,x1=0x5f5c8f3598,x2=0x1,x3=0x7fd3b201e8,x4=0x0,x5=0x1414d4c,x6=0x1414d4c,x7=0x0,x8=0x9b504536b1897347,x9=0x9b504536b1897347,x10=0x9b504536b1897347,x11=0x3e8,x12=0x3,x13=0x706f6f6c5f657469,x14=0x7c0fa4e280,x15=0x0,x16=0x5f5c8f5a00,x17=0x7c0c1d9700,x18=0x7c0f35c000,x19=0x5f5c8f470c,x20=0x1,x21=0x1,x22=0x7fd3b20218,x23=0x7fd3b20220,x24=0x0,x25=0x0,x26=0x0,x27=0x0,x28=0x0,x29=0x7fd3b20190,lr=0x5f5c8f4734,sp=0x7fd3b20180,pc=0x7c0c1d9700]
[15012|15012] event_addr:0x7c0c1d9700 hit_count:786, Regs:
[x0=0x1,x1=0x5f5c8f3598,x2=0x1,x3=0x7fd3b201e8,x4=0x0,x5=0x1414d4c,x6=0x1414d4c,x7=0x0,x8=0x9b504536b1897347,x9=0x9b504536b1897347,x10=0x9b504536b1897347,x11=0x3e8,x12=0x3,x13=0x706f6f6c5f657469,x14=0x7c0fa4e280,x15=0x0,x16=0x5f5c8f5a00,x17=0x7c0c1d9700,x18=0x7c0f35c000,x19=0x5f5c8f470c,x20=0x1,x21=0x1,x22=0x7fd3b20218,x23=0x7fd3b20220,x24=0x0,x25=0x0,x26=0x0,x27=0x0,x28=0x0,x29=0x7fd3b20190,lr=0x5f5c8f4734,sp=0x7fd3b20180,pc=0x7c0c1d9700]
[15012|15012] event_addr:0x7c0c1d9700 hit_count:787, Regs:
[x0=0x1,x1=0x5f5c8f3598,x2=0x1,x3=0x7fd3b201e8,x4=0x0,x5=0x1414d4c,x6=0x1414d4c,x7=0x0,x8=0x9b504536b1897347,x9=0x9b504536b1897347,x10=0x9b504536b1897347,x11=0x3e8,x12=0x3,x13=0x706f6f6c5f657469,x14=0x7c0fa4e280,x15=0x0,x16=0x5f5c8f5a00,x17=0x7c0c1d9700,x18=0x7c0f35c000,x19=0x5f5c8f470c,x20=0x1,x21=0x1,x22=0x7fd3b20218,x23=0x7fd3b20220,x24=0x0,x25=0x0,x26=0x0,x27=0x0,x28=0x0,x29=0x7fd3b20190,lr=0x5f5c8f4734,sp=0x7fd3b20180,pc=0x7c0c1d9700]
[15012|15012] event_addr:0x7c0c1d9700 hit_count:788, Regs:
[x0=0x1,x1=0x5f5c8f3598,x2=0x1,x3=0x7fd3b201e8,x4=0x0,x5=0x1414d4c,x6=0x1414d4c,x7=0x0,x8=0x9b504536b1897347,x9=0x9b504536b1897347,x10=0x9b504536b1897347,x11=0x3e8,x12=0x3,x13=0x706f6f6c5f657469,x14=0x7c0fa4e280,x15=0x0,x16=0x5f5c8f5a00,x17=0x7c0c1d9700,x18=0x7c0f35c000,x19=0x5f5c8f470c,x20=0x1,x21=0x1,x22=0x7fd3b20218,x23=0x7fd3b20220,x24=0x0,x25=0x0,x26=0x0,x27=0x0,x28=0x0,x29=0x7fd3b20190,lr=0x5f5c8f4734,sp=0x7fd3b20180,pc=0x7c0c1d9700]
[15012|15012] event_addr:0x7c0c1d9700 hit_count:789, Regs:
[x0=0x1,x1=0x5f5c8f3598,x2=0x1,x3=0x7fd3b201e8,x4=0x0,x5=0x1414d4c,x6=0x1414d4c,x7=0x0,x8=0x9b504536b1897347,x9=0x9b504536b1897347,x10=0x9b504536b1897347,x11=0x3e8,x12=0x3,x13=0x706f6f6c5f657469,x14=0x7c0fa4e280,x15=0x0,x16=0x5f5c8f5a00,x17=0x7c0c1d9700,x18=0x7c0f35c000,x19=0x5f5c8f470c,x20=0x1,x21=0x1,x22=0x7fd3b20218,x23=0x7fd3b20220,x24=0x0,x25=0x0,x26=0x0,x27=0x0,x28=0x0,x29=0x7fd3b20190,lr=0x5f5c8f4734,sp=0x7fd3b20180,pc=0x7c0c1d9700]
[15012|15012] event_addr:0x7c0c1d9700 hit_count:790, Regs:
[x0=0x1,x1=0x5f5c8f3598,x2=0x1,x3=0x7fd3b201e8,x4=0x0,x5=0x1414d4c,x6=0x1414d4c,x7=0x0,x8=0x9b504536b1897347,x9=0x9b504536b1897347,x10=0x9b504536b1897347,x11=0x3e8,x12=0x3,x13=0x706f6f6c5f657469,x14=0x7c0fa4e280,x15=0x0,x16=0x5f5c8f5a00,x17=0x7c0c1d9700,x18=0x7c0f35c000,x19=0x5f5c8f470c,x20=0x1,x21=0x1,x22=0x7fd3b20218,x23=0x7fd3b20220,x24=0x0,x25=0x0,x26=0x0,x27=0x0,x28=0x0,x29=0x7fd3b20190,lr=0x5f5c8f4734,sp=0x7fd3b20180,pc=0x7c0c1d9700]
[15012|15012] event_addr:0x7c0c1d9700 hit_count:791, Regs:
[x0=0x1,x1=0x5f5c8f3598,x2=0x1,x3=0x7fd3b201e8,x4=0x0,x5=0x1414d4c,x6=0x1414d4c,x7=0x0,x8=0x9b504536b1897347,x9=0x9b504536b1897347,x10=0x9b504536b1897347,x11=0x3e8,x12=0x3,x13=0x706f6f6c5f657469,x14=0x7c0fa4e280,x15=0x0,x16=0x5f5c8f5a00,x17=0x7c0c1d9700,x18=0x7c0f35c000,x19=0x5f5c8f470c,x20=0x1,x21=0x1,x22=0x7fd3b20218,x23=0x7fd3b20220,x24=0x0,x25=0x0,x26=0x0,x27=0x0,x28=0x0,x29=0x7fd3b20190,lr=0x5f5c8f4734,sp=0x7fd3b20180,pc=0x7c0c1d9700]
[15012|15012] event_addr:0x7c0c1d9700 hit_count:792, Regs:
[x0=0x1,x1=0x5f5c8f3598,x2=0x1,x3=0x7fd3b201e8,x4=0x0,x5=0x1414d4c,x6=0x1414d4c,x7=0x0,x8=0x9b504536b1897347,x9=0x9b504536b1897347,x10=0x9b504536b1897347,x11=0x3e8,x12=0x3,x13=0x706f6f6c5f657469,x14=0x7c0fa4e280,x15=0x0,x16=0x5f5c8f5a00,x17=0x7c0c1d9700,x18=0x7c0f35c000,x19=0x5f5c8f470c,x20=0x1,x21=0x1,x22=0x7fd3b20218,x23=0x7fd3b20220,x24=0x0,x25=0x0,x26=0x0,x27=0x0,x28=0x0,x29=0x7fd3b20190,lr=0x5f5c8f4734,sp=0x7fd3b20180,pc=0x7c0c1d9700]
[15012|15012] event_addr:0x7c0c1d9700 hit_count:793, Regs:
[x0=0x1,x1=0x5f5c8f3598,x2=0x1,x3=0x7fd3b201e8,x4=0x0,x5=0x1414d4c,x6=0x1414d4c,x7=0x0,x8=0x9b504536b1897347,x9=0x9b504536b1897347,x10=0x9b504536b1897347,x11=0x3e8,x12=0x3,x13=0x706f6f6c5f657469,x14=0x7c0fa4e280,x15=0x0,x16=0x5f5c8f5a00,x17=0x7c0c1d9700,x18=0x7c0f35c000,x19=0x5f5c8f470c,x20=0x1,x21=0x1,x22=0x7fd3b20218,x23=0x7fd3b20220,x24=0x0,x25=0x0,x26=0x0,x27=0x0,x28=0x0,x29=0x7fd3b20190,lr=0x5f5c8f4734,sp=0x7fd3b20180,pc=0x7c0c1d9700]
[15012|15012] event_addr:0x7c0c1d9700 hit_count:794, Regs:
[x0=0x1,x1=0x5f5c8f3598,x2=0x1,x3=0x7fd3b201e8,x4=0x0,x5=0x1414d4c,x6=0x1414d4c,x7=0x0,x8=0x9b504536b1897347,x9=0x9b504536b1897347,x10=0x9b504536b1897347,x11=0x3e8,x12=0x3,x13=0x706f6f6c5f657469,x14=0x7c0fa4e280,x15=0x0,x16=0x5f5c8f5a00,x17=0x7c0c1d9700,x18=0x7c0f35c000,x19=0x5f5c8f470c,x20=0x1,x21=0x1,x22=0x7fd3b20218,x23=0x7fd3b20220,x24=0x0,x25=0x0,x26=0x0,x27=0x0,x28=0x0,x29=0x7fd3b20190,lr=0x5f5c8f4734,sp=0x7fd3b20180,pc=0x7c0c1d9700]
[15012|15012] event_addr:0x7c0c1d9700 hit_count:795, Regs:
[x0=0x1,x1=0x5f5c8f3598,x2=0x1,x3=0x7fd3b201e8,x4=0x0,x5=0x1414d4c,x6=0x1414d4c,x7=0x0,x8=0x9b504536b1897347,x9=0x9b504536b1897347,x10=0x9b504536b1897347,x11=0x3e8,x12=0x3,x13=0x706f6f6c5f657469,x14=0x7c0fa4e280,x15=0x0,x16=0x5f5c8f5a00,x17=0x7c0c1d9700,x18=0x7c0f35c000,x19=0x5f5c8f470c,x20=0x1,x21=0x1,x22=0x7fd3b20218,x23=0x7fd3b20220,x24=0x0,x25=0x0,x26=0x0,x27=0x0,x28=0x0,x29=0x7fd3b20190,lr=0x5f5c8f4734,sp=0x7fd3b20180,pc=0x7c0c1d9700]
[15012|15012] event_addr:0x7c0c1d9700 hit_count:796, Regs:
[x0=0x1,x1=0x5f5c8f3598,x2=0x1,x3=0x7fd3b201e8,x4=0x0,x5=0x1414d4c,x6=0x1414d4c,x7=0x0,x8=0x9b504536b1897347,x9=0x9b504536b1897347,x10=0x9b504536b1897347,x11=0x3e8,x12=0x3,x13=0x706f6f6c5f657469,x14=0x7c0fa4e280,x15=0x0,x16=0x5f5c8f5a00,x17=0x7c0c1d9700,x18=0x7c0f35c000,x19=0x5f5c8f470c,x20=0x1,x21=0x1,x22=0x7fd3b20218,x23=0x7fd3b20220,x24=0x0,x25=0x0,x26=0x0,x27=0x0,x28=0x0,x29=0x7fd3b20190,lr=0x5f5c8f4734,sp=0x7fd3b20180,pc=0x7c0c1d9700]
[15012|15012] event_addr:0x7c0c1d9700 hit_count:797, Regs:
[x0=0x1,x1=0x5f5c8f3598,x2=0x1,x3=0x7fd3b201e8,x4=0x0,x5=0x1414d4c,x6=0x1414d4c,x7=0x0,x8=0x9b504536b1897347,x9=0x9b504536b1897347,x10=0x9b504536b1897347,x11=0x3e8,x12=0x3,x13=0x706f6f6c5f657469,x14=0x7c0fa4e280,x15=0x0,x16=0x5f5c8f5a00,x17=0x7c0c1d9700,x18=0x7c0f35c000,x19=0x5f5c8f470c,x20=0x1,x21=0x1,x22=0x7fd3b20218,x23=0x7fd3b20220,x24=0x0,x25=0x0,x26=0x0,x27=0x0,x28=0x0,x29=0x7fd3b20190,lr=0x5f5c8f4734,sp=0x7fd3b20180,pc=0x7c0c1d9700]
[15012|15012] event_addr:0x7c0c1d9700 hit_count:798, Regs:
[x0=0x1,x1=0x5f5c8f3598,x2=0x1,x3=0x7fd3b201e8,x4=0x0,x5=0x1414d4c,x6=0x1414d4c,x7=0x0,x8=0x9b504536b1897347,x9=0x9b504536b1897347,x10=0x9b504536b1897347,x11=0x3e8,x12=0x3,x13=0x706f6f6c5f657469,x14=0x7c0fa4e280,x15=0x0,x16=0x5f5c8f5a00,x17=0x7c0c1d9700,x18=0x7c0f35c000,x19=0x5f5c8f470c,x20=0x1,x21=0x1,x22=0x7fd3b20218,x23=0x7fd3b20220,x24=0x0,x25=0x0,x26=0x0,x27=0x0,x28=0x0,x29=0x7fd3b20190,lr=0x5f5c8f4734,sp=0x7fd3b20180,pc=0x7c0c1d9700]
[15012|15012] event_addr:0x7c0c1d9700 hit_count:799, Regs:
[x0=0x1,x1=0x5f5c8f3598,x2=0x1,x3=0x7fd3b201e8,x4=0x0,x5=0x1414d4c,x6=0x1414d4c,x7=0x0,x8=0x9b504536b1897347,x9=0x9b504536b1897347,x10=0x9b504536b1897347,x11=0x3e8,x12=0x3,x13=0x706f6f6c5f657469,x14=0x7c0fa4e280,x15=0x0,x16=0x5f5c8f5a00,x17=0x7c0c1d9700,x18=0x7c0f35c000,x19=0x5f5c8f470c,x20=0x1,x21=0x1,x22=0x7fd3b20218,x23=0x7fd3b20220,x24=0x0,x25=0x0,x26=0x0,x27=0x0,x28=0x0,x29=0x7fd3b20190,lr=0x5f5c8f4734,sp=0x7fd3b20180,pc=0x7c0c1d9700]
[15012|15012] event_addr:0x7c0c1d9700 hit_count:800, Regs:
[x0=0x1,x1=0x5f5c8f3598,x2=0x1,x3=0x7fd3b201e8,x4=0x0,x5=0x1414d4c,x6=0x1414d4c,x7=0x0,x8=0x9b504536b1897347,x9=0x9b504536b1897347,x10=0x9b504536b1897347,x11=0x3e8,x12=0x3,x13=0x706f6f6c5f657469,x14=0x7c0fa4e280,x15=0x0,x16=0x5f5c8f5a00,x17=0x7c0c1d9700,x18=0x7c0f35c000,x19=0x5f5c8f470c,x20=0x1,x21=0x1,x22=0x7fd3b20218,x23=0x7fd3b20220,x24=0x0,x25=0x0,x26=0x0,x27=0x0,x28=0x0,x29=0x7fd3b20190,lr=0x5f5c8f4734,sp=0x7fd3b20180,pc=0x7c0c1d9700]
[15012|15012] event_addr:0x7c0c1d9700 hit_count:801, Regs:
[x0=0x1,x1=0x5f5c8f3598,x2=0x1,x3=0x7fd3b201e8,x4=0x0,x5=0x1414d4c,x6=0x1414d4c,x7=0x0,x8=0x9b504536b1897347,x9=0x9b504536b1897347,x10=0x9b504536b1897347,x11=0x3e8,x12=0x3,x13=0x706f6f6c5f657469,x14=0x7c0fa4e280,x15=0x0,x16=0x5f5c8f5a00,x17=0x7c0c1d9700,x18=0x7c0f35c000,x19=0x5f5c8f470c,x20=0x1,x21=0x1,x22=0x7fd3b20218,x23=0x7fd3b20220,x24=0x0,x25=0x0,x26=0x0,x27=0x0,x28=0x0,x29=0x7fd3b20190,lr=0x5f5c8f4734,sp=0x7fd3b20180,pc=0x7c0c1d9700]
[15012|15012] event_addr:0x7c0c1d9700 hit_count:802, Regs:
[x0=0x1,x1=0x5f5c8f3598,x2=0x1,x3=0x7fd3b201e8,x4=0x0,x5=0x1414d4c,x6=0x1414d4c,x7=0x0,x8=0x9b504536b1897347,x9=0x9b504536b1897347,x10=0x9b504536b1897347,x11=0x3e8,x12=0x3,x13=0x706f6f6c5f657469,x14=0x7c0fa4e280,x15=0x0,x16=0x5f5c8f5a00,x17=0x7c0c1d9700,x18=0x7c0f35c000,x19=0x5f5c8f470c,x20=0x1,x21=0x1,x22=0x7fd3b20218,x23=0x7fd3b20220,x24=0x0,x25=0x0,x26=0x0,x27=0x0,x28=0x0,x29=0x7fd3b20190,lr=0x5f5c8f4734,sp=0x7fd3b20180,pc=0x7c0c1d9700]
[15012|15012] event_addr:0x7c0c1d9700 hit_count:803, Regs:
[x0=0x1,x1=0x5f5c8f3598,x2=0x1,x3=0x7fd3b201e8,x4=0x0,x5=0x1414d4c,x6=0x1414d4c,x7=0x0,x8=0x9b504536b1897347,x9=0x9b504536b1897347,x10=0x9b504536b1897347,x11=0x3e8,x12=0x3,x13=0x706f6f6c5f657469,x14=0x7c0fa4e280,x15=0x0,x16=0x5f5c8f5a00,x17=0x7c0c1d9700,x18=0x7c0f35c000,x19=0x5f5c8f470c,x20=0x1,x21=0x1,x22=0x7fd3b20218,x23=0x7fd3b20220,x24=0x0,x25=0x0,x26=0x0,x27=0x0,x28=0x0,x29=0x7fd3b20190,lr=0x5f5c8f4734,sp=0x7fd3b20180,pc=0x7c0c1d9700]
[15012|15012] event_addr:0x7c0c1d9700 hit_count:804, Regs:
[x0=0x1,x1=0x5f5c8f3598,x2=0x1,x3=0x7fd3b201e8,x4=0x0,x5=0x1414d4c,x6=0x1414d4c,x7=0x0,x8=0x9b504536b1897347,x9=0x9b504536b1897347,x10=0x9b504536b1897347,x11=0x3e8,x12=0x3,x13=0x706f6f6c5f657469,x14=0x7c0fa4e280,x15=0x0,x16=0x5f5c8f5a00,x17=0x7c0c1d9700,x18=0x7c0f35c000,x19=0x5f5c8f470c,x20=0x1,x21=0x1,x22=0x7fd3b20218,x23=0x7fd3b20220,x24=0x0,x25=0x0,x26=0x0,x27=0x0,x28=0x0,x29=0x7fd3b20190,lr=0x5f5c8f4734,sp=0x7fd3b20180,pc=0x7c0c1d9700]
[15012|15012] event_addr:0x7c0c1d9700 hit_count:805, Regs:
[x0=0x1,x1=0x5f5c8f3598,x2=0x1,x3=0x7fd3b201e8,x4=0x0,x5=0x1414d4c,x6=0x1414d4c,x7=0x0,x8=0x9b504536b1897347,x9=0x9b504536b1897347,x10=0x9b504536b1897347,x11=0x3e8,x12=0x3,x13=0x706f6f6c5f657469,x14=0x7c0fa4e280,x15=0x0,x16=0x5f5c8f5a00,x17=0x7c0c1d9700,x18=0x7c0f35c000,x19=0x5f5c8f470c,x20=0x1,x21=0x1,x22=0x7fd3b20218,x23=0x7fd3b20220,x24=0x0,x25=0x0,x26=0x0,x27=0x0,x28=0x0,x29=0x7fd3b20190,lr=0x5f5c8f4734,sp=0x7fd3b20180,pc=0x7c0c1d9700]
[15012|15012] event_addr:0x7c0c1d9700 hit_count:806, Regs:
[x0=0x1,x1=0x5f5c8f3598,x2=0x1,x3=0x7fd3b201e8,x4=0x0,x5=0x1414d4c,x6=0x1414d4c,x7=0x0,x8=0x9b504536b1897347,x9=0x9b504536b1897347,x10=0x9b504536b1897347,x11=0x3e8,x12=0x3,x13=0x706f6f6c5f657469,x14=0x7c0fa4e280,x15=0x0,x16=0x5f5c8f5a00,x17=0x7c0c1d9700,x18=0x7c0f35c000,x19=0x5f5c8f470c,x20=0x1,x21=0x1,x22=0x7fd3b20218,x23=0x7fd3b20220,x24=0x0,x25=0x0,x26=0x0,x27=0x0,x28=0x0,x29=0x7fd3b20190,lr=0x5f5c8f4734,sp=0x7fd3b20180,pc=0x7c0c1d9700]
[15012|15012] event_addr:0x7c0c1d9700 hit_count:807, Regs:
[x0=0x1,x1=0x5f5c8f3598,x2=0x1,x3=0x7fd3b201e8,x4=0x0,x5=0x1414d4c,x6=0x1414d4c,x7=0x0,x8=0x9b504536b1897347,x9=0x9b504536b1897347,x10=0x9b504536b1897347,x11=0x3e8,x12=0x3,x13=0x706f6f6c5f657469,x14=0x7c0fa4e280,x15=0x0,x16=0x5f5c8f5a00,x17=0x7c0c1d9700,x18=0x7c0f35c000,x19=0x5f5c8f470c,x20=0x1,x21=0x1,x22=0x7fd3b20218,x23=0x7fd3b20220,x24=0x0,x25=0x0,x26=0x0,x27=0x0,x28=0x0,x29=0x7fd3b20190,lr=0x5f5c8f4734,sp=0x7fd3b20180,pc=0x7c0c1d9700]
[15012|15012] event_addr:0x7c0c1d9700 hit_count:808, Regs:
[x0=0x1,x1=0x5f5c8f3598,x2=0x1,x3=0x7fd3b201e8,x4=0x0,x5=0x1414d4c,x6=0x1414d4c,x7=0x0,x8=0x9b504536b1897347,x9=0x9b504536b1897347,x10=0x9b504536b1897347,x11=0x3e8,x12=0x3,x13=0x706f6f6c5f657469,x14=0x7c0fa4e280,x15=0x0,x16=0x5f5c8f5a00,x17=0x7c0c1d9700,x18=0x7c0f35c000,x19=0x5f5c8f470c,x20=0x1,x21=0x1,x22=0x7fd3b20218,x23=0x7fd3b20220,x24=0x0,x25=0x0,x26=0x0,x27=0x0,x28=0x0,x29=0x7fd3b20190,lr=0x5f5c8f4734,sp=0x7fd3b20180,pc=0x7c0c1d9700]
[15012|15012] event_addr:0x7c0c1d9700 hit_count:809, Regs:
[x0=0x1,x1=0x5f5c8f3598,x2=0x1,x3=0x7fd3b201e8,x4=0x0,x5=0x1414d4c,x6=0x1414d4c,x7=0x0,x8=0x9b504536b1897347,x9=0x9b504536b1897347,x10=0x9b504536b1897347,x11=0x3e8,x12=0x3,x13=0x706f6f6c5f657469,x14=0x7c0fa4e280,x15=0x0,x16=0x5f5c8f5a00,x17=0x7c0c1d9700,x18=0x7c0f35c000,x19=0x5f5c8f470c,x20=0x1,x21=0x1,x22=0x7fd3b20218,x23=0x7fd3b20220,x24=0x0,x25=0x0,x26=0x0,x27=0x0,x28=0x0,x29=0x7fd3b20190,lr=0x5f5c8f4734,sp=0x7fd3b20180,pc=0x7c0c1d9700]
[15012|15012] event_addr:0x7c0c1d9700 hit_count:810, Regs:
[x0=0x1,x1=0x5f5c8f3598,x2=0x1,x3=0x7fd3b201e8,x4=0x0,x5=0x1414d4c,x6=0x1414d4c,x7=0x0,x8=0x9b504536b1897347,x9=0x9b504536b1897347,x10=0x9b504536b1897347,x11=0x3e8,x12=0x3,x13=0x706f6f6c5f657469,x14=0x7c0fa4e280,x15=0x0,x16=0x5f5c8f5a00,x17=0x7c0c1d9700,x18=0x7c0f35c000,x19=0x5f5c8f470c,x20=0x1,x21=0x1,x22=0x7fd3b20218,x23=0x7fd3b20220,x24=0x0,x25=0x0,x26=0x0,x27=0x0,x28=0x0,x29=0x7fd3b20190,lr=0x5f5c8f4734,sp=0x7fd3b20180,pc=0x7c0c1d9700]
[15012|15012] event_addr:0x7c0c1d9700 hit_count:811, Regs:
[x0=0x1,x1=0x5f5c8f3598,x2=0x1,x3=0x7fd3b201e8,x4=0x0,x5=0x1414d4c,x6=0x1414d4c,x7=0x0,x8=0x9b504536b1897347,x9=0x9b504536b1897347,x10=0x9b504536b1897347,x11=0x3e8,x12=0x3,x13=0x706f6f6c5f657469,x14=0x7c0fa4e280,x15=0x0,x16=0x5f5c8f5a00,x17=0x7c0c1d9700,x18=0x7c0f35c000,x19=0x5f5c8f470c,x20=0x1,x21=0x1,x22=0x7fd3b20218,x23=0x7fd3b20220,x24=0x0,x25=0x0,x26=0x0,x27=0x0,x28=0x0,x29=0x7fd3b20190,lr=0x5f5c8f4734,sp=0x7fd3b20180,pc=0x7c0c1d9700]
[15012|15012] event_addr:0x7c0c1d9700 hit_count:812, Regs:
[x0=0x1,x1=0x5f5c8f3598,x2=0x1,x3=0x7fd3b201e8,x4=0x0,x5=0x1414d4c,x6=0x1414d4c,x7=0x0,x8=0x9b504536b1897347,x9=0x9b504536b1897347,x10=0x9b504536b1897347,x11=0x3e8,x12=0x3,x13=0x706f6f6c5f657469,x14=0x7c0fa4e280,x15=0x0,x16=0x5f5c8f5a00,x17=0x7c0c1d9700,x18=0x7c0f35c000,x19=0x5f5c8f470c,x20=0x1,x21=0x1,x22=0x7fd3b20218,x23=0x7fd3b20220,x24=0x0,x25=0x0,x26=0x0,x27=0x0,x28=0x0,x29=0x7fd3b20190,lr=0x5f5c8f4734,sp=0x7fd3b20180,pc=0x7c0c1d9700]
[15012|15012] event_addr:0x7c0c1d9700 hit_count:813, Regs:
[x0=0x1,x1=0x5f5c8f3598,x2=0x1,x3=0x7fd3b201e8,x4=0x0,x5=0x1414d4c,x6=0x1414d4c,x7=0x0,x8=0x9b504536b1897347,x9=0x9b504536b1897347,x10=0x9b504536b1897347,x11=0x3e8,x12=0x3,x13=0x706f6f6c5f657469,x14=0x7c0fa4e280,x15=0x0,x16=0x5f5c8f5a00,x17=0x7c0c1d9700,x18=0x7c0f35c000,x19=0x5f5c8f470c,x20=0x1,x21=0x1,x22=0x7fd3b20218,x23=0x7fd3b20220,x24=0x0,x25=0x0,x26=0x0,x27=0x0,x28=0x0,x29=0x7fd3b20190,lr=0x5f5c8f4734,sp=0x7fd3b20180,pc=0x7c0c1d9700]
[15012|15012] event_addr:0x7c0c1d9700 hit_count:814, Regs:
[x0=0x1,x1=0x5f5c8f3598,x2=0x1,x3=0x7fd3b201e8,x4=0x0,x5=0x1414d4c,x6=0x1414d4c,x7=0x0,x8=0x9b504536b1897347,x9=0x9b504536b1897347,x10=0x9b504536b1897347,x11=0x3e8,x12=0x3,x13=0x706f6f6c5f657469,x14=0x7c0fa4e280,x15=0x0,x16=0x5f5c8f5a00,x17=0x7c0c1d9700,x18=0x7c0f35c000,x19=0x5f5c8f470c,x20=0x1,x21=0x1,x22=0x7fd3b20218,x23=0x7fd3b20220,x24=0x0,x25=0x0,x26=0x0,x27=0x0,x28=0x0,x29=0x7fd3b20190,lr=0x5f5c8f4734,sp=0x7fd3b20180,pc=0x7c0c1d9700]
[15012|15012] event_addr:0x7c0c1d9700 hit_count:815, Regs:
[x0=0x1,x1=0x5f5c8f3598,x2=0x1,x3=0x7fd3b201e8,x4=0x0,x5=0x1414d4c,x6=0x1414d4c,x7=0x0,x8=0x9b504536b1897347,x9=0x9b504536b1897347,x10=0x9b504536b1897347,x11=0x3e8,x12=0x3,x13=0x706f6f6c5f657469,x14=0x7c0fa4e280,x15=0x0,x16=0x5f5c8f5a00,x17=0x7c0c1d9700,x18=0x7c0f35c000,x19=0x5f5c8f470c,x20=0x1,x21=0x1,x22=0x7fd3b20218,x23=0x7fd3b20220,x24=0x0,x25=0x0,x26=0x0,x27=0x0,x28=0x0,x29=0x7fd3b20190,lr=0x5f5c8f4734,sp=0x7fd3b20180,pc=0x7c0c1d9700]
[15012|15012] event_addr:0x7c0c1d9700 hit_count:816, Regs:
[x0=0x1,x1=0x5f5c8f3598,x2=0x1,x3=0x7fd3b201e8,x4=0x0,x5=0x1414d4c,x6=0x1414d4c,x7=0x0,x8=0x9b504536b1897347,x9=0x9b504536b1897347,x10=0x9b504536b1897347,x11=0x3e8,x12=0x3,x13=0x706f6f6c5f657469,x14=0x7c0fa4e280,x15=0x0,x16=0x5f5c8f5a00,x17=0x7c0c1d9700,x18=0x7c0f35c000,x19=0x5f5c8f470c,x20=0x1,x21=0x1,x22=0x7fd3b20218,x23=0x7fd3b20220,x24=0x0,x25=0x0,x26=0x0,x27=0x0,x28=0x0,x29=0x7fd3b20190,lr=0x5f5c8f4734,sp=0x7fd3b20180,pc=0x7c0c1d9700]
[15012|15012] event_addr:0x7c0c1d9700 hit_count:817, Regs:
[x0=0x1,x1=0x5f5c8f3598,x2=0x1,x3=0x7fd3b201e8,x4=0x0,x5=0x1414d4c,x6=0x1414d4c,x7=0x0,x8=0x9b504536b1897347,x9=0x9b504536b1897347,x10=0x9b504536b1897347,x11=0x3e8,x12=0x3,x13=0x706f6f6c5f657469,x14=0x7c0fa4e280,x15=0x0,x16=0x5f5c8f5a00,x17=0x7c0c1d9700,x18=0x7c0f35c000,x19=0x5f5c8f470c,x20=0x1,x21=0x1,x22=0x7fd3b20218,x23=0x7fd3b20220,x24=0x0,x25=0x0,x26=0x0,x27=0x0,x28=0x0,x29=0x7fd3b20190,lr=0x5f5c8f4734,sp=0x7fd3b20180,pc=0x7c0c1d9700]
[15012|15012] event_addr:0x7c0c1d9700 hit_count:818, Regs:
[x0=0x1,x1=0x5f5c8f3598,x2=0x1,x3=0x7fd3b201e8,x4=0x0,x5=0x1414d4c,x6=0x1414d4c,x7=0x0,x8=0x9b504536b1897347,x9=0x9b504536b1897347,x10=0x9b504536b1897347,x11=0x3e8,x12=0x3,x13=0x706f6f6c5f657469,x14=0x7c0fa4e280,x15=0x0,x16=0x5f5c8f5a00,x17=0x7c0c1d9700,x18=0x7c0f35c000,x19=0x5f5c8f470c,x20=0x1,x21=0x1,x22=0x7fd3b20218,x23=0x7fd3b20220,x24=0x0,x25=0x0,x26=0x0,x27=0x0,x28=0x0,x29=0x7fd3b20190,lr=0x5f5c8f4734,sp=0x7fd3b20180,pc=0x7c0c1d9700]
[15012|15012] event_addr:0x7c0c1d9700 hit_count:819, Regs:
[x0=0x1,x1=0x5f5c8f3598,x2=0x1,x3=0x7fd3b201e8,x4=0x0,x5=0x1414d4c,x6=0x1414d4c,x7=0x0,x8=0x9b504536b1897347,x9=0x9b504536b1897347,x10=0x9b504536b1897347,x11=0x3e8,x12=0x3,x13=0x706f6f6c5f657469,x14=0x7c0fa4e280,x15=0x0,x16=0x5f5c8f5a00,x17=0x7c0c1d9700,x18=0x7c0f35c000,x19=0x5f5c8f470c,x20=0x1,x21=0x1,x22=0x7fd3b20218,x23=0x7fd3b20220,x24=0x0,x25=0x0,x26=0x0,x27=0x0,x28=0x0,x29=0x7fd3b20190,lr=0x5f5c8f4734,sp=0x7fd3b20180,pc=0x7c0c1d9700]
[15012|15012] event_addr:0x7c0c1d9700 hit_count:820, Regs:
[x0=0x1,x1=0x5f5c8f3598,x2=0x1,x3=0x7fd3b201e8,x4=0x0,x5=0x1414d4c,x6=0x1414d4c,x7=0x0,x8=0x9b504536b1897347,x9=0x9b504536b1897347,x10=0x9b504536b1897347,x11=0x3e8,x12=0x3,x13=0x706f6f6c5f657469,x14=0x7c0fa4e280,x15=0x0,x16=0x5f5c8f5a00,x17=0x7c0c1d9700,x18=0x7c0f35c000,x19=0x5f5c8f470c,x20=0x1,x21=0x1,x22=0x7fd3b20218,x23=0x7fd3b20220,x24=0x0,x25=0x0,x26=0x0,x27=0x0,x28=0x0,x29=0x7fd3b20190,lr=0x5f5c8f4734,sp=0x7fd3b20180,pc=0x7c0c1d9700]
[15012|15012] event_addr:0x7c0c1d9700 hit_count:821, Regs:
[x0=0x1,x1=0x5f5c8f3598,x2=0x1,x3=0x7fd3b201e8,x4=0x0,x5=0x1414d4c,x6=0x1414d4c,x7=0x0,x8=0x9b504536b1897347,x9=0x9b504536b1897347,x10=0x9b504536b1897347,x11=0x3e8,x12=0x3,x13=0x706f6f6c5f657469,x14=0x7c0fa4e280,x15=0x0,x16=0x5f5c8f5a00,x17=0x7c0c1d9700,x18=0x7c0f35c000,x19=0x5f5c8f470c,x20=0x1,x21=0x1,x22=0x7fd3b20218,x23=0x7fd3b20220,x24=0x0,x25=0x0,x26=0x0,x27=0x0,x28=0x0,x29=0x7fd3b20190,lr=0x5f5c8f4734,sp=0x7fd3b20180,pc=0x7c0c1d9700]
[15012|15012] event_addr:0x7c0c1d9700 hit_count:822, Regs:
[x0=0x1,x1=0x5f5c8f3598,x2=0x1,x3=0x7fd3b201e8,x4=0x0,x5=0x1414d4c,x6=0x1414d4c,x7=0x0,x8=0x9b504536b1897347,x9=0x9b504536b1897347,x10=0x9b504536b1897347,x11=0x3e8,x12=0x3,x13=0x706f6f6c5f657469,x14=0x7c0fa4e280,x15=0x0,x16=0x5f5c8f5a00,x17=0x7c0c1d9700,x18=0x7c0f35c000,x19=0x5f5c8f470c,x20=0x1,x21=0x1,x22=0x7fd3b20218,x23=0x7fd3b20220,x24=0x0,x25=0x0,x26=0x0,x27=0x0,x28=0x0,x29=0x7fd3b20190,lr=0x5f5c8f4734,sp=0x7fd3b20180,pc=0x7c0c1d9700]
[15012|15012] event_addr:0x7c0c1d9700 hit_count:823, Regs:
[x0=0x1,x1=0x5f5c8f3598,x2=0x1,x3=0x7fd3b201e8,x4=0x0,x5=0x1414d4c,x6=0x1414d4c,x7=0x0,x8=0x9b504536b1897347,x9=0x9b504536b1897347,x10=0x9b504536b1897347,x11=0x3e8,x12=0x3,x13=0x706f6f6c5f657469,x14=0x7c0fa4e280,x15=0x0,x16=0x5f5c8f5a00,x17=0x7c0c1d9700,x18=0x7c0f35c000,x19=0x5f5c8f470c,x20=0x1,x21=0x1,x22=0x7fd3b20218,x23=0x7fd3b20220,x24=0x0,x25=0x0,x26=0x0,x27=0x0,x28=0x0,x29=0x7fd3b20190,lr=0x5f5c8f4734,sp=0x7fd3b20180,pc=0x7c0c1d9700]
[15012|15012] event_addr:0x7c0c1d9700 hit_count:824, Regs:
[x0=0x1,x1=0x5f5c8f3598,x2=0x1,x3=0x7fd3b201e8,x4=0x0,x5=0x1414d4c,x6=0x1414d4c,x7=0x0,x8=0x9b504536b1897347,x9=0x9b504536b1897347,x10=0x9b504536b1897347,x11=0x3e8,x12=0x3,x13=0x706f6f6c5f657469,x14=0x7c0fa4e280,x15=0x0,x16=0x5f5c8f5a00,x17=0x7c0c1d9700,x18=0x7c0f35c000,x19=0x5f5c8f470c,x20=0x1,x21=0x1,x22=0x7fd3b20218,x23=0x7fd3b20220,x24=0x0,x25=0x0,x26=0x0,x27=0x0,x28=0x0,x29=0x7fd3b20190,lr=0x5f5c8f4734,sp=0x7fd3b20180,pc=0x7c0c1d9700]
[15012|15012] event_addr:0x7c0c1d9700 hit_count:825, Regs:
[x0=0x1,x1=0x5f5c8f3598,x2=0x1,x3=0x7fd3b201e8,x4=0x0,x5=0x1414d4c,x6=0x1414d4c,x7=0x0,x8=0x9b504536b1897347,x9=0x9b504536b1897347,x10=0x9b504536b1897347,x11=0x3e8,x12=0x3,x13=0x706f6f6c5f657469,x14=0x7c0fa4e280,x15=0x0,x16=0x5f5c8f5a00,x17=0x7c0c1d9700,x18=0x7c0f35c000,x19=0x5f5c8f470c,x20=0x1,x21=0x1,x22=0x7fd3b20218,x23=0x7fd3b20220,x24=0x0,x25=0x0,x26=0x0,x27=0x0,x28=0x0,x29=0x7fd3b20190,lr=0x5f5c8f4734,sp=0x7fd3b20180,pc=0x7c0c1d9700]
[15012|15012] event_addr:0x7c0c1d9700 hit_count:826, Regs:
[x0=0x1,x1=0x5f5c8f3598,x2=0x1,x3=0x7fd3b201e8,x4=0x0,x5=0x1414d4c,x6=0x1414d4c,x7=0x0,x8=0x9b504536b1897347,x9=0x9b504536b1897347,x10=0x9b504536b1897347,x11=0x3e8,x12=0x3,x13=0x706f6f6c5f657469,x14=0x7c0fa4e280,x15=0x0,x16=0x5f5c8f5a00,x17=0x7c0c1d9700,x18=0x7c0f35c000,x19=0x5f5c8f470c,x20=0x1,x21=0x1,x22=0x7fd3b20218,x23=0x7fd3b20220,x24=0x0,x25=0x0,x26=0x0,x27=0x0,x28=0x0,x29=0x7fd3b20190,lr=0x5f5c8f4734,sp=0x7fd3b20180,pc=0x7c0c1d9700]
[15012|15012] event_addr:0x7c0c1d9700 hit_count:827, Regs:
[x0=0x1,x1=0x5f5c8f3598,x2=0x1,x3=0x7fd3b201e8,x4=0x0,x5=0x1414d4c,x6=0x1414d4c,x7=0x0,x8=0x9b504536b1897347,x9=0x9b504536b1897347,x10=0x9b504536b1897347,x11=0x3e8,x12=0x3,x13=0x706f6f6c5f657469,x14=0x7c0fa4e280,x15=0x0,x16=0x5f5c8f5a00,x17=0x7c0c1d9700,x18=0x7c0f35c000,x19=0x5f5c8f470c,x20=0x1,x21=0x1,x22=0x7fd3b20218,x23=0x7fd3b20220,x24=0x0,x25=0x0,x26=0x0,x27=0x0,x28=0x0,x29=0x7fd3b20190,lr=0x5f5c8f4734,sp=0x7fd3b20180,pc=0x7c0c1d9700]
[15012|15012] event_addr:0x7c0c1d9700 hit_count:828, Regs:
[x0=0x1,x1=0x5f5c8f3598,x2=0x1,x3=0x7fd3b201e8,x4=0x0,x5=0x1414d4c,x6=0x1414d4c,x7=0x0,x8=0x9b504536b1897347,x9=0x9b504536b1897347,x10=0x9b504536b1897347,x11=0x3e8,x12=0x3,x13=0x706f6f6c5f657469,x14=0x7c0fa4e280,x15=0x0,x16=0x5f5c8f5a00,x17=0x7c0c1d9700,x18=0x7c0f35c000,x19=0x5f5c8f470c,x20=0x1,x21=0x1,x22=0x7fd3b20218,x23=0x7fd3b20220,x24=0x0,x25=0x0,x26=0x0,x27=0x0,x28=0x0,x29=0x7fd3b20190,lr=0x5f5c8f4734,sp=0x7fd3b20180,pc=0x7c0c1d9700]
[15012|15012] event_addr:0x7c0c1d9700 hit_count:829, Regs:
[x0=0x1,x1=0x5f5c8f3598,x2=0x1,x3=0x7fd3b201e8,x4=0x0,x5=0x1414d4c,x6=0x1414d4c,x7=0x0,x8=0x9b504536b1897347,x9=0x9b504536b1897347,x10=0x9b504536b1897347,x11=0x3e8,x12=0x3,x13=0x706f6f6c5f657469,x14=0x7c0fa4e280,x15=0x0,x16=0x5f5c8f5a00,x17=0x7c0c1d9700,x18=0x7c0f35c000,x19=0x5f5c8f470c,x20=0x1,x21=0x1,x22=0x7fd3b20218,x23=0x7fd3b20220,x24=0x0,x25=0x0,x26=0x0,x27=0x0,x28=0x0,x29=0x7fd3b20190,lr=0x5f5c8f4734,sp=0x7fd3b20180,pc=0x7c0c1d9700]
[15012|15012] event_addr:0x7c0c1d9700 hit_count:830, Regs:
[x0=0x1,x1=0x5f5c8f3598,x2=0x1,x3=0x7fd3b201e8,x4=0x0,x5=0x1414d4c,x6=0x1414d4c,x7=0x0,x8=0x9b504536b1897347,x9=0x9b504536b1897347,x10=0x9b504536b1897347,x11=0x3e8,x12=0x3,x13=0x706f6f6c5f657469,x14=0x7c0fa4e280,x15=0x0,x16=0x5f5c8f5a00,x17=0x7c0c1d9700,x18=0x7c0f35c000,x19=0x5f5c8f470c,x20=0x1,x21=0x1,x22=0x7fd3b20218,x23=0x7fd3b20220,x24=0x0,x25=0x0,x26=0x0,x27=0x0,x28=0x0,x29=0x7fd3b20190,lr=0x5f5c8f4734,sp=0x7fd3b20180,pc=0x7c0c1d9700]
[15012|15012] event_addr:0x7c0c1d9700 hit_count:831, Regs:
[x0=0x1,x1=0x5f5c8f3598,x2=0x1,x3=0x7fd3b201e8,x4=0x0,x5=0x1414d4c,x6=0x1414d4c,x7=0x0,x8=0x9b504536b1897347,x9=0x9b504536b1897347,x10=0x9b504536b1897347,x11=0x3e8,x12=0x3,x13=0x706f6f6c5f657469,x14=0x7c0fa4e280,x15=0x0,x16=0x5f5c8f5a00,x17=0x7c0c1d9700,x18=0x7c0f35c000,x19=0x5f5c8f470c,x20=0x1,x21=0x1,x22=0x7fd3b20218,x23=0x7fd3b20220,x24=0x0,x25=0x0,x26=0x0,x27=0x0,x28=0x0,x29=0x7fd3b20190,lr=0x5f5c8f4734,sp=0x7fd3b20180,pc=0x7c0c1d9700]
[15012|15012] event_addr:0x7c0c1d9700 hit_count:832, Regs:
[x0=0x1,x1=0x5f5c8f3598,x2=0x1,x3=0x7fd3b201e8,x4=0x0,x5=0x1414d4c,x6=0x1414d4c,x7=0x0,x8=0x9b504536b1897347,x9=0x9b504536b1897347,x10=0x9b504536b1897347,x11=0x3e8,x12=0x3,x13=0x706f6f6c5f657469,x14=0x7c0fa4e280,x15=0x0,x16=0x5f5c8f5a00,x17=0x7c0c1d9700,x18=0x7c0f35c000,x19=0x5f5c8f470c,x20=0x1,x21=0x1,x22=0x7fd3b20218,x23=0x7fd3b20220,x24=0x0,x25=0x0,x26=0x0,x27=0x0,x28=0x0,x29=0x7fd3b20190,lr=0x5f5c8f4734,sp=0x7fd3b20180,pc=0x7c0c1d9700]
[15012|15012] event_addr:0x7c0c1d9700 hit_count:833, Regs:
[x0=0x1,x1=0x5f5c8f3598,x2=0x1,x3=0x7fd3b201e8,x4=0x0,x5=0x1414d4c,x6=0x1414d4c,x7=0x0,x8=0x9b504536b1897347,x9=0x9b504536b1897347,x10=0x9b504536b1897347,x11=0x3e8,x12=0x3,x13=0x706f6f6c5f657469,x14=0x7c0fa4e280,x15=0x0,x16=0x5f5c8f5a00,x17=0x7c0c1d9700,x18=0x7c0f35c000,x19=0x5f5c8f470c,x20=0x1,x21=0x1,x22=0x7fd3b20218,x23=0x7fd3b20220,x24=0x0,x25=0x0,x26=0x0,x27=0x0,x28=0x0,x29=0x7fd3b20190,lr=0x5f5c8f4734,sp=0x7fd3b20180,pc=0x7c0c1d9700]
[15012|15012] event_addr:0x7c0c1d9700 hit_count:834, Regs:
[x0=0x1,x1=0x5f5c8f3598,x2=0x1,x3=0x7fd3b201e8,x4=0x0,x5=0x1414d4c,x6=0x1414d4c,x7=0x0,x8=0x9b504536b1897347,x9=0x9b504536b1897347,x10=0x9b504536b1897347,x11=0x3e8,x12=0x3,x13=0x706f6f6c5f657469,x14=0x7c0fa4e280,x15=0x0,x16=0x5f5c8f5a00,x17=0x7c0c1d9700,x18=0x7c0f35c000,x19=0x5f5c8f470c,x20=0x1,x21=0x1,x22=0x7fd3b20218,x23=0x7fd3b20220,x24=0x0,x25=0x0,x26=0x0,x27=0x0,x28=0x0,x29=0x7fd3b20190,lr=0x5f5c8f4734,sp=0x7fd3b20180,pc=0x7c0c1d9700]
[15012|15012] event_addr:0x7c0c1d9700 hit_count:835, Regs:
[x0=0x1,x1=0x5f5c8f3598,x2=0x1,x3=0x7fd3b201e8,x4=0x0,x5=0x1414d4c,x6=0x1414d4c,x7=0x0,x8=0x9b504536b1897347,x9=0x9b504536b1897347,x10=0x9b504536b1897347,x11=0x3e8,x12=0x3,x13=0x706f6f6c5f657469,x14=0x7c0fa4e280,x15=0x0,x16=0x5f5c8f5a00,x17=0x7c0c1d9700,x18=0x7c0f35c000,x19=0x5f5c8f470c,x20=0x1,x21=0x1,x22=0x7fd3b20218,x23=0x7fd3b20220,x24=0x0,x25=0x0,x26=0x0,x27=0x0,x28=0x0,x29=0x7fd3b20190,lr=0x5f5c8f4734,sp=0x7fd3b20180,pc=0x7c0c1d9700]
[15012|15012] event_addr:0x7c0c1d9700 hit_count:836, Regs:
[x0=0x1,x1=0x5f5c8f3598,x2=0x1,x3=0x7fd3b201e8,x4=0x0,x5=0x1414d4c,x6=0x1414d4c,x7=0x0,x8=0x9b504536b1897347,x9=0x9b504536b1897347,x10=0x9b504536b1897347,x11=0x3e8,x12=0x3,x13=0x706f6f6c5f657469,x14=0x7c0fa4e280,x15=0x0,x16=0x5f5c8f5a00,x17=0x7c0c1d9700,x18=0x7c0f35c000,x19=0x5f5c8f470c,x20=0x1,x21=0x1,x22=0x7fd3b20218,x23=0x7fd3b20220,x24=0x0,x25=0x0,x26=0x0,x27=0x0,x28=0x0,x29=0x7fd3b20190,lr=0x5f5c8f4734,sp=0x7fd3b20180,pc=0x7c0c1d9700]
[15012|15012] event_addr:0x7c0c1d9700 hit_count:837, Regs:
[x0=0x1,x1=0x5f5c8f3598,x2=0x1,x3=0x7fd3b201e8,x4=0x0,x5=0x1414d4c,x6=0x1414d4c,x7=0x0,x8=0x9b504536b1897347,x9=0x9b504536b1897347,x10=0x9b504536b1897347,x11=0x3e8,x12=0x3,x13=0x706f6f6c5f657469,x14=0x7c0fa4e280,x15=0x0,x16=0x5f5c8f5a00,x17=0x7c0c1d9700,x18=0x7c0f35c000,x19=0x5f5c8f470c,x20=0x1,x21=0x1,x22=0x7fd3b20218,x23=0x7fd3b20220,x24=0x0,x25=0x0,x26=0x0,x27=0x0,x28=0x0,x29=0x7fd3b20190,lr=0x5f5c8f4734,sp=0x7fd3b20180,pc=0x7c0c1d9700]
[15012|15012] event_addr:0x7c0c1d9700 hit_count:838, Regs:
[x0=0x1,x1=0x5f5c8f3598,x2=0x1,x3=0x7fd3b201e8,x4=0x0,x5=0x1414d4c,x6=0x1414d4c,x7=0x0,x8=0x9b504536b1897347,x9=0x9b504536b1897347,x10=0x9b504536b1897347,x11=0x3e8,x12=0x3,x13=0x706f6f6c5f657469,x14=0x7c0fa4e280,x15=0x0,x16=0x5f5c8f5a00,x17=0x7c0c1d9700,x18=0x7c0f35c000,x19=0x5f5c8f470c,x20=0x1,x21=0x1,x22=0x7fd3b20218,x23=0x7fd3b20220,x24=0x0,x25=0x0,x26=0x0,x27=0x0,x28=0x0,x29=0x7fd3b20190,lr=0x5f5c8f4734,sp=0x7fd3b20180,pc=0x7c0c1d9700]
[15012|15012] event_addr:0x7c0c1d9700 hit_count:839, Regs:
[x0=0x1,x1=0x5f5c8f3598,x2=0x1,x3=0x7fd3b201e8,x4=0x0,x5=0x1414d4c,x6=0x1414d4c,x7=0x0,x8=0x9b504536b1897347,x9=0x9b504536b1897347,x10=0x9b504536b1897347,x11=0x3e8,x12=0x3,x13=0x706f6f6c5f657469,x14=0x7c0fa4e280,x15=0x0,x16=0x5f5c8f5a00,x17=0x7c0c1d9700,x18=0x7c0f35c000,x19=0x5f5c8f470c,x20=0x1,x21=0x1,x22=0x7fd3b20218,x23=0x7fd3b20220,x24=0x0,x25=0x0,x26=0x0,x27=0x0,x28=0x0,x29=0x7fd3b20190,lr=0x5f5c8f4734,sp=0x7fd3b20180,pc=0x7c0c1d9700]
[15012|15012] event_addr:0x7c0c1d9700 hit_count:840, Regs:
[x0=0x1,x1=0x5f5c8f3598,x2=0x1,x3=0x7fd3b201e8,x4=0x0,x5=0x1414d4c,x6=0x1414d4c,x7=0x0,x8=0x9b504536b1897347,x9=0x9b504536b1897347,x10=0x9b504536b1897347,x11=0x3e8,x12=0x3,x13=0x706f6f6c5f657469,x14=0x7c0fa4e280,x15=0x0,x16=0x5f5c8f5a00,x17=0x7c0c1d9700,x18=0x7c0f35c000,x19=0x5f5c8f470c,x20=0x1,x21=0x1,x22=0x7fd3b20218,x23=0x7fd3b20220,x24=0x0,x25=0x0,x26=0x0,x27=0x0,x28=0x0,x29=0x7fd3b20190,lr=0x5f5c8f4734,sp=0x7fd3b20180,pc=0x7c0c1d9700]
[15012|15012] event_addr:0x7c0c1d9700 hit_count:841, Regs:
[x0=0x1,x1=0x5f5c8f3598,x2=0x1,x3=0x7fd3b201e8,x4=0x0,x5=0x1414d4c,x6=0x1414d4c,x7=0x0,x8=0x9b504536b1897347,x9=0x9b504536b1897347,x10=0x9b504536b1897347,x11=0x3e8,x12=0x3,x13=0x706f6f6c5f657469,x14=0x7c0fa4e280,x15=0x0,x16=0x5f5c8f5a00,x17=0x7c0c1d9700,x18=0x7c0f35c000,x19=0x5f5c8f470c,x20=0x1,x21=0x1,x22=0x7fd3b20218,x23=0x7fd3b20220,x24=0x0,x25=0x0,x26=0x0,x27=0x0,x28=0x0,x29=0x7fd3b20190,lr=0x5f5c8f4734,sp=0x7fd3b20180,pc=0x7c0c1d9700]
[15012|15012] event_addr:0x7c0c1d9700 hit_count:842, Regs:
[x0=0x1,x1=0x5f5c8f3598,x2=0x1,x3=0x7fd3b201e8,x4=0x0,x5=0x1414d4c,x6=0x1414d4c,x7=0x0,x8=0x9b504536b1897347,x9=0x9b504536b1897347,x10=0x9b504536b1897347,x11=0x3e8,x12=0x3,x13=0x706f6f6c5f657469,x14=0x7c0fa4e280,x15=0x0,x16=0x5f5c8f5a00,x17=0x7c0c1d9700,x18=0x7c0f35c000,x19=0x5f5c8f470c,x20=0x1,x21=0x1,x22=0x7fd3b20218,x23=0x7fd3b20220,x24=0x0,x25=0x0,x26=0x0,x27=0x0,x28=0x0,x29=0x7fd3b20190,lr=0x5f5c8f4734,sp=0x7fd3b20180,pc=0x7c0c1d9700]
[15012|15012] event_addr:0x7c0c1d9700 hit_count:843, Regs:
[x0=0x1,x1=0x5f5c8f3598,x2=0x1,x3=0x7fd3b201e8,x4=0x0,x5=0x1414d4c,x6=0x1414d4c,x7=0x0,x8=0x9b504536b1897347,x9=0x9b504536b1897347,x10=0x9b504536b1897347,x11=0x3e8,x12=0x3,x13=0x706f6f6c5f657469,x14=0x7c0fa4e280,x15=0x0,x16=0x5f5c8f5a00,x17=0x7c0c1d9700,x18=0x7c0f35c000,x19=0x5f5c8f470c,x20=0x1,x21=0x1,x22=0x7fd3b20218,x23=0x7fd3b20220,x24=0x0,x25=0x0,x26=0x0,x27=0x0,x28=0x0,x29=0x7fd3b20190,lr=0x5f5c8f4734,sp=0x7fd3b20180,pc=0x7c0c1d9700]
[15012|15012] event_addr:0x7c0c1d9700 hit_count:844, Regs:
[x0=0x1,x1=0x5f5c8f3598,x2=0x1,x3=0x7fd3b201e8,x4=0x0,x5=0x1414d4c,x6=0x1414d4c,x7=0x0,x8=0x9b504536b1897347,x9=0x9b504536b1897347,x10=0x9b504536b1897347,x11=0x3e8,x12=0x3,x13=0x706f6f6c5f657469,x14=0x7c0fa4e280,x15=0x0,x16=0x5f5c8f5a00,x17=0x7c0c1d9700,x18=0x7c0f35c000,x19=0x5f5c8f470c,x20=0x1,x21=0x1,x22=0x7fd3b20218,x23=0x7fd3b20220,x24=0x0,x25=0x0,x26=0x0,x27=0x0,x28=0x0,x29=0x7fd3b20190,lr=0x5f5c8f4734,sp=0x7fd3b20180,pc=0x7c0c1d9700]
[15012|15012] event_addr:0x7c0c1d9700 hit_count:845, Regs:
[x0=0x1,x1=0x5f5c8f3598,x2=0x1,x3=0x7fd3b201e8,x4=0x0,x5=0x1414d4c,x6=0x1414d4c,x7=0x0,x8=0x9b504536b1897347,x9=0x9b504536b1897347,x10=0x9b504536b1897347,x11=0x3e8,x12=0x3,x13=0x706f6f6c5f657469,x14=0x7c0fa4e280,x15=0x0,x16=0x5f5c8f5a00,x17=0x7c0c1d9700,x18=0x7c0f35c000,x19=0x5f5c8f470c,x20=0x1,x21=0x1,x22=0x7fd3b20218,x23=0x7fd3b20220,x24=0x0,x25=0x0,x26=0x0,x27=0x0,x28=0x0,x29=0x7fd3b20190,lr=0x5f5c8f4734,sp=0x7fd3b20180,pc=0x7c0c1d9700]
[15012|15012] event_addr:0x7c0c1d9700 hit_count:846, Regs:
[x0=0x1,x1=0x5f5c8f3598,x2=0x1,x3=0x7fd3b201e8,x4=0x0,x5=0x1414d4c,x6=0x1414d4c,x7=0x0,x8=0x9b504536b1897347,x9=0x9b504536b1897347,x10=0x9b504536b1897347,x11=0x3e8,x12=0x3,x13=0x706f6f6c5f657469,x14=0x7c0fa4e280,x15=0x0,x16=0x5f5c8f5a00,x17=0x7c0c1d9700,x18=0x7c0f35c000,x19=0x5f5c8f470c,x20=0x1,x21=0x1,x22=0x7fd3b20218,x23=0x7fd3b20220,x24=0x0,x25=0x0,x26=0x0,x27=0x0,x28=0x0,x29=0x7fd3b20190,lr=0x5f5c8f4734,sp=0x7fd3b20180,pc=0x7c0c1d9700]
[15012|15012] event_addr:0x7c0c1d9700 hit_count:847, Regs:
[x0=0x1,x1=0x5f5c8f3598,x2=0x1,x3=0x7fd3b201e8,x4=0x0,x5=0x1414d4c,x6=0x1414d4c,x7=0x0,x8=0x9b504536b1897347,x9=0x9b504536b1897347,x10=0x9b504536b1897347,x11=0x3e8,x12=0x3,x13=0x706f6f6c5f657469,x14=0x7c0fa4e280,x15=0x0,x16=0x5f5c8f5a00,x17=0x7c0c1d9700,x18=0x7c0f35c000,x19=0x5f5c8f470c,x20=0x1,x21=0x1,x22=0x7fd3b20218,x23=0x7fd3b20220,x24=0x0,x25=0x0,x26=0x0,x27=0x0,x28=0x0,x29=0x7fd3b20190,lr=0x5f5c8f4734,sp=0x7fd3b20180,pc=0x7c0c1d9700]
[15012|15012] event_addr:0x7c0c1d9700 hit_count:848, Regs:
[x0=0x1,x1=0x5f5c8f3598,x2=0x1,x3=0x7fd3b201e8,x4=0x0,x5=0x1414d4c,x6=0x1414d4c,x7=0x0,x8=0x9b504536b1897347,x9=0x9b504536b1897347,x10=0x9b504536b1897347,x11=0x3e8,x12=0x3,x13=0x706f6f6c5f657469,x14=0x7c0fa4e280,x15=0x0,x16=0x5f5c8f5a00,x17=0x7c0c1d9700,x18=0x7c0f35c000,x19=0x5f5c8f470c,x20=0x1,x21=0x1,x22=0x7fd3b20218,x23=0x7fd3b20220,x24=0x0,x25=0x0,x26=0x0,x27=0x0,x28=0x0,x29=0x7fd3b20190,lr=0x5f5c8f4734,sp=0x7fd3b20180,pc=0x7c0c1d9700]
[15012|15012] event_addr:0x7c0c1d9700 hit_count:849, Regs:
[x0=0x1,x1=0x5f5c8f3598,x2=0x1,x3=0x7fd3b201e8,x4=0x0,x5=0x1414d4c,x6=0x1414d4c,x7=0x0,x8=0x9b504536b1897347,x9=0x9b504536b1897347,x10=0x9b504536b1897347,x11=0x3e8,x12=0x3,x13=0x706f6f6c5f657469,x14=0x7c0fa4e280,x15=0x0,x16=0x5f5c8f5a00,x17=0x7c0c1d9700,x18=0x7c0f35c000,x19=0x5f5c8f470c,x20=0x1,x21=0x1,x22=0x7fd3b20218,x23=0x7fd3b20220,x24=0x0,x25=0x0,x26=0x0,x27=0x0,x28=0x0,x29=0x7fd3b20190,lr=0x5f5c8f4734,sp=0x7fd3b20180,pc=0x7c0c1d9700]
[15012|15012] event_addr:0x7c0c1d9700 hit_count:850, Regs:
[x0=0x1,x1=0x5f5c8f3598,x2=0x1,x3=0x7fd3b201e8,x4=0x0,x5=0x1414d4c,x6=0x1414d4c,x7=0x0,x8=0x9b504536b1897347,x9=0x9b504536b1897347,x10=0x9b504536b1897347,x11=0x3e8,x12=0x3,x13=0x706f6f6c5f657469,x14=0x7c0fa4e280,x15=0x0,x16=0x5f5c8f5a00,x17=0x7c0c1d9700,x18=0x7c0f35c000,x19=0x5f5c8f470c,x20=0x1,x21=0x1,x22=0x7fd3b20218,x23=0x7fd3b20220,x24=0x0,x25=0x0,x26=0x0,x27=0x0,x28=0x0,x29=0x7fd3b20190,lr=0x5f5c8f4734,sp=0x7fd3b20180,pc=0x7c0c1d9700]
[15012|15012] event_addr:0x7c0c1d9700 hit_count:851, Regs:
[x0=0x1,x1=0x5f5c8f3598,x2=0x1,x3=0x7fd3b201e8,x4=0x0,x5=0x1414d4c,x6=0x1414d4c,x7=0x0,x8=0x9b504536b1897347,x9=0x9b504536b1897347,x10=0x9b504536b1897347,x11=0x3e8,x12=0x3,x13=0x706f6f6c5f657469,x14=0x7c0fa4e280,x15=0x0,x16=0x5f5c8f5a00,x17=0x7c0c1d9700,x18=0x7c0f35c000,x19=0x5f5c8f470c,x20=0x1,x21=0x1,x22=0x7fd3b20218,x23=0x7fd3b20220,x24=0x0,x25=0x0,x26=0x0,x27=0x0,x28=0x0,x29=0x7fd3b20190,lr=0x5f5c8f4734,sp=0x7fd3b20180,pc=0x7c0c1d9700]
[15012|15012] event_addr:0x7c0c1d9700 hit_count:852, Regs:
[x0=0x1,x1=0x5f5c8f3598,x2=0x1,x3=0x7fd3b201e8,x4=0x0,x5=0x1414d4c,x6=0x1414d4c,x7=0x0,x8=0x9b504536b1897347,x9=0x9b504536b1897347,x10=0x9b504536b1897347,x11=0x3e8,x12=0x3,x13=0x706f6f6c5f657469,x14=0x7c0fa4e280,x15=0x0,x16=0x5f5c8f5a00,x17=0x7c0c1d9700,x18=0x7c0f35c000,x19=0x5f5c8f470c,x20=0x1,x21=0x1,x22=0x7fd3b20218,x23=0x7fd3b20220,x24=0x0,x25=0x0,x26=0x0,x27=0x0,x28=0x0,x29=0x7fd3b20190,lr=0x5f5c8f4734,sp=0x7fd3b20180,pc=0x7c0c1d9700]
[15012|15012] event_addr:0x7c0c1d9700 hit_count:853, Regs:
[x0=0x1,x1=0x5f5c8f3598,x2=0x1,x3=0x7fd3b201e8,x4=0x0,x5=0x1414d4c,x6=0x1414d4c,x7=0x0,x8=0x9b504536b1897347,x9=0x9b504536b1897347,x10=0x9b504536b1897347,x11=0x3e8,x12=0x3,x13=0x706f6f6c5f657469,x14=0x7c0fa4e280,x15=0x0,x16=0x5f5c8f5a00,x17=0x7c0c1d9700,x18=0x7c0f35c000,x19=0x5f5c8f470c,x20=0x1,x21=0x1,x22=0x7fd3b20218,x23=0x7fd3b20220,x24=0x0,x25=0x0,x26=0x0,x27=0x0,x28=0x0,x29=0x7fd3b20190,lr=0x5f5c8f4734,sp=0x7fd3b20180,pc=0x7c0c1d9700]
[15012|15012] event_addr:0x7c0c1d9700 hit_count:854, Regs:
[x0=0x1,x1=0x5f5c8f3598,x2=0x1,x3=0x7fd3b201e8,x4=0x0,x5=0x1414d4c,x6=0x1414d4c,x7=0x0,x8=0x9b504536b1897347,x9=0x9b504536b1897347,x10=0x9b504536b1897347,x11=0x3e8,x12=0x3,x13=0x706f6f6c5f657469,x14=0x7c0fa4e280,x15=0x0,x16=0x5f5c8f5a00,x17=0x7c0c1d9700,x18=0x7c0f35c000,x19=0x5f5c8f470c,x20=0x1,x21=0x1,x22=0x7fd3b20218,x23=0x7fd3b20220,x24=0x0,x25=0x0,x26=0x0,x27=0x0,x28=0x0,x29=0x7fd3b20190,lr=0x5f5c8f4734,sp=0x7fd3b20180,pc=0x7c0c1d9700]
[15012|15012] event_addr:0x7c0c1d9700 hit_count:855, Regs:
[x0=0x1,x1=0x5f5c8f3598,x2=0x1,x3=0x7fd3b201e8,x4=0x0,x5=0x1414d4c,x6=0x1414d4c,x7=0x0,x8=0x9b504536b1897347,x9=0x9b504536b1897347,x10=0x9b504536b1897347,x11=0x3e8,x12=0x3,x13=0x706f6f6c5f657469,x14=0x7c0fa4e280,x15=0x0,x16=0x5f5c8f5a00,x17=0x7c0c1d9700,x18=0x7c0f35c000,x19=0x5f5c8f470c,x20=0x1,x21=0x1,x22=0x7fd3b20218,x23=0x7fd3b20220,x24=0x0,x25=0x0,x26=0x0,x27=0x0,x28=0x0,x29=0x7fd3b20190,lr=0x5f5c8f4734,sp=0x7fd3b20180,pc=0x7c0c1d9700]
[15012|15012] event_addr:0x7c0c1d9700 hit_count:856, Regs:
[x0=0x1,x1=0x5f5c8f3598,x2=0x1,x3=0x7fd3b201e8,x4=0x0,x5=0x1414d4c,x6=0x1414d4c,x7=0x0,x8=0x9b504536b1897347,x9=0x9b504536b1897347,x10=0x9b504536b1897347,x11=0x3e8,x12=0x3,x13=0x706f6f6c5f657469,x14=0x7c0fa4e280,x15=0x0,x16=0x5f5c8f5a00,x17=0x7c0c1d9700,x18=0x7c0f35c000,x19=0x5f5c8f470c,x20=0x1,x21=0x1,x22=0x7fd3b20218,x23=0x7fd3b20220,x24=0x0,x25=0x0,x26=0x0,x27=0x0,x28=0x0,x29=0x7fd3b20190,lr=0x5f5c8f4734,sp=0x7fd3b20180,pc=0x7c0c1d9700]
[15012|15012] event_addr:0x7c0c1d9700 hit_count:857, Regs:
[x0=0x1,x1=0x5f5c8f3598,x2=0x1,x3=0x7fd3b201e8,x4=0x0,x5=0x1414d4c,x6=0x1414d4c,x7=0x0,x8=0x9b504536b1897347,x9=0x9b504536b1897347,x10=0x9b504536b1897347,x11=0x3e8,x12=0x3,x13=0x706f6f6c5f657469,x14=0x7c0fa4e280,x15=0x0,x16=0x5f5c8f5a00,x17=0x7c0c1d9700,x18=0x7c0f35c000,x19=0x5f5c8f470c,x20=0x1,x21=0x1,x22=0x7fd3b20218,x23=0x7fd3b20220,x24=0x0,x25=0x0,x26=0x0,x27=0x0,x28=0x0,x29=0x7fd3b20190,lr=0x5f5c8f4734,sp=0x7fd3b20180,pc=0x7c0c1d9700]
[15012|15012] event_addr:0x7c0c1d9700 hit_count:858, Regs:
[x0=0x1,x1=0x5f5c8f3598,x2=0x1,x3=0x7fd3b201e8,x4=0x0,x5=0x1414d4c,x6=0x1414d4c,x7=0x0,x8=0x9b504536b1897347,x9=0x9b504536b1897347,x10=0x9b504536b1897347,x11=0x3e8,x12=0x3,x13=0x706f6f6c5f657469,x14=0x7c0fa4e280,x15=0x0,x16=0x5f5c8f5a00,x17=0x7c0c1d9700,x18=0x7c0f35c000,x19=0x5f5c8f470c,x20=0x1,x21=0x1,x22=0x7fd3b20218,x23=0x7fd3b20220,x24=0x0,x25=0x0,x26=0x0,x27=0x0,x28=0x0,x29=0x7fd3b20190,lr=0x5f5c8f4734,sp=0x7fd3b20180,pc=0x7c0c1d9700]
[15012|15012] event_addr:0x7c0c1d9700 hit_count:859, Regs:
[x0=0x1,x1=0x5f5c8f3598,x2=0x1,x3=0x7fd3b201e8,x4=0x0,x5=0x1414d4c,x6=0x1414d4c,x7=0x0,x8=0x9b504536b1897347,x9=0x9b504536b1897347,x10=0x9b504536b1897347,x11=0x3e8,x12=0x3,x13=0x706f6f6c5f657469,x14=0x7c0fa4e280,x15=0x0,x16=0x5f5c8f5a00,x17=0x7c0c1d9700,x18=0x7c0f35c000,x19=0x5f5c8f470c,x20=0x1,x21=0x1,x22=0x7fd3b20218,x23=0x7fd3b20220,x24=0x0,x25=0x0,x26=0x0,x27=0x0,x28=0x0,x29=0x7fd3b20190,lr=0x5f5c8f4734,sp=0x7fd3b20180,pc=0x7c0c1d9700]
[15012|15012] event_addr:0x7c0c1d9700 hit_count:860, Regs:
[x0=0x1,x1=0x5f5c8f3598,x2=0x1,x3=0x7fd3b201e8,x4=0x0,x5=0x1414d4c,x6=0x1414d4c,x7=0x0,x8=0x9b504536b1897347,x9=0x9b504536b1897347,x10=0x9b504536b1897347,x11=0x3e8,x12=0x3,x13=0x706f6f6c5f657469,x14=0x7c0fa4e280,x15=0x0,x16=0x5f5c8f5a00,x17=0x7c0c1d9700,x18=0x7c0f35c000,x19=0x5f5c8f470c,x20=0x1,x21=0x1,x22=0x7fd3b20218,x23=0x7fd3b20220,x24=0x0,x25=0x0,x26=0x0,x27=0x0,x28=0x0,x29=0x7fd3b20190,lr=0x5f5c8f4734,sp=0x7fd3b20180,pc=0x7c0c1d9700]
[15012|15012] event_addr:0x7c0c1d9700 hit_count:861, Regs:
[x0=0x1,x1=0x5f5c8f3598,x2=0x1,x3=0x7fd3b201e8,x4=0x0,x5=0x1414d4c,x6=0x1414d4c,x7=0x0,x8=0x9b504536b1897347,x9=0x9b504536b1897347,x10=0x9b504536b1897347,x11=0x3e8,x12=0x3,x13=0x706f6f6c5f657469,x14=0x7c0fa4e280,x15=0x0,x16=0x5f5c8f5a00,x17=0x7c0c1d9700,x18=0x7c0f35c000,x19=0x5f5c8f470c,x20=0x1,x21=0x1,x22=0x7fd3b20218,x23=0x7fd3b20220,x24=0x0,x25=0x0,x26=0x0,x27=0x0,x28=0x0,x29=0x7fd3b20190,lr=0x5f5c8f4734,sp=0x7fd3b20180,pc=0x7c0c1d9700]
[15012|15012] event_addr:0x7c0c1d9700 hit_count:862, Regs:
[x0=0x1,x1=0x5f5c8f3598,x2=0x1,x3=0x7fd3b201e8,x4=0x0,x5=0x1414d4c,x6=0x1414d4c,x7=0x0,x8=0x9b504536b1897347,x9=0x9b504536b1897347,x10=0x9b504536b1897347,x11=0x3e8,x12=0x3,x13=0x706f6f6c5f657469,x14=0x7c0fa4e280,x15=0x0,x16=0x5f5c8f5a00,x17=0x7c0c1d9700,x18=0x7c0f35c000,x19=0x5f5c8f470c,x20=0x1,x21=0x1,x22=0x7fd3b20218,x23=0x7fd3b20220,x24=0x0,x25=0x0,x26=0x0,x27=0x0,x28=0x0,x29=0x7fd3b20190,lr=0x5f5c8f4734,sp=0x7fd3b20180,pc=0x7c0c1d9700]
[15012|15012] event_addr:0x7c0c1d9700 hit_count:863, Regs:
[x0=0x1,x1=0x5f5c8f3598,x2=0x1,x3=0x7fd3b201e8,x4=0x0,x5=0x1414d4c,x6=0x1414d4c,x7=0x0,x8=0x9b504536b1897347,x9=0x9b504536b1897347,x10=0x9b504536b1897347,x11=0x3e8,x12=0x3,x13=0x706f6f6c5f657469,x14=0x7c0fa4e280,x15=0x0,x16=0x5f5c8f5a00,x17=0x7c0c1d9700,x18=0x7c0f35c000,x19=0x5f5c8f470c,x20=0x1,x21=0x1,x22=0x7fd3b20218,x23=0x7fd3b20220,x24=0x0,x25=0x0,x26=0x0,x27=0x0,x28=0x0,x29=0x7fd3b20190,lr=0x5f5c8f4734,sp=0x7fd3b20180,pc=0x7c0c1d9700]
[15012|15012] event_addr:0x7c0c1d9700 hit_count:864, Regs:
[x0=0x1,x1=0x5f5c8f3598,x2=0x1,x3=0x7fd3b201e8,x4=0x0,x5=0x1414d4c,x6=0x1414d4c,x7=0x0,x8=0x9b504536b1897347,x9=0x9b504536b1897347,x10=0x9b504536b1897347,x11=0x3e8,x12=0x3,x13=0x706f6f6c5f657469,x14=0x7c0fa4e280,x15=0x0,x16=0x5f5c8f5a00,x17=0x7c0c1d9700,x18=0x7c0f35c000,x19=0x5f5c8f470c,x20=0x1,x21=0x1,x22=0x7fd3b20218,x23=0x7fd3b20220,x24=0x0,x25=0x0,x26=0x0,x27=0x0,x28=0x0,x29=0x7fd3b20190,lr=0x5f5c8f4734,sp=0x7fd3b20180,pc=0x7c0c1d9700]
[15012|15012] event_addr:0x7c0c1d9700 hit_count:865, Regs:
[x0=0x1,x1=0x5f5c8f3598,x2=0x1,x3=0x7fd3b201e8,x4=0x0,x5=0x1414d4c,x6=0x1414d4c,x7=0x0,x8=0x9b504536b1897347,x9=0x9b504536b1897347,x10=0x9b504536b1897347,x11=0x3e8,x12=0x3,x13=0x706f6f6c5f657469,x14=0x7c0fa4e280,x15=0x0,x16=0x5f5c8f5a00,x17=0x7c0c1d9700,x18=0x7c0f35c000,x19=0x5f5c8f470c,x20=0x1,x21=0x1,x22=0x7fd3b20218,x23=0x7fd3b20220,x24=0x0,x25=0x0,x26=0x0,x27=0x0,x28=0x0,x29=0x7fd3b20190,lr=0x5f5c8f4734,sp=0x7fd3b20180,pc=0x7c0c1d9700]
[15012|15012] event_addr:0x7c0c1d9700 hit_count:866, Regs:
[x0=0x1,x1=0x5f5c8f3598,x2=0x1,x3=0x7fd3b201e8,x4=0x0,x5=0x1414d4c,x6=0x1414d4c,x7=0x0,x8=0x9b504536b1897347,x9=0x9b504536b1897347,x10=0x9b504536b1897347,x11=0x3e8,x12=0x3,x13=0x706f6f6c5f657469,x14=0x7c0fa4e280,x15=0x0,x16=0x5f5c8f5a00,x17=0x7c0c1d9700,x18=0x7c0f35c000,x19=0x5f5c8f470c,x20=0x1,x21=0x1,x22=0x7fd3b20218,x23=0x7fd3b20220,x24=0x0,x25=0x0,x26=0x0,x27=0x0,x28=0x0,x29=0x7fd3b20190,lr=0x5f5c8f4734,sp=0x7fd3b20180,pc=0x7c0c1d9700]
[15012|15012] event_addr:0x7c0c1d9700 hit_count:867, Regs:
[x0=0x1,x1=0x5f5c8f3598,x2=0x1,x3=0x7fd3b201e8,x4=0x0,x5=0x1414d4c,x6=0x1414d4c,x7=0x0,x8=0x9b504536b1897347,x9=0x9b504536b1897347,x10=0x9b504536b1897347,x11=0x3e8,x12=0x3,x13=0x706f6f6c5f657469,x14=0x7c0fa4e280,x15=0x0,x16=0x5f5c8f5a00,x17=0x7c0c1d9700,x18=0x7c0f35c000,x19=0x5f5c8f470c,x20=0x1,x21=0x1,x22=0x7fd3b20218,x23=0x7fd3b20220,x24=0x0,x25=0x0,x26=0x0,x27=0x0,x28=0x0,x29=0x7fd3b20190,lr=0x5f5c8f4734,sp=0x7fd3b20180,pc=0x7c0c1d9700]
[15012|15012] event_addr:0x7c0c1d9700 hit_count:868, Regs:
[x0=0x1,x1=0x5f5c8f3598,x2=0x1,x3=0x7fd3b201e8,x4=0x0,x5=0x1414d4c,x6=0x1414d4c,x7=0x0,x8=0x9b504536b1897347,x9=0x9b504536b1897347,x10=0x9b504536b1897347,x11=0x3e8,x12=0x3,x13=0x706f6f6c5f657469,x14=0x7c0fa4e280,x15=0x0,x16=0x5f5c8f5a00,x17=0x7c0c1d9700,x18=0x7c0f35c000,x19=0x5f5c8f470c,x20=0x1,x21=0x1,x22=0x7fd3b20218,x23=0x7fd3b20220,x24=0x0,x25=0x0,x26=0x0,x27=0x0,x28=0x0,x29=0x7fd3b20190,lr=0x5f5c8f4734,sp=0x7fd3b20180,pc=0x7c0c1d9700]
[15012|15012] event_addr:0x7c0c1d9700 hit_count:869, Regs:
[x0=0x1,x1=0x5f5c8f3598,x2=0x1,x3=0x7fd3b201e8,x4=0x0,x5=0x1414d4c,x6=0x1414d4c,x7=0x0,x8=0x9b504536b1897347,x9=0x9b504536b1897347,x10=0x9b504536b1897347,x11=0x3e8,x12=0x3,x13=0x706f6f6c5f657469,x14=0x7c0fa4e280,x15=0x0,x16=0x5f5c8f5a00,x17=0x7c0c1d9700,x18=0x7c0f35c000,x19=0x5f5c8f470c,x20=0x1,x21=0x1,x22=0x7fd3b20218,x23=0x7fd3b20220,x24=0x0,x25=0x0,x26=0x0,x27=0x0,x28=0x0,x29=0x7fd3b20190,lr=0x5f5c8f4734,sp=0x7fd3b20180,pc=0x7c0c1d9700]
[15012|15012] event_addr:0x7c0c1d9700 hit_count:870, Regs:
[x0=0x1,x1=0x5f5c8f3598,x2=0x1,x3=0x7fd3b201e8,x4=0x0,x5=0x1414d4c,x6=0x1414d4c,x7=0x0,x8=0x9b504536b1897347,x9=0x9b504536b1897347,x10=0x9b504536b1897347,x11=0x3e8,x12=0x3,x13=0x706f6f6c5f657469,x14=0x7c0fa4e280,x15=0x0,x16=0x5f5c8f5a00,x17=0x7c0c1d9700,x18=0x7c0f35c000,x19=0x5f5c8f470c,x20=0x1,x21=0x1,x22=0x7fd3b20218,x23=0x7fd3b20220,x24=0x0,x25=0x0,x26=0x0,x27=0x0,x28=0x0,x29=0x7fd3b20190,lr=0x5f5c8f4734,sp=0x7fd3b20180,pc=0x7c0c1d9700]
[15012|15012] event_addr:0x7c0c1d9700 hit_count:871, Regs:
[x0=0x1,x1=0x5f5c8f3598,x2=0x1,x3=0x7fd3b201e8,x4=0x0,x5=0x1414d4c,x6=0x1414d4c,x7=0x0,x8=0x9b504536b1897347,x9=0x9b504536b1897347,x10=0x9b504536b1897347,x11=0x3e8,x12=0x3,x13=0x706f6f6c5f657469,x14=0x7c0fa4e280,x15=0x0,x16=0x5f5c8f5a00,x17=0x7c0c1d9700,x18=0x7c0f35c000,x19=0x5f5c8f470c,x20=0x1,x21=0x1,x22=0x7fd3b20218,x23=0x7fd3b20220,x24=0x0,x25=0x0,x26=0x0,x27=0x0,x28=0x0,x29=0x7fd3b20190,lr=0x5f5c8f4734,sp=0x7fd3b20180,pc=0x7c0c1d9700]
[15012|15012] event_addr:0x7c0c1d9700 hit_count:872, Regs:
[x0=0x1,x1=0x5f5c8f3598,x2=0x1,x3=0x7fd3b201e8,x4=0x0,x5=0x1414d4c,x6=0x1414d4c,x7=0x0,x8=0x9b504536b1897347,x9=0x9b504536b1897347,x10=0x9b504536b1897347,x11=0x3e8,x12=0x3,x13=0x706f6f6c5f657469,x14=0x7c0fa4e280,x15=0x0,x16=0x5f5c8f5a00,x17=0x7c0c1d9700,x18=0x7c0f35c000,x19=0x5f5c8f470c,x20=0x1,x21=0x1,x22=0x7fd3b20218,x23=0x7fd3b20220,x24=0x0,x25=0x0,x26=0x0,x27=0x0,x28=0x0,x29=0x7fd3b20190,lr=0x5f5c8f4734,sp=0x7fd3b20180,pc=0x7c0c1d9700]
[15012|15012] event_addr:0x7c0c1d9700 hit_count:873, Regs:
[x0=0x1,x1=0x5f5c8f3598,x2=0x1,x3=0x7fd3b201e8,x4=0x0,x5=0x1414d4c,x6=0x1414d4c,x7=0x0,x8=0x9b504536b1897347,x9=0x9b504536b1897347,x10=0x9b504536b1897347,x11=0x3e8,x12=0x3,x13=0x706f6f6c5f657469,x14=0x7c0fa4e280,x15=0x0,x16=0x5f5c8f5a00,x17=0x7c0c1d9700,x18=0x7c0f35c000,x19=0x5f5c8f470c,x20=0x1,x21=0x1,x22=0x7fd3b20218,x23=0x7fd3b20220,x24=0x0,x25=0x0,x26=0x0,x27=0x0,x28=0x0,x29=0x7fd3b20190,lr=0x5f5c8f4734,sp=0x7fd3b20180,pc=0x7c0c1d9700]
[15012|15012] event_addr:0x7c0c1d9700 hit_count:874, Regs:
[x0=0x1,x1=0x5f5c8f3598,x2=0x1,x3=0x7fd3b201e8,x4=0x0,x5=0x1414d4c,x6=0x1414d4c,x7=0x0,x8=0x9b504536b1897347,x9=0x9b504536b1897347,x10=0x9b504536b1897347,x11=0x3e8,x12=0x3,x13=0x706f6f6c5f657469,x14=0x7c0fa4e280,x15=0x0,x16=0x5f5c8f5a00,x17=0x7c0c1d9700,x18=0x7c0f35c000,x19=0x5f5c8f470c,x20=0x1,x21=0x1,x22=0x7fd3b20218,x23=0x7fd3b20220,x24=0x0,x25=0x0,x26=0x0,x27=0x0,x28=0x0,x29=0x7fd3b20190,lr=0x5f5c8f4734,sp=0x7fd3b20180,pc=0x7c0c1d9700]
[15012|15012] event_addr:0x7c0c1d9700 hit_count:875, Regs:
[x0=0x1,x1=0x5f5c8f3598,x2=0x1,x3=0x7fd3b201e8,x4=0x0,x5=0x1414d4c,x6=0x1414d4c,x7=0x0,x8=0x9b504536b1897347,x9=0x9b504536b1897347,x10=0x9b504536b1897347,x11=0x3e8,x12=0x3,x13=0x706f6f6c5f657469,x14=0x7c0fa4e280,x15=0x0,x16=0x5f5c8f5a00,x17=0x7c0c1d9700,x18=0x7c0f35c000,x19=0x5f5c8f470c,x20=0x1,x21=0x1,x22=0x7fd3b20218,x23=0x7fd3b20220,x24=0x0,x25=0x0,x26=0x0,x27=0x0,x28=0x0,x29=0x7fd3b20190,lr=0x5f5c8f4734,sp=0x7fd3b20180,pc=0x7c0c1d9700]
[15012|15012] event_addr:0x7c0c1d9700 hit_count:876, Regs:
[x0=0x1,x1=0x5f5c8f3598,x2=0x1,x3=0x7fd3b201e8,x4=0x0,x5=0x1414d4c,x6=0x1414d4c,x7=0x0,x8=0x9b504536b1897347,x9=0x9b504536b1897347,x10=0x9b504536b1897347,x11=0x3e8,x12=0x3,x13=0x706f6f6c5f657469,x14=0x7c0fa4e280,x15=0x0,x16=0x5f5c8f5a00,x17=0x7c0c1d9700,x18=0x7c0f35c000,x19=0x5f5c8f470c,x20=0x1,x21=0x1,x22=0x7fd3b20218,x23=0x7fd3b20220,x24=0x0,x25=0x0,x26=0x0,x27=0x0,x28=0x0,x29=0x7fd3b20190,lr=0x5f5c8f4734,sp=0x7fd3b20180,pc=0x7c0c1d9700]
[15012|15012] event_addr:0x7c0c1d9700 hit_count:877, Regs:
[x0=0x1,x1=0x5f5c8f3598,x2=0x1,x3=0x7fd3b201e8,x4=0x0,x5=0x1414d4c,x6=0x1414d4c,x7=0x0,x8=0x9b504536b1897347,x9=0x9b504536b1897347,x10=0x9b504536b1897347,x11=0x3e8,x12=0x3,x13=0x706f6f6c5f657469,x14=0x7c0fa4e280,x15=0x0,x16=0x5f5c8f5a00,x17=0x7c0c1d9700,x18=0x7c0f35c000,x19=0x5f5c8f470c,x20=0x1,x21=0x1,x22=0x7fd3b20218,x23=0x7fd3b20220,x24=0x0,x25=0x0,x26=0x0,x27=0x0,x28=0x0,x29=0x7fd3b20190,lr=0x5f5c8f4734,sp=0x7fd3b20180,pc=0x7c0c1d9700]
[15012|15012] event_addr:0x7c0c1d9700 hit_count:878, Regs:
[x0=0x1,x1=0x5f5c8f3598,x2=0x1,x3=0x7fd3b201e8,x4=0x0,x5=0x1414d4c,x6=0x1414d4c,x7=0x0,x8=0x9b504536b1897347,x9=0x9b504536b1897347,x10=0x9b504536b1897347,x11=0x3e8,x12=0x3,x13=0x706f6f6c5f657469,x14=0x7c0fa4e280,x15=0x0,x16=0x5f5c8f5a00,x17=0x7c0c1d9700,x18=0x7c0f35c000,x19=0x5f5c8f470c,x20=0x1,x21=0x1,x22=0x7fd3b20218,x23=0x7fd3b20220,x24=0x0,x25=0x0,x26=0x0,x27=0x0,x28=0x0,x29=0x7fd3b20190,lr=0x5f5c8f4734,sp=0x7fd3b20180,pc=0x7c0c1d9700]
[15012|15012] event_addr:0x7c0c1d9700 hit_count:879, Regs:
[x0=0x1,x1=0x5f5c8f3598,x2=0x1,x3=0x7fd3b201e8,x4=0x0,x5=0x1414d4c,x6=0x1414d4c,x7=0x0,x8=0x9b504536b1897347,x9=0x9b504536b1897347,x10=0x9b504536b1897347,x11=0x3e8,x12=0x3,x13=0x706f6f6c5f657469,x14=0x7c0fa4e280,x15=0x0,x16=0x5f5c8f5a00,x17=0x7c0c1d9700,x18=0x7c0f35c000,x19=0x5f5c8f470c,x20=0x1,x21=0x1,x22=0x7fd3b20218,x23=0x7fd3b20220,x24=0x0,x25=0x0,x26=0x0,x27=0x0,x28=0x0,x29=0x7fd3b20190,lr=0x5f5c8f4734,sp=0x7fd3b20180,pc=0x7c0c1d9700]
[15012|15012] event_addr:0x7c0c1d9700 hit_count:880, Regs:
[x0=0x1,x1=0x5f5c8f3598,x2=0x1,x3=0x7fd3b201e8,x4=0x0,x5=0x1414d4c,x6=0x1414d4c,x7=0x0,x8=0x9b504536b1897347,x9=0x9b504536b1897347,x10=0x9b504536b1897347,x11=0x3e8,x12=0x3,x13=0x706f6f6c5f657469,x14=0x7c0fa4e280,x15=0x0,x16=0x5f5c8f5a00,x17=0x7c0c1d9700,x18=0x7c0f35c000,x19=0x5f5c8f470c,x20=0x1,x21=0x1,x22=0x7fd3b20218,x23=0x7fd3b20220,x24=0x0,x25=0x0,x26=0x0,x27=0x0,x28=0x0,x29=0x7fd3b20190,lr=0x5f5c8f4734,sp=0x7fd3b20180,pc=0x7c0c1d9700]
[15012|15012] event_addr:0x7c0c1d9700 hit_count:881, Regs:
[x0=0x1,x1=0x5f5c8f3598,x2=0x1,x3=0x7fd3b201e8,x4=0x0,x5=0x1414d4c,x6=0x1414d4c,x7=0x0,x8=0x9b504536b1897347,x9=0x9b504536b1897347,x10=0x9b504536b1897347,x11=0x3e8,x12=0x3,x13=0x706f6f6c5f657469,x14=0x7c0fa4e280,x15=0x0,x16=0x5f5c8f5a00,x17=0x7c0c1d9700,x18=0x7c0f35c000,x19=0x5f5c8f470c,x20=0x1,x21=0x1,x22=0x7fd3b20218,x23=0x7fd3b20220,x24=0x0,x25=0x0,x26=0x0,x27=0x0,x28=0x0,x29=0x7fd3b20190,lr=0x5f5c8f4734,sp=0x7fd3b20180,pc=0x7c0c1d9700]
[15012|15012] event_addr:0x7c0c1d9700 hit_count:882, Regs:
[x0=0x1,x1=0x5f5c8f3598,x2=0x1,x3=0x7fd3b201e8,x4=0x0,x5=0x1414d4c,x6=0x1414d4c,x7=0x0,x8=0x9b504536b1897347,x9=0x9b504536b1897347,x10=0x9b504536b1897347,x11=0x3e8,x12=0x3,x13=0x706f6f6c5f657469,x14=0x7c0fa4e280,x15=0x0,x16=0x5f5c8f5a00,x17=0x7c0c1d9700,x18=0x7c0f35c000,x19=0x5f5c8f470c,x20=0x1,x21=0x1,x22=0x7fd3b20218,x23=0x7fd3b20220,x24=0x0,x25=0x0,x26=0x0,x27=0x0,x28=0x0,x29=0x7fd3b20190,lr=0x5f5c8f4734,sp=0x7fd3b20180,pc=0x7c0c1d9700]
[15012|15012] event_addr:0x7c0c1d9700 hit_count:883, Regs:
[x0=0x1,x1=0x5f5c8f3598,x2=0x1,x3=0x7fd3b201e8,x4=0x0,x5=0x1414d4c,x6=0x1414d4c,x7=0x0,x8=0x9b504536b1897347,x9=0x9b504536b1897347,x10=0x9b504536b1897347,x11=0x3e8,x12=0x3,x13=0x706f6f6c5f657469,x14=0x7c0fa4e280,x15=0x0,x16=0x5f5c8f5a00,x17=0x7c0c1d9700,x18=0x7c0f35c000,x19=0x5f5c8f470c,x20=0x1,x21=0x1,x22=0x7fd3b20218,x23=0x7fd3b20220,x24=0x0,x25=0x0,x26=0x0,x27=0x0,x28=0x0,x29=0x7fd3b20190,lr=0x5f5c8f4734,sp=0x7fd3b20180,pc=0x7c0c1d9700]
[15012|15012] event_addr:0x7c0c1d9700 hit_count:884, Regs:
[x0=0x1,x1=0x5f5c8f3598,x2=0x1,x3=0x7fd3b201e8,x4=0x0,x5=0x1414d4c,x6=0x1414d4c,x7=0x0,x8=0x9b504536b1897347,x9=0x9b504536b1897347,x10=0x9b504536b1897347,x11=0x3e8,x12=0x3,x13=0x706f6f6c5f657469,x14=0x7c0fa4e280,x15=0x0,x16=0x5f5c8f5a00,x17=0x7c0c1d9700,x18=0x7c0f35c000,x19=0x5f5c8f470c,x20=0x1,x21=0x1,x22=0x7fd3b20218,x23=0x7fd3b20220,x24=0x0,x25=0x0,x26=0x0,x27=0x0,x28=0x0,x29=0x7fd3b20190,lr=0x5f5c8f4734,sp=0x7fd3b20180,pc=0x7c0c1d9700]
[15012|15012] event_addr:0x7c0c1d9700 hit_count:885, Regs:
[x0=0x1,x1=0x5f5c8f3598,x2=0x1,x3=0x7fd3b201e8,x4=0x0,x5=0x1414d4c,x6=0x1414d4c,x7=0x0,x8=0x9b504536b1897347,x9=0x9b504536b1897347,x10=0x9b504536b1897347,x11=0x3e8,x12=0x3,x13=0x706f6f6c5f657469,x14=0x7c0fa4e280,x15=0x0,x16=0x5f5c8f5a00,x17=0x7c0c1d9700,x18=0x7c0f35c000,x19=0x5f5c8f470c,x20=0x1,x21=0x1,x22=0x7fd3b20218,x23=0x7fd3b20220,x24=0x0,x25=0x0,x26=0x0,x27=0x0,x28=0x0,x29=0x7fd3b20190,lr=0x5f5c8f4734,sp=0x7fd3b20180,pc=0x7c0c1d9700]
[15012|15012] event_addr:0x7c0c1d9700 hit_count:886, Regs:
[x0=0x1,x1=0x5f5c8f3598,x2=0x1,x3=0x7fd3b201e8,x4=0x0,x5=0x1414d4c,x6=0x1414d4c,x7=0x0,x8=0x9b504536b1897347,x9=0x9b504536b1897347,x10=0x9b504536b1897347,x11=0x3e8,x12=0x3,x13=0x706f6f6c5f657469,x14=0x7c0fa4e280,x15=0x0,x16=0x5f5c8f5a00,x17=0x7c0c1d9700,x18=0x7c0f35c000,x19=0x5f5c8f470c,x20=0x1,x21=0x1,x22=0x7fd3b20218,x23=0x7fd3b20220,x24=0x0,x25=0x0,x26=0x0,x27=0x0,x28=0x0,x29=0x7fd3b20190,lr=0x5f5c8f4734,sp=0x7fd3b20180,pc=0x7c0c1d9700]
[15012|15012] event_addr:0x7c0c1d9700 hit_count:887, Regs:
[x0=0x1,x1=0x5f5c8f3598,x2=0x1,x3=0x7fd3b201e8,x4=0x0,x5=0x1414d4c,x6=0x1414d4c,x7=0x0,x8=0x9b504536b1897347,x9=0x9b504536b1897347,x10=0x9b504536b1897347,x11=0x3e8,x12=0x3,x13=0x706f6f6c5f657469,x14=0x7c0fa4e280,x15=0x0,x16=0x5f5c8f5a00,x17=0x7c0c1d9700,x18=0x7c0f35c000,x19=0x5f5c8f470c,x20=0x1,x21=0x1,x22=0x7fd3b20218,x23=0x7fd3b20220,x24=0x0,x25=0x0,x26=0x0,x27=0x0,x28=0x0,x29=0x7fd3b20190,lr=0x5f5c8f4734,sp=0x7fd3b20180,pc=0x7c0c1d9700]
[15012|15012] event_addr:0x7c0c1d9700 hit_count:888, Regs:
[x0=0x1,x1=0x5f5c8f3598,x2=0x1,x3=0x7fd3b201e8,x4=0x0,x5=0x1414d4c,x6=0x1414d4c,x7=0x0,x8=0x9b504536b1897347,x9=0x9b504536b1897347,x10=0x9b504536b1897347,x11=0x3e8,x12=0x3,x13=0x706f6f6c5f657469,x14=0x7c0fa4e280,x15=0x0,x16=0x5f5c8f5a00,x17=0x7c0c1d9700,x18=0x7c0f35c000,x19=0x5f5c8f470c,x20=0x1,x21=0x1,x22=0x7fd3b20218,x23=0x7fd3b20220,x24=0x0,x25=0x0,x26=0x0,x27=0x0,x28=0x0,x29=0x7fd3b20190,lr=0x5f5c8f4734,sp=0x7fd3b20180,pc=0x7c0c1d9700]
[15012|15012] event_addr:0x7c0c1d9700 hit_count:889, Regs:
[x0=0x1,x1=0x5f5c8f3598,x2=0x1,x3=0x7fd3b201e8,x4=0x0,x5=0x1414d4c,x6=0x1414d4c,x7=0x0,x8=0x9b504536b1897347,x9=0x9b504536b1897347,x10=0x9b504536b1897347,x11=0x3e8,x12=0x3,x13=0x706f6f6c5f657469,x14=0x7c0fa4e280,x15=0x0,x16=0x5f5c8f5a00,x17=0x7c0c1d9700,x18=0x7c0f35c000,x19=0x5f5c8f470c,x20=0x1,x21=0x1,x22=0x7fd3b20218,x23=0x7fd3b20220,x24=0x0,x25=0x0,x26=0x0,x27=0x0,x28=0x0,x29=0x7fd3b20190,lr=0x5f5c8f4734,sp=0x7fd3b20180,pc=0x7c0c1d9700]
[15012|15012] event_addr:0x7c0c1d9700 hit_count:890, Regs:
[x0=0x1,x1=0x5f5c8f3598,x2=0x1,x3=0x7fd3b201e8,x4=0x0,x5=0x1414d4c,x6=0x1414d4c,x7=0x0,x8=0x9b504536b1897347,x9=0x9b504536b1897347,x10=0x9b504536b1897347,x11=0x3e8,x12=0x3,x13=0x706f6f6c5f657469,x14=0x7c0fa4e280,x15=0x0,x16=0x5f5c8f5a00,x17=0x7c0c1d9700,x18=0x7c0f35c000,x19=0x5f5c8f470c,x20=0x1,x21=0x1,x22=0x7fd3b20218,x23=0x7fd3b20220,x24=0x0,x25=0x0,x26=0x0,x27=0x0,x28=0x0,x29=0x7fd3b20190,lr=0x5f5c8f4734,sp=0x7fd3b20180,pc=0x7c0c1d9700]
[15012|15012] event_addr:0x7c0c1d9700 hit_count:891, Regs:
[x0=0x1,x1=0x5f5c8f3598,x2=0x1,x3=0x7fd3b201e8,x4=0x0,x5=0x1414d4c,x6=0x1414d4c,x7=0x0,x8=0x9b504536b1897347,x9=0x9b504536b1897347,x10=0x9b504536b1897347,x11=0x3e8,x12=0x3,x13=0x706f6f6c5f657469,x14=0x7c0fa4e280,x15=0x0,x16=0x5f5c8f5a00,x17=0x7c0c1d9700,x18=0x7c0f35c000,x19=0x5f5c8f470c,x20=0x1,x21=0x1,x22=0x7fd3b20218,x23=0x7fd3b20220,x24=0x0,x25=0x0,x26=0x0,x27=0x0,x28=0x0,x29=0x7fd3b20190,lr=0x5f5c8f4734,sp=0x7fd3b20180,pc=0x7c0c1d9700]
[15012|15012] event_addr:0x7c0c1d9700 hit_count:892, Regs:
[x0=0x1,x1=0x5f5c8f3598,x2=0x1,x3=0x7fd3b201e8,x4=0x0,x5=0x1414d4c,x6=0x1414d4c,x7=0x0,x8=0x9b504536b1897347,x9=0x9b504536b1897347,x10=0x9b504536b1897347,x11=0x3e8,x12=0x3,x13=0x706f6f6c5f657469,x14=0x7c0fa4e280,x15=0x0,x16=0x5f5c8f5a00,x17=0x7c0c1d9700,x18=0x7c0f35c000,x19=0x5f5c8f470c,x20=0x1,x21=0x1,x22=0x7fd3b20218,x23=0x7fd3b20220,x24=0x0,x25=0x0,x26=0x0,x27=0x0,x28=0x0,x29=0x7fd3b20190,lr=0x5f5c8f4734,sp=0x7fd3b20180,pc=0x7c0c1d9700]
[15012|15012] event_addr:0x7c0c1d9700 hit_count:893, Regs:
[x0=0x1,x1=0x5f5c8f3598,x2=0x1,x3=0x7fd3b201e8,x4=0x0,x5=0x1414d4c,x6=0x1414d4c,x7=0x0,x8=0x9b504536b1897347,x9=0x9b504536b1897347,x10=0x9b504536b1897347,x11=0x3e8,x12=0x3,x13=0x706f6f6c5f657469,x14=0x7c0fa4e280,x15=0x0,x16=0x5f5c8f5a00,x17=0x7c0c1d9700,x18=0x7c0f35c000,x19=0x5f5c8f470c,x20=0x1,x21=0x1,x22=0x7fd3b20218,x23=0x7fd3b20220,x24=0x0,x25=0x0,x26=0x0,x27=0x0,x28=0x0,x29=0x7fd3b20190,lr=0x5f5c8f4734,sp=0x7fd3b20180,pc=0x7c0c1d9700]
[15012|15012] event_addr:0x7c0c1d9700 hit_count:894, Regs:
[x0=0x1,x1=0x5f5c8f3598,x2=0x1,x3=0x7fd3b201e8,x4=0x0,x5=0x1414d4c,x6=0x1414d4c,x7=0x0,x8=0x9b504536b1897347,x9=0x9b504536b1897347,x10=0x9b504536b1897347,x11=0x3e8,x12=0x3,x13=0x706f6f6c5f657469,x14=0x7c0fa4e280,x15=0x0,x16=0x5f5c8f5a00,x17=0x7c0c1d9700,x18=0x7c0f35c000,x19=0x5f5c8f470c,x20=0x1,x21=0x1,x22=0x7fd3b20218,x23=0x7fd3b20220,x24=0x0,x25=0x0,x26=0x0,x27=0x0,x28=0x0,x29=0x7fd3b20190,lr=0x5f5c8f4734,sp=0x7fd3b20180,pc=0x7c0c1d9700]
[15012|15012] event_addr:0x7c0c1d9700 hit_count:895, Regs:
[x0=0x1,x1=0x5f5c8f3598,x2=0x1,x3=0x7fd3b201e8,x4=0x0,x5=0x1414d4c,x6=0x1414d4c,x7=0x0,x8=0x9b504536b1897347,x9=0x9b504536b1897347,x10=0x9b504536b1897347,x11=0x3e8,x12=0x3,x13=0x706f6f6c5f657469,x14=0x7c0fa4e280,x15=0x0,x16=0x5f5c8f5a00,x17=0x7c0c1d9700,x18=0x7c0f35c000,x19=0x5f5c8f470c,x20=0x1,x21=0x1,x22=0x7fd3b20218,x23=0x7fd3b20220,x24=0x0,x25=0x0,x26=0x0,x27=0x0,x28=0x0,x29=0x7fd3b20190,lr=0x5f5c8f4734,sp=0x7fd3b20180,pc=0x7c0c1d9700]
[15012|15012] event_addr:0x7c0c1d9700 hit_count:896, Regs:
[x0=0x1,x1=0x5f5c8f3598,x2=0x1,x3=0x7fd3b201e8,x4=0x0,x5=0x1414d4c,x6=0x1414d4c,x7=0x0,x8=0x9b504536b1897347,x9=0x9b504536b1897347,x10=0x9b504536b1897347,x11=0x3e8,x12=0x3,x13=0x706f6f6c5f657469,x14=0x7c0fa4e280,x15=0x0,x16=0x5f5c8f5a00,x17=0x7c0c1d9700,x18=0x7c0f35c000,x19=0x5f5c8f470c,x20=0x1,x21=0x1,x22=0x7fd3b20218,x23=0x7fd3b20220,x24=0x0,x25=0x0,x26=0x0,x27=0x0,x28=0x0,x29=0x7fd3b20190,lr=0x5f5c8f4734,sp=0x7fd3b20180,pc=0x7c0c1d9700]
[15012|15012] event_addr:0x7c0c1d9700 hit_count:897, Regs:
[x0=0x1,x1=0x5f5c8f3598,x2=0x1,x3=0x7fd3b201e8,x4=0x0,x5=0x1414d4c,x6=0x1414d4c,x7=0x0,x8=0x9b504536b1897347,x9=0x9b504536b1897347,x10=0x9b504536b1897347,x11=0x3e8,x12=0x3,x13=0x706f6f6c5f657469,x14=0x7c0fa4e280,x15=0x0,x16=0x5f5c8f5a00,x17=0x7c0c1d9700,x18=0x7c0f35c000,x19=0x5f5c8f470c,x20=0x1,x21=0x1,x22=0x7fd3b20218,x23=0x7fd3b20220,x24=0x0,x25=0x0,x26=0x0,x27=0x0,x28=0x0,x29=0x7fd3b20190,lr=0x5f5c8f4734,sp=0x7fd3b20180,pc=0x7c0c1d9700]
[15012|15012] event_addr:0x7c0c1d9700 hit_count:898, Regs:
[x0=0x1,x1=0x5f5c8f3598,x2=0x1,x3=0x7fd3b201e8,x4=0x0,x5=0x1414d4c,x6=0x1414d4c,x7=0x0,x8=0x9b504536b1897347,x9=0x9b504536b1897347,x10=0x9b504536b1897347,x11=0x3e8,x12=0x3,x13=0x706f6f6c5f657469,x14=0x7c0fa4e280,x15=0x0,x16=0x5f5c8f5a00,x17=0x7c0c1d9700,x18=0x7c0f35c000,x19=0x5f5c8f470c,x20=0x1,x21=0x1,x22=0x7fd3b20218,x23=0x7fd3b20220,x24=0x0,x25=0x0,x26=0x0,x27=0x0,x28=0x0,x29=0x7fd3b20190,lr=0x5f5c8f4734,sp=0x7fd3b20180,pc=0x7c0c1d9700]
[15012|15012] event_addr:0x7c0c1d9700 hit_count:899, Regs:
[x0=0x1,x1=0x5f5c8f3598,x2=0x1,x3=0x7fd3b201e8,x4=0x0,x5=0x1414d4c,x6=0x1414d4c,x7=0x0,x8=0x9b504536b1897347,x9=0x9b504536b1897347,x10=0x9b504536b1897347,x11=0x3e8,x12=0x3,x13=0x706f6f6c5f657469,x14=0x7c0fa4e280,x15=0x0,x16=0x5f5c8f5a00,x17=0x7c0c1d9700,x18=0x7c0f35c000,x19=0x5f5c8f470c,x20=0x1,x21=0x1,x22=0x7fd3b20218,x23=0x7fd3b20220,x24=0x0,x25=0x0,x26=0x0,x27=0x0,x28=0x0,x29=0x7fd3b20190,lr=0x5f5c8f4734,sp=0x7fd3b20180,pc=0x7c0c1d9700]
[15012|15012] event_addr:0x7c0c1d9700 hit_count:900, Regs:
[x0=0x1,x1=0x5f5c8f3598,x2=0x1,x3=0x7fd3b201e8,x4=0x0,x5=0x1414d4c,x6=0x1414d4c,x7=0x0,x8=0x9b504536b1897347,x9=0x9b504536b1897347,x10=0x9b504536b1897347,x11=0x3e8,x12=0x3,x13=0x706f6f6c5f657469,x14=0x7c0fa4e280,x15=0x0,x16=0x5f5c8f5a00,x17=0x7c0c1d9700,x18=0x7c0f35c000,x19=0x5f5c8f470c,x20=0x1,x21=0x1,x22=0x7fd3b20218,x23=0x7fd3b20220,x24=0x0,x25=0x0,x26=0x0,x27=0x0,x28=0x0,x29=0x7fd3b20190,lr=0x5f5c8f4734,sp=0x7fd3b20180,pc=0x7c0c1d9700]
[15012|15012] event_addr:0x7c0c1d9700 hit_count:901, Regs:
[x0=0x1,x1=0x5f5c8f3598,x2=0x1,x3=0x7fd3b201e8,x4=0x0,x5=0x1414d4c,x6=0x1414d4c,x7=0x0,x8=0x9b504536b1897347,x9=0x9b504536b1897347,x10=0x9b504536b1897347,x11=0x3e8,x12=0x3,x13=0x706f6f6c5f657469,x14=0x7c0fa4e280,x15=0x0,x16=0x5f5c8f5a00,x17=0x7c0c1d9700,x18=0x7c0f35c000,x19=0x5f5c8f470c,x20=0x1,x21=0x1,x22=0x7fd3b20218,x23=0x7fd3b20220,x24=0x0,x25=0x0,x26=0x0,x27=0x0,x28=0x0,x29=0x7fd3b20190,lr=0x5f5c8f4734,sp=0x7fd3b20180,pc=0x7c0c1d9700]
[15012|15012] event_addr:0x7c0c1d9700 hit_count:902, Regs:
[x0=0x1,x1=0x5f5c8f3598,x2=0x1,x3=0x7fd3b201e8,x4=0x0,x5=0x1414d4c,x6=0x1414d4c,x7=0x0,x8=0x9b504536b1897347,x9=0x9b504536b1897347,x10=0x9b504536b1897347,x11=0x3e8,x12=0x3,x13=0x706f6f6c5f657469,x14=0x7c0fa4e280,x15=0x0,x16=0x5f5c8f5a00,x17=0x7c0c1d9700,x18=0x7c0f35c000,x19=0x5f5c8f470c,x20=0x1,x21=0x1,x22=0x7fd3b20218,x23=0x7fd3b20220,x24=0x0,x25=0x0,x26=0x0,x27=0x0,x28=0x0,x29=0x7fd3b20190,lr=0x5f5c8f4734,sp=0x7fd3b20180,pc=0x7c0c1d9700]
[15012|15012] event_addr:0x7c0c1d9700 hit_count:903, Regs:
[x0=0x1,x1=0x5f5c8f3598,x2=0x1,x3=0x7fd3b201e8,x4=0x0,x5=0x1414d4c,x6=0x1414d4c,x7=0x0,x8=0x9b504536b1897347,x9=0x9b504536b1897347,x10=0x9b504536b1897347,x11=0x3e8,x12=0x3,x13=0x706f6f6c5f657469,x14=0x7c0fa4e280,x15=0x0,x16=0x5f5c8f5a00,x17=0x7c0c1d9700,x18=0x7c0f35c000,x19=0x5f5c8f470c,x20=0x1,x21=0x1,x22=0x7fd3b20218,x23=0x7fd3b20220,x24=0x0,x25=0x0,x26=0x0,x27=0x0,x28=0x0,x29=0x7fd3b20190,lr=0x5f5c8f4734,sp=0x7fd3b20180,pc=0x7c0c1d9700]
[15012|15012] event_addr:0x7c0c1d9700 hit_count:904, Regs:
[x0=0x1,x1=0x5f5c8f3598,x2=0x1,x3=0x7fd3b201e8,x4=0x0,x5=0x1414d4c,x6=0x1414d4c,x7=0x0,x8=0x9b504536b1897347,x9=0x9b504536b1897347,x10=0x9b504536b1897347,x11=0x3e8,x12=0x3,x13=0x706f6f6c5f657469,x14=0x7c0fa4e280,x15=0x0,x16=0x5f5c8f5a00,x17=0x7c0c1d9700,x18=0x7c0f35c000,x19=0x5f5c8f470c,x20=0x1,x21=0x1,x22=0x7fd3b20218,x23=0x7fd3b20220,x24=0x0,x25=0x0,x26=0x0,x27=0x0,x28=0x0,x29=0x7fd3b20190,lr=0x5f5c8f4734,sp=0x7fd3b20180,pc=0x7c0c1d9700]
[15012|15012] event_addr:0x7c0c1d9700 hit_count:905, Regs:
[x0=0x1,x1=0x5f5c8f3598,x2=0x1,x3=0x7fd3b201e8,x4=0x0,x5=0x1414d4c,x6=0x1414d4c,x7=0x0,x8=0x9b504536b1897347,x9=0x9b504536b1897347,x10=0x9b504536b1897347,x11=0x3e8,x12=0x3,x13=0x706f6f6c5f657469,x14=0x7c0fa4e280,x15=0x0,x16=0x5f5c8f5a00,x17=0x7c0c1d9700,x18=0x7c0f35c000,x19=0x5f5c8f470c,x20=0x1,x21=0x1,x22=0x7fd3b20218,x23=0x7fd3b20220,x24=0x0,x25=0x0,x26=0x0,x27=0x0,x28=0x0,x29=0x7fd3b20190,lr=0x5f5c8f4734,sp=0x7fd3b20180,pc=0x7c0c1d9700]
[15012|15012] event_addr:0x7c0c1d9700 hit_count:906, Regs:
[x0=0x1,x1=0x5f5c8f3598,x2=0x1,x3=0x7fd3b201e8,x4=0x0,x5=0x1414d4c,x6=0x1414d4c,x7=0x0,x8=0x9b504536b1897347,x9=0x9b504536b1897347,x10=0x9b504536b1897347,x11=0x3e8,x12=0x3,x13=0x706f6f6c5f657469,x14=0x7c0fa4e280,x15=0x0,x16=0x5f5c8f5a00,x17=0x7c0c1d9700,x18=0x7c0f35c000,x19=0x5f5c8f470c,x20=0x1,x21=0x1,x22=0x7fd3b20218,x23=0x7fd3b20220,x24=0x0,x25=0x0,x26=0x0,x27=0x0,x28=0x0,x29=0x7fd3b20190,lr=0x5f5c8f4734,sp=0x7fd3b20180,pc=0x7c0c1d9700]
[15012|15012] event_addr:0x7c0c1d9700 hit_count:907, Regs:
[x0=0x1,x1=0x5f5c8f3598,x2=0x1,x3=0x7fd3b201e8,x4=0x0,x5=0x1414d4c,x6=0x1414d4c,x7=0x0,x8=0x9b504536b1897347,x9=0x9b504536b1897347,x10=0x9b504536b1897347,x11=0x3e8,x12=0x3,x13=0x706f6f6c5f657469,x14=0x7c0fa4e280,x15=0x0,x16=0x5f5c8f5a00,x17=0x7c0c1d9700,x18=0x7c0f35c000,x19=0x5f5c8f470c,x20=0x1,x21=0x1,x22=0x7fd3b20218,x23=0x7fd3b20220,x24=0x0,x25=0x0,x26=0x0,x27=0x0,x28=0x0,x29=0x7fd3b20190,lr=0x5f5c8f4734,sp=0x7fd3b20180,pc=0x7c0c1d9700]
[15012|15012] event_addr:0x7c0c1d9700 hit_count:908, Regs:
[x0=0x1,x1=0x5f5c8f3598,x2=0x1,x3=0x7fd3b201e8,x4=0x0,x5=0x1414d4c,x6=0x1414d4c,x7=0x0,x8=0x9b504536b1897347,x9=0x9b504536b1897347,x10=0x9b504536b1897347,x11=0x3e8,x12=0x3,x13=0x706f6f6c5f657469,x14=0x7c0fa4e280,x15=0x0,x16=0x5f5c8f5a00,x17=0x7c0c1d9700,x18=0x7c0f35c000,x19=0x5f5c8f470c,x20=0x1,x21=0x1,x22=0x7fd3b20218,x23=0x7fd3b20220,x24=0x0,x25=0x0,x26=0x0,x27=0x0,x28=0x0,x29=0x7fd3b20190,lr=0x5f5c8f4734,sp=0x7fd3b20180,pc=0x7c0c1d9700]
[15012|15012] event_addr:0x7c0c1d9700 hit_count:909, Regs:
[x0=0x1,x1=0x5f5c8f3598,x2=0x1,x3=0x7fd3b201e8,x4=0x0,x5=0x1414d4c,x6=0x1414d4c,x7=0x0,x8=0x9b504536b1897347,x9=0x9b504536b1897347,x10=0x9b504536b1897347,x11=0x3e8,x12=0x3,x13=0x706f6f6c5f657469,x14=0x7c0fa4e280,x15=0x0,x16=0x5f5c8f5a00,x17=0x7c0c1d9700,x18=0x7c0f35c000,x19=0x5f5c8f470c,x20=0x1,x21=0x1,x22=0x7fd3b20218,x23=0x7fd3b20220,x24=0x0,x25=0x0,x26=0x0,x27=0x0,x28=0x0,x29=0x7fd3b20190,lr=0x5f5c8f4734,sp=0x7fd3b20180,pc=0x7c0c1d9700]
[15012|15012] event_addr:0x7c0c1d9700 hit_count:910, Regs:
[x0=0x1,x1=0x5f5c8f3598,x2=0x1,x3=0x7fd3b201e8,x4=0x0,x5=0x1414d4c,x6=0x1414d4c,x7=0x0,x8=0x9b504536b1897347,x9=0x9b504536b1897347,x10=0x9b504536b1897347,x11=0x3e8,x12=0x3,x13=0x706f6f6c5f657469,x14=0x7c0fa4e280,x15=0x0,x16=0x5f5c8f5a00,x17=0x7c0c1d9700,x18=0x7c0f35c000,x19=0x5f5c8f470c,x20=0x1,x21=0x1,x22=0x7fd3b20218,x23=0x7fd3b20220,x24=0x0,x25=0x0,x26=0x0,x27=0x0,x28=0x0,x29=0x7fd3b20190,lr=0x5f5c8f4734,sp=0x7fd3b20180,pc=0x7c0c1d9700]
[15012|15012] event_addr:0x7c0c1d9700 hit_count:911, Regs:
[x0=0x1,x1=0x5f5c8f3598,x2=0x1,x3=0x7fd3b201e8,x4=0x0,x5=0x1414d4c,x6=0x1414d4c,x7=0x0,x8=0x9b504536b1897347,x9=0x9b504536b1897347,x10=0x9b504536b1897347,x11=0x3e8,x12=0x3,x13=0x706f6f6c5f657469,x14=0x7c0fa4e280,x15=0x0,x16=0x5f5c8f5a00,x17=0x7c0c1d9700,x18=0x7c0f35c000,x19=0x5f5c8f470c,x20=0x1,x21=0x1,x22=0x7fd3b20218,x23=0x7fd3b20220,x24=0x0,x25=0x0,x26=0x0,x27=0x0,x28=0x0,x29=0x7fd3b20190,lr=0x5f5c8f4734,sp=0x7fd3b20180,pc=0x7c0c1d9700]
[15012|15012] event_addr:0x7c0c1d9700 hit_count:912, Regs:
[x0=0x1,x1=0x5f5c8f3598,x2=0x1,x3=0x7fd3b201e8,x4=0x0,x5=0x1414d4c,x6=0x1414d4c,x7=0x0,x8=0x9b504536b1897347,x9=0x9b504536b1897347,x10=0x9b504536b1897347,x11=0x3e8,x12=0x3,x13=0x706f6f6c5f657469,x14=0x7c0fa4e280,x15=0x0,x16=0x5f5c8f5a00,x17=0x7c0c1d9700,x18=0x7c0f35c000,x19=0x5f5c8f470c,x20=0x1,x21=0x1,x22=0x7fd3b20218,x23=0x7fd3b20220,x24=0x0,x25=0x0,x26=0x0,x27=0x0,x28=0x0,x29=0x7fd3b20190,lr=0x5f5c8f4734,sp=0x7fd3b20180,pc=0x7c0c1d9700]
[15012|15012] event_addr:0x7c0c1d9700 hit_count:913, Regs:
[x0=0x1,x1=0x5f5c8f3598,x2=0x1,x3=0x7fd3b201e8,x4=0x0,x5=0x1414d4c,x6=0x1414d4c,x7=0x0,x8=0x9b504536b1897347,x9=0x9b504536b1897347,x10=0x9b504536b1897347,x11=0x3e8,x12=0x3,x13=0x706f6f6c5f657469,x14=0x7c0fa4e280,x15=0x0,x16=0x5f5c8f5a00,x17=0x7c0c1d9700,x18=0x7c0f35c000,x19=0x5f5c8f470c,x20=0x1,x21=0x1,x22=0x7fd3b20218,x23=0x7fd3b20220,x24=0x0,x25=0x0,x26=0x0,x27=0x0,x28=0x0,x29=0x7fd3b20190,lr=0x5f5c8f4734,sp=0x7fd3b20180,pc=0x7c0c1d9700]
[15012|15012] event_addr:0x7c0c1d9700 hit_count:914, Regs:
[x0=0x1,x1=0x5f5c8f3598,x2=0x1,x3=0x7fd3b201e8,x4=0x0,x5=0x1414d4c,x6=0x1414d4c,x7=0x0,x8=0x9b504536b1897347,x9=0x9b504536b1897347,x10=0x9b504536b1897347,x11=0x3e8,x12=0x3,x13=0x706f6f6c5f657469,x14=0x7c0fa4e280,x15=0x0,x16=0x5f5c8f5a00,x17=0x7c0c1d9700,x18=0x7c0f35c000,x19=0x5f5c8f470c,x20=0x1,x21=0x1,x22=0x7fd3b20218,x23=0x7fd3b20220,x24=0x0,x25=0x0,x26=0x0,x27=0x0,x28=0x0,x29=0x7fd3b20190,lr=0x5f5c8f4734,sp=0x7fd3b20180,pc=0x7c0c1d9700]
[15012|15012] event_addr:0x7c0c1d9700 hit_count:915, Regs:
[x0=0x1,x1=0x5f5c8f3598,x2=0x1,x3=0x7fd3b201e8,x4=0x0,x5=0x1414d4c,x6=0x1414d4c,x7=0x0,x8=0x9b504536b1897347,x9=0x9b504536b1897347,x10=0x9b504536b1897347,x11=0x3e8,x12=0x3,x13=0x706f6f6c5f657469,x14=0x7c0fa4e280,x15=0x0,x16=0x5f5c8f5a00,x17=0x7c0c1d9700,x18=0x7c0f35c000,x19=0x5f5c8f470c,x20=0x1,x21=0x1,x22=0x7fd3b20218,x23=0x7fd3b20220,x24=0x0,x25=0x0,x26=0x0,x27=0x0,x28=0x0,x29=0x7fd3b20190,lr=0x5f5c8f4734,sp=0x7fd3b20180,pc=0x7c0c1d9700]
[15012|15012] event_addr:0x7c0c1d9700 hit_count:916, Regs:
[x0=0x1,x1=0x5f5c8f3598,x2=0x1,x3=0x7fd3b201e8,x4=0x0,x5=0x1414d4c,x6=0x1414d4c,x7=0x0,x8=0x9b504536b1897347,x9=0x9b504536b1897347,x10=0x9b504536b1897347,x11=0x3e8,x12=0x3,x13=0x706f6f6c5f657469,x14=0x7c0fa4e280,x15=0x0,x16=0x5f5c8f5a00,x17=0x7c0c1d9700,x18=0x7c0f35c000,x19=0x5f5c8f470c,x20=0x1,x21=0x1,x22=0x7fd3b20218,x23=0x7fd3b20220,x24=0x0,x25=0x0,x26=0x0,x27=0x0,x28=0x0,x29=0x7fd3b20190,lr=0x5f5c8f4734,sp=0x7fd3b20180,pc=0x7c0c1d9700]
[15012|15012] event_addr:0x7c0c1d9700 hit_count:917, Regs:
[x0=0x1,x1=0x5f5c8f3598,x2=0x1,x3=0x7fd3b201e8,x4=0x0,x5=0x1414d4c,x6=0x1414d4c,x7=0x0,x8=0x9b504536b1897347,x9=0x9b504536b1897347,x10=0x9b504536b1897347,x11=0x3e8,x12=0x3,x13=0x706f6f6c5f657469,x14=0x7c0fa4e280,x15=0x0,x16=0x5f5c8f5a00,x17=0x7c0c1d9700,x18=0x7c0f35c000,x19=0x5f5c8f470c,x20=0x1,x21=0x1,x22=0x7fd3b20218,x23=0x7fd3b20220,x24=0x0,x25=0x0,x26=0x0,x27=0x0,x28=0x0,x29=0x7fd3b20190,lr=0x5f5c8f4734,sp=0x7fd3b20180,pc=0x7c0c1d9700]
[15012|15012] event_addr:0x7c0c1d9700 hit_count:918, Regs:
[x0=0x1,x1=0x5f5c8f3598,x2=0x1,x3=0x7fd3b201e8,x4=0x0,x5=0x1414d4c,x6=0x1414d4c,x7=0x0,x8=0x9b504536b1897347,x9=0x9b504536b1897347,x10=0x9b504536b1897347,x11=0x3e8,x12=0x3,x13=0x706f6f6c5f657469,x14=0x7c0fa4e280,x15=0x0,x16=0x5f5c8f5a00,x17=0x7c0c1d9700,x18=0x7c0f35c000,x19=0x5f5c8f470c,x20=0x1,x21=0x1,x22=0x7fd3b20218,x23=0x7fd3b20220,x24=0x0,x25=0x0,x26=0x0,x27=0x0,x28=0x0,x29=0x7fd3b20190,lr=0x5f5c8f4734,sp=0x7fd3b20180,pc=0x7c0c1d9700]
[15012|15012] event_addr:0x7c0c1d9700 hit_count:919, Regs:
[x0=0x1,x1=0x5f5c8f3598,x2=0x1,x3=0x7fd3b201e8,x4=0x0,x5=0x1414d4c,x6=0x1414d4c,x7=0x0,x8=0x9b504536b1897347,x9=0x9b504536b1897347,x10=0x9b504536b1897347,x11=0x3e8,x12=0x3,x13=0x706f6f6c5f657469,x14=0x7c0fa4e280,x15=0x0,x16=0x5f5c8f5a00,x17=0x7c0c1d9700,x18=0x7c0f35c000,x19=0x5f5c8f470c,x20=0x1,x21=0x1,x22=0x7fd3b20218,x23=0x7fd3b20220,x24=0x0,x25=0x0,x26=0x0,x27=0x0,x28=0x0,x29=0x7fd3b20190,lr=0x5f5c8f4734,sp=0x7fd3b20180,pc=0x7c0c1d9700]
[15012|15012] event_addr:0x7c0c1d9700 hit_count:920, Regs:
[x0=0x1,x1=0x5f5c8f3598,x2=0x1,x3=0x7fd3b201e8,x4=0x0,x5=0x1414d4c,x6=0x1414d4c,x7=0x0,x8=0x9b504536b1897347,x9=0x9b504536b1897347,x10=0x9b504536b1897347,x11=0x3e8,x12=0x3,x13=0x706f6f6c5f657469,x14=0x7c0fa4e280,x15=0x0,x16=0x5f5c8f5a00,x17=0x7c0c1d9700,x18=0x7c0f35c000,x19=0x5f5c8f470c,x20=0x1,x21=0x1,x22=0x7fd3b20218,x23=0x7fd3b20220,x24=0x0,x25=0x0,x26=0x0,x27=0x0,x28=0x0,x29=0x7fd3b20190,lr=0x5f5c8f4734,sp=0x7fd3b20180,pc=0x7c0c1d9700]
[15012|15012] event_addr:0x7c0c1d9700 hit_count:921, Regs:
[x0=0x1,x1=0x5f5c8f3598,x2=0x1,x3=0x7fd3b201e8,x4=0x0,x5=0x1414d4c,x6=0x1414d4c,x7=0x0,x8=0x9b504536b1897347,x9=0x9b504536b1897347,x10=0x9b504536b1897347,x11=0x3e8,x12=0x3,x13=0x706f6f6c5f657469,x14=0x7c0fa4e280,x15=0x0,x16=0x5f5c8f5a00,x17=0x7c0c1d9700,x18=0x7c0f35c000,x19=0x5f5c8f470c,x20=0x1,x21=0x1,x22=0x7fd3b20218,x23=0x7fd3b20220,x24=0x0,x25=0x0,x26=0x0,x27=0x0,x28=0x0,x29=0x7fd3b20190,lr=0x5f5c8f4734,sp=0x7fd3b20180,pc=0x7c0c1d9700]
[15012|15012] event_addr:0x7c0c1d9700 hit_count:922, Regs:
[x0=0x1,x1=0x5f5c8f3598,x2=0x1,x3=0x7fd3b201e8,x4=0x0,x5=0x1414d4c,x6=0x1414d4c,x7=0x0,x8=0x9b504536b1897347,x9=0x9b504536b1897347,x10=0x9b504536b1897347,x11=0x3e8,x12=0x3,x13=0x706f6f6c5f657469,x14=0x7c0fa4e280,x15=0x0,x16=0x5f5c8f5a00,x17=0x7c0c1d9700,x18=0x7c0f35c000,x19=0x5f5c8f470c,x20=0x1,x21=0x1,x22=0x7fd3b20218,x23=0x7fd3b20220,x24=0x0,x25=0x0,x26=0x0,x27=0x0,x28=0x0,x29=0x7fd3b20190,lr=0x5f5c8f4734,sp=0x7fd3b20180,pc=0x7c0c1d9700]
[15012|15012] event_addr:0x7c0c1d9700 hit_count:923, Regs:
[x0=0x1,x1=0x5f5c8f3598,x2=0x1,x3=0x7fd3b201e8,x4=0x0,x5=0x1414d4c,x6=0x1414d4c,x7=0x0,x8=0x9b504536b1897347,x9=0x9b504536b1897347,x10=0x9b504536b1897347,x11=0x3e8,x12=0x3,x13=0x706f6f6c5f657469,x14=0x7c0fa4e280,x15=0x0,x16=0x5f5c8f5a00,x17=0x7c0c1d9700,x18=0x7c0f35c000,x19=0x5f5c8f470c,x20=0x1,x21=0x1,x22=0x7fd3b20218,x23=0x7fd3b20220,x24=0x0,x25=0x0,x26=0x0,x27=0x0,x28=0x0,x29=0x7fd3b20190,lr=0x5f5c8f4734,sp=0x7fd3b20180,pc=0x7c0c1d9700]
[15012|15012] event_addr:0x7c0c1d9700 hit_count:924, Regs:
[x0=0x1,x1=0x5f5c8f3598,x2=0x1,x3=0x7fd3b201e8,x4=0x0,x5=0x1414d4c,x6=0x1414d4c,x7=0x0,x8=0x9b504536b1897347,x9=0x9b504536b1897347,x10=0x9b504536b1897347,x11=0x3e8,x12=0x3,x13=0x706f6f6c5f657469,x14=0x7c0fa4e280,x15=0x0,x16=0x5f5c8f5a00,x17=0x7c0c1d9700,x18=0x7c0f35c000,x19=0x5f5c8f470c,x20=0x1,x21=0x1,x22=0x7fd3b20218,x23=0x7fd3b20220,x24=0x0,x25=0x0,x26=0x0,x27=0x0,x28=0x0,x29=0x7fd3b20190,lr=0x5f5c8f4734,sp=0x7fd3b20180,pc=0x7c0c1d9700]
[15012|15012] event_addr:0x7c0c1d9700 hit_count:925, Regs:
[x0=0x1,x1=0x5f5c8f3598,x2=0x1,x3=0x7fd3b201e8,x4=0x0,x5=0x1414d4c,x6=0x1414d4c,x7=0x0,x8=0x9b504536b1897347,x9=0x9b504536b1897347,x10=0x9b504536b1897347,x11=0x3e8,x12=0x3,x13=0x706f6f6c5f657469,x14=0x7c0fa4e280,x15=0x0,x16=0x5f5c8f5a00,x17=0x7c0c1d9700,x18=0x7c0f35c000,x19=0x5f5c8f470c,x20=0x1,x21=0x1,x22=0x7fd3b20218,x23=0x7fd3b20220,x24=0x0,x25=0x0,x26=0x0,x27=0x0,x28=0x0,x29=0x7fd3b20190,lr=0x5f5c8f4734,sp=0x7fd3b20180,pc=0x7c0c1d9700]
[15012|15012] event_addr:0x7c0c1d9700 hit_count:926, Regs:
[x0=0x1,x1=0x5f5c8f3598,x2=0x1,x3=0x7fd3b201e8,x4=0x0,x5=0x1414d4c,x6=0x1414d4c,x7=0x0,x8=0x9b504536b1897347,x9=0x9b504536b1897347,x10=0x9b504536b1897347,x11=0x3e8,x12=0x3,x13=0x706f6f6c5f657469,x14=0x7c0fa4e280,x15=0x0,x16=0x5f5c8f5a00,x17=0x7c0c1d9700,x18=0x7c0f35c000,x19=0x5f5c8f470c,x20=0x1,x21=0x1,x22=0x7fd3b20218,x23=0x7fd3b20220,x24=0x0,x25=0x0,x26=0x0,x27=0x0,x28=0x0,x29=0x7fd3b20190,lr=0x5f5c8f4734,sp=0x7fd3b20180,pc=0x7c0c1d9700]
[15012|15012] event_addr:0x7c0c1d9700 hit_count:927, Regs:
[x0=0x1,x1=0x5f5c8f3598,x2=0x1,x3=0x7fd3b201e8,x4=0x0,x5=0x1414d4c,x6=0x1414d4c,x7=0x0,x8=0x9b504536b1897347,x9=0x9b504536b1897347,x10=0x9b504536b1897347,x11=0x3e8,x12=0x3,x13=0x706f6f6c5f657469,x14=0x7c0fa4e280,x15=0x0,x16=0x5f5c8f5a00,x17=0x7c0c1d9700,x18=0x7c0f35c000,x19=0x5f5c8f470c,x20=0x1,x21=0x1,x22=0x7fd3b20218,x23=0x7fd3b20220,x24=0x0,x25=0x0,x26=0x0,x27=0x0,x28=0x0,x29=0x7fd3b20190,lr=0x5f5c8f4734,sp=0x7fd3b20180,pc=0x7c0c1d9700]
[15012|15012] event_addr:0x7c0c1d9700 hit_count:928, Regs:
[x0=0x1,x1=0x5f5c8f3598,x2=0x1,x3=0x7fd3b201e8,x4=0x0,x5=0x1414d4c,x6=0x1414d4c,x7=0x0,x8=0x9b504536b1897347,x9=0x9b504536b1897347,x10=0x9b504536b1897347,x11=0x3e8,x12=0x3,x13=0x706f6f6c5f657469,x14=0x7c0fa4e280,x15=0x0,x16=0x5f5c8f5a00,x17=0x7c0c1d9700,x18=0x7c0f35c000,x19=0x5f5c8f470c,x20=0x1,x21=0x1,x22=0x7fd3b20218,x23=0x7fd3b20220,x24=0x0,x25=0x0,x26=0x0,x27=0x0,x28=0x0,x29=0x7fd3b20190,lr=0x5f5c8f4734,sp=0x7fd3b20180,pc=0x7c0c1d9700]
[15012|15012] event_addr:0x7c0c1d9700 hit_count:929, Regs:
[x0=0x1,x1=0x5f5c8f3598,x2=0x1,x3=0x7fd3b201e8,x4=0x0,x5=0x1414d4c,x6=0x1414d4c,x7=0x0,x8=0x9b504536b1897347,x9=0x9b504536b1897347,x10=0x9b504536b1897347,x11=0x3e8,x12=0x3,x13=0x706f6f6c5f657469,x14=0x7c0fa4e280,x15=0x0,x16=0x5f5c8f5a00,x17=0x7c0c1d9700,x18=0x7c0f35c000,x19=0x5f5c8f470c,x20=0x1,x21=0x1,x22=0x7fd3b20218,x23=0x7fd3b20220,x24=0x0,x25=0x0,x26=0x0,x27=0x0,x28=0x0,x29=0x7fd3b20190,lr=0x5f5c8f4734,sp=0x7fd3b20180,pc=0x7c0c1d9700]
[15012|15012] event_addr:0x7c0c1d9700 hit_count:930, Regs:
[x0=0x1,x1=0x5f5c8f3598,x2=0x1,x3=0x7fd3b201e8,x4=0x0,x5=0x1414d4c,x6=0x1414d4c,x7=0x0,x8=0x9b504536b1897347,x9=0x9b504536b1897347,x10=0x9b504536b1897347,x11=0x3e8,x12=0x3,x13=0x706f6f6c5f657469,x14=0x7c0fa4e280,x15=0x0,x16=0x5f5c8f5a00,x17=0x7c0c1d9700,x18=0x7c0f35c000,x19=0x5f5c8f470c,x20=0x1,x21=0x1,x22=0x7fd3b20218,x23=0x7fd3b20220,x24=0x0,x25=0x0,x26=0x0,x27=0x0,x28=0x0,x29=0x7fd3b20190,lr=0x5f5c8f4734,sp=0x7fd3b20180,pc=0x7c0c1d9700]
[15012|15012] event_addr:0x7c0c1d9700 hit_count:931, Regs:
[x0=0x1,x1=0x5f5c8f3598,x2=0x1,x3=0x7fd3b201e8,x4=0x0,x5=0x1414d4c,x6=0x1414d4c,x7=0x0,x8=0x9b504536b1897347,x9=0x9b504536b1897347,x10=0x9b504536b1897347,x11=0x3e8,x12=0x3,x13=0x706f6f6c5f657469,x14=0x7c0fa4e280,x15=0x0,x16=0x5f5c8f5a00,x17=0x7c0c1d9700,x18=0x7c0f35c000,x19=0x5f5c8f470c,x20=0x1,x21=0x1,x22=0x7fd3b20218,x23=0x7fd3b20220,x24=0x0,x25=0x0,x26=0x0,x27=0x0,x28=0x0,x29=0x7fd3b20190,lr=0x5f5c8f4734,sp=0x7fd3b20180,pc=0x7c0c1d9700]
[15012|15012] event_addr:0x7c0c1d9700 hit_count:932, Regs:
[x0=0x1,x1=0x5f5c8f3598,x2=0x1,x3=0x7fd3b201e8,x4=0x0,x5=0x1414d4c,x6=0x1414d4c,x7=0x0,x8=0x9b504536b1897347,x9=0x9b504536b1897347,x10=0x9b504536b1897347,x11=0x3e8,x12=0x3,x13=0x706f6f6c5f657469,x14=0x7c0fa4e280,x15=0x0,x16=0x5f5c8f5a00,x17=0x7c0c1d9700,x18=0x7c0f35c000,x19=0x5f5c8f470c,x20=0x1,x21=0x1,x22=0x7fd3b20218,x23=0x7fd3b20220,x24=0x0,x25=0x0,x26=0x0,x27=0x0,x28=0x0,x29=0x7fd3b20190,lr=0x5f5c8f4734,sp=0x7fd3b20180,pc=0x7c0c1d9700]
[15012|15012] event_addr:0x7c0c1d9700 hit_count:933, Regs:
[x0=0x1,x1=0x5f5c8f3598,x2=0x1,x3=0x7fd3b201e8,x4=0x0,x5=0x1414d4c,x6=0x1414d4c,x7=0x0,x8=0x9b504536b1897347,x9=0x9b504536b1897347,x10=0x9b504536b1897347,x11=0x3e8,x12=0x3,x13=0x706f6f6c5f657469,x14=0x7c0fa4e280,x15=0x0,x16=0x5f5c8f5a00,x17=0x7c0c1d9700,x18=0x7c0f35c000,x19=0x5f5c8f470c,x20=0x1,x21=0x1,x22=0x7fd3b20218,x23=0x7fd3b20220,x24=0x0,x25=0x0,x26=0x0,x27=0x0,x28=0x0,x29=0x7fd3b20190,lr=0x5f5c8f4734,sp=0x7fd3b20180,pc=0x7c0c1d9700]
[15012|15012] event_addr:0x7c0c1d9700 hit_count:934, Regs:
[x0=0x1,x1=0x5f5c8f3598,x2=0x1,x3=0x7fd3b201e8,x4=0x0,x5=0x1414d4c,x6=0x1414d4c,x7=0x0,x8=0x9b504536b1897347,x9=0x9b504536b1897347,x10=0x9b504536b1897347,x11=0x3e8,x12=0x3,x13=0x706f6f6c5f657469,x14=0x7c0fa4e280,x15=0x0,x16=0x5f5c8f5a00,x17=0x7c0c1d9700,x18=0x7c0f35c000,x19=0x5f5c8f470c,x20=0x1,x21=0x1,x22=0x7fd3b20218,x23=0x7fd3b20220,x24=0x0,x25=0x0,x26=0x0,x27=0x0,x28=0x0,x29=0x7fd3b20190,lr=0x5f5c8f4734,sp=0x7fd3b20180,pc=0x7c0c1d9700]
[15012|15012] event_addr:0x7c0c1d9700 hit_count:935, Regs:
[x0=0x1,x1=0x5f5c8f3598,x2=0x1,x3=0x7fd3b201e8,x4=0x0,x5=0x1414d4c,x6=0x1414d4c,x7=0x0,x8=0x9b504536b1897347,x9=0x9b504536b1897347,x10=0x9b504536b1897347,x11=0x3e8,x12=0x3,x13=0x706f6f6c5f657469,x14=0x7c0fa4e280,x15=0x0,x16=0x5f5c8f5a00,x17=0x7c0c1d9700,x18=0x7c0f35c000,x19=0x5f5c8f470c,x20=0x1,x21=0x1,x22=0x7fd3b20218,x23=0x7fd3b20220,x24=0x0,x25=0x0,x26=0x0,x27=0x0,x28=0x0,x29=0x7fd3b20190,lr=0x5f5c8f4734,sp=0x7fd3b20180,pc=0x7c0c1d9700]
[15012|15012] event_addr:0x7c0c1d9700 hit_count:936, Regs:
[x0=0x1,x1=0x5f5c8f3598,x2=0x1,x3=0x7fd3b201e8,x4=0x0,x5=0x1414d4c,x6=0x1414d4c,x7=0x0,x8=0x9b504536b1897347,x9=0x9b504536b1897347,x10=0x9b504536b1897347,x11=0x3e8,x12=0x3,x13=0x706f6f6c5f657469,x14=0x7c0fa4e280,x15=0x0,x16=0x5f5c8f5a00,x17=0x7c0c1d9700,x18=0x7c0f35c000,x19=0x5f5c8f470c,x20=0x1,x21=0x1,x22=0x7fd3b20218,x23=0x7fd3b20220,x24=0x0,x25=0x0,x26=0x0,x27=0x0,x28=0x0,x29=0x7fd3b20190,lr=0x5f5c8f4734,sp=0x7fd3b20180,pc=0x7c0c1d9700]
[15012|15012] event_addr:0x7c0c1d9700 hit_count:937, Regs:
[x0=0x1,x1=0x5f5c8f3598,x2=0x1,x3=0x7fd3b201e8,x4=0x0,x5=0x1414d4c,x6=0x1414d4c,x7=0x0,x8=0x9b504536b1897347,x9=0x9b504536b1897347,x10=0x9b504536b1897347,x11=0x3e8,x12=0x3,x13=0x706f6f6c5f657469,x14=0x7c0fa4e280,x15=0x0,x16=0x5f5c8f5a00,x17=0x7c0c1d9700,x18=0x7c0f35c000,x19=0x5f5c8f470c,x20=0x1,x21=0x1,x22=0x7fd3b20218,x23=0x7fd3b20220,x24=0x0,x25=0x0,x26=0x0,x27=0x0,x28=0x0,x29=0x7fd3b20190,lr=0x5f5c8f4734,sp=0x7fd3b20180,pc=0x7c0c1d9700]
[15012|15012] event_addr:0x7c0c1d9700 hit_count:938, Regs:
[x0=0x1,x1=0x5f5c8f3598,x2=0x1,x3=0x7fd3b201e8,x4=0x0,x5=0x1414d4c,x6=0x1414d4c,x7=0x0,x8=0x9b504536b1897347,x9=0x9b504536b1897347,x10=0x9b504536b1897347,x11=0x3e8,x12=0x3,x13=0x706f6f6c5f657469,x14=0x7c0fa4e280,x15=0x0,x16=0x5f5c8f5a00,x17=0x7c0c1d9700,x18=0x7c0f35c000,x19=0x5f5c8f470c,x20=0x1,x21=0x1,x22=0x7fd3b20218,x23=0x7fd3b20220,x24=0x0,x25=0x0,x26=0x0,x27=0x0,x28=0x0,x29=0x7fd3b20190,lr=0x5f5c8f4734,sp=0x7fd3b20180,pc=0x7c0c1d9700]
[15012|15012] event_addr:0x7c0c1d9700 hit_count:939, Regs:
[x0=0x1,x1=0x5f5c8f3598,x2=0x1,x3=0x7fd3b201e8,x4=0x0,x5=0x1414d4c,x6=0x1414d4c,x7=0x0,x8=0x9b504536b1897347,x9=0x9b504536b1897347,x10=0x9b504536b1897347,x11=0x3e8,x12=0x3,x13=0x706f6f6c5f657469,x14=0x7c0fa4e280,x15=0x0,x16=0x5f5c8f5a00,x17=0x7c0c1d9700,x18=0x7c0f35c000,x19=0x5f5c8f470c,x20=0x1,x21=0x1,x22=0x7fd3b20218,x23=0x7fd3b20220,x24=0x0,x25=0x0,x26=0x0,x27=0x0,x28=0x0,x29=0x7fd3b20190,lr=0x5f5c8f4734,sp=0x7fd3b20180,pc=0x7c0c1d9700]
[15012|15012] event_addr:0x7c0c1d9700 hit_count:940, Regs:
[x0=0x1,x1=0x5f5c8f3598,x2=0x1,x3=0x7fd3b201e8,x4=0x0,x5=0x1414d4c,x6=0x1414d4c,x7=0x0,x8=0x9b504536b1897347,x9=0x9b504536b1897347,x10=0x9b504536b1897347,x11=0x3e8,x12=0x3,x13=0x706f6f6c5f657469,x14=0x7c0fa4e280,x15=0x0,x16=0x5f5c8f5a00,x17=0x7c0c1d9700,x18=0x7c0f35c000,x19=0x5f5c8f470c,x20=0x1,x21=0x1,x22=0x7fd3b20218,x23=0x7fd3b20220,x24=0x0,x25=0x0,x26=0x0,x27=0x0,x28=0x0,x29=0x7fd3b20190,lr=0x5f5c8f4734,sp=0x7fd3b20180,pc=0x7c0c1d9700]
[15012|15012] event_addr:0x7c0c1d9700 hit_count:941, Regs:
[x0=0x1,x1=0x5f5c8f3598,x2=0x1,x3=0x7fd3b201e8,x4=0x0,x5=0x1414d4c,x6=0x1414d4c,x7=0x0,x8=0x9b504536b1897347,x9=0x9b504536b1897347,x10=0x9b504536b1897347,x11=0x3e8,x12=0x3,x13=0x706f6f6c5f657469,x14=0x7c0fa4e280,x15=0x0,x16=0x5f5c8f5a00,x17=0x7c0c1d9700,x18=0x7c0f35c000,x19=0x5f5c8f470c,x20=0x1,x21=0x1,x22=0x7fd3b20218,x23=0x7fd3b20220,x24=0x0,x25=0x0,x26=0x0,x27=0x0,x28=0x0,x29=0x7fd3b20190,lr=0x5f5c8f4734,sp=0x7fd3b20180,pc=0x7c0c1d9700]
[15012|15012] event_addr:0x7c0c1d9700 hit_count:942, Regs:
[x0=0x1,x1=0x5f5c8f3598,x2=0x1,x3=0x7fd3b201e8,x4=0x0,x5=0x1414d4c,x6=0x1414d4c,x7=0x0,x8=0x9b504536b1897347,x9=0x9b504536b1897347,x10=0x9b504536b1897347,x11=0x3e8,x12=0x3,x13=0x706f6f6c5f657469,x14=0x7c0fa4e280,x15=0x0,x16=0x5f5c8f5a00,x17=0x7c0c1d9700,x18=0x7c0f35c000,x19=0x5f5c8f470c,x20=0x1,x21=0x1,x22=0x7fd3b20218,x23=0x7fd3b20220,x24=0x0,x25=0x0,x26=0x0,x27=0x0,x28=0x0,x29=0x7fd3b20190,lr=0x5f5c8f4734,sp=0x7fd3b20180,pc=0x7c0c1d9700]
[15012|15012] event_addr:0x7c0c1d9700 hit_count:943, Regs:
[x0=0x1,x1=0x5f5c8f3598,x2=0x1,x3=0x7fd3b201e8,x4=0x0,x5=0x1414d4c,x6=0x1414d4c,x7=0x0,x8=0x9b504536b1897347,x9=0x9b504536b1897347,x10=0x9b504536b1897347,x11=0x3e8,x12=0x3,x13=0x706f6f6c5f657469,x14=0x7c0fa4e280,x15=0x0,x16=0x5f5c8f5a00,x17=0x7c0c1d9700,x18=0x7c0f35c000,x19=0x5f5c8f470c,x20=0x1,x21=0x1,x22=0x7fd3b20218,x23=0x7fd3b20220,x24=0x0,x25=0x0,x26=0x0,x27=0x0,x28=0x0,x29=0x7fd3b20190,lr=0x5f5c8f4734,sp=0x7fd3b20180,pc=0x7c0c1d9700]
[15012|15012] event_addr:0x7c0c1d9700 hit_count:944, Regs:
[x0=0x1,x1=0x5f5c8f3598,x2=0x1,x3=0x7fd3b201e8,x4=0x0,x5=0x1414d4c,x6=0x1414d4c,x7=0x0,x8=0x9b504536b1897347,x9=0x9b504536b1897347,x10=0x9b504536b1897347,x11=0x3e8,x12=0x3,x13=0x706f6f6c5f657469,x14=0x7c0fa4e280,x15=0x0,x16=0x5f5c8f5a00,x17=0x7c0c1d9700,x18=0x7c0f35c000,x19=0x5f5c8f470c,x20=0x1,x21=0x1,x22=0x7fd3b20218,x23=0x7fd3b20220,x24=0x0,x25=0x0,x26=0x0,x27=0x0,x28=0x0,x29=0x7fd3b20190,lr=0x5f5c8f4734,sp=0x7fd3b20180,pc=0x7c0c1d9700]
[15012|15012] event_addr:0x7c0c1d9700 hit_count:945, Regs:
[x0=0x1,x1=0x5f5c8f3598,x2=0x1,x3=0x7fd3b201e8,x4=0x0,x5=0x1414d4c,x6=0x1414d4c,x7=0x0,x8=0x9b504536b1897347,x9=0x9b504536b1897347,x10=0x9b504536b1897347,x11=0x3e8,x12=0x3,x13=0x706f6f6c5f657469,x14=0x7c0fa4e280,x15=0x0,x16=0x5f5c8f5a00,x17=0x7c0c1d9700,x18=0x7c0f35c000,x19=0x5f5c8f470c,x20=0x1,x21=0x1,x22=0x7fd3b20218,x23=0x7fd3b20220,x24=0x0,x25=0x0,x26=0x0,x27=0x0,x28=0x0,x29=0x7fd3b20190,lr=0x5f5c8f4734,sp=0x7fd3b20180,pc=0x7c0c1d9700]
[15012|15012] event_addr:0x7c0c1d9700 hit_count:946, Regs:
[x0=0x1,x1=0x5f5c8f3598,x2=0x1,x3=0x7fd3b201e8,x4=0x0,x5=0x1414d4c,x6=0x1414d4c,x7=0x0,x8=0x9b504536b1897347,x9=0x9b504536b1897347,x10=0x9b504536b1897347,x11=0x3e8,x12=0x3,x13=0x706f6f6c5f657469,x14=0x7c0fa4e280,x15=0x0,x16=0x5f5c8f5a00,x17=0x7c0c1d9700,x18=0x7c0f35c000,x19=0x5f5c8f470c,x20=0x1,x21=0x1,x22=0x7fd3b20218,x23=0x7fd3b20220,x24=0x0,x25=0x0,x26=0x0,x27=0x0,x28=0x0,x29=0x7fd3b20190,lr=0x5f5c8f4734,sp=0x7fd3b20180,pc=0x7c0c1d9700]
[15012|15012] event_addr:0x7c0c1d9700 hit_count:947, Regs:
[x0=0x1,x1=0x5f5c8f3598,x2=0x1,x3=0x7fd3b201e8,x4=0x0,x5=0x1414d4c,x6=0x1414d4c,x7=0x0,x8=0x9b504536b1897347,x9=0x9b504536b1897347,x10=0x9b504536b1897347,x11=0x3e8,x12=0x3,x13=0x706f6f6c5f657469,x14=0x7c0fa4e280,x15=0x0,x16=0x5f5c8f5a00,x17=0x7c0c1d9700,x18=0x7c0f35c000,x19=0x5f5c8f470c,x20=0x1,x21=0x1,x22=0x7fd3b20218,x23=0x7fd3b20220,x24=0x0,x25=0x0,x26=0x0,x27=0x0,x28=0x0,x29=0x7fd3b20190,lr=0x5f5c8f4734,sp=0x7fd3b20180,pc=0x7c0c1d9700]
[15012|15012] event_addr:0x7c0c1d9700 hit_count:948, Regs:
[x0=0x1,x1=0x5f5c8f3598,x2=0x1,x3=0x7fd3b201e8,x4=0x0,x5=0x1414d4c,x6=0x1414d4c,x7=0x0,x8=0x9b504536b1897347,x9=0x9b504536b1897347,x10=0x9b504536b1897347,x11=0x3e8,x12=0x3,x13=0x706f6f6c5f657469,x14=0x7c0fa4e280,x15=0x0,x16=0x5f5c8f5a00,x17=0x7c0c1d9700,x18=0x7c0f35c000,x19=0x5f5c8f470c,x20=0x1,x21=0x1,x22=0x7fd3b20218,x23=0x7fd3b20220,x24=0x0,x25=0x0,x26=0x0,x27=0x0,x28=0x0,x29=0x7fd3b20190,lr=0x5f5c8f4734,sp=0x7fd3b20180,pc=0x7c0c1d9700]
[15012|15012] event_addr:0x7c0c1d9700 hit_count:949, Regs:
[x0=0x1,x1=0x5f5c8f3598,x2=0x1,x3=0x7fd3b201e8,x4=0x0,x5=0x1414d4c,x6=0x1414d4c,x7=0x0,x8=0x9b504536b1897347,x9=0x9b504536b1897347,x10=0x9b504536b1897347,x11=0x3e8,x12=0x3,x13=0x706f6f6c5f657469,x14=0x7c0fa4e280,x15=0x0,x16=0x5f5c8f5a00,x17=0x7c0c1d9700,x18=0x7c0f35c000,x19=0x5f5c8f470c,x20=0x1,x21=0x1,x22=0x7fd3b20218,x23=0x7fd3b20220,x24=0x0,x25=0x0,x26=0x0,x27=0x0,x28=0x0,x29=0x7fd3b20190,lr=0x5f5c8f4734,sp=0x7fd3b20180,pc=0x7c0c1d9700]
[15012|15012] event_addr:0x7c0c1d9700 hit_count:950, Regs:
[x0=0x1,x1=0x5f5c8f3598,x2=0x1,x3=0x7fd3b201e8,x4=0x0,x5=0x1414d4c,x6=0x1414d4c,x7=0x0,x8=0x9b504536b1897347,x9=0x9b504536b1897347,x10=0x9b504536b1897347,x11=0x3e8,x12=0x3,x13=0x706f6f6c5f657469,x14=0x7c0fa4e280,x15=0x0,x16=0x5f5c8f5a00,x17=0x7c0c1d9700,x18=0x7c0f35c000,x19=0x5f5c8f470c,x20=0x1,x21=0x1,x22=0x7fd3b20218,x23=0x7fd3b20220,x24=0x0,x25=0x0,x26=0x0,x27=0x0,x28=0x0,x29=0x7fd3b20190,lr=0x5f5c8f4734,sp=0x7fd3b20180,pc=0x7c0c1d9700]
[15012|15012] event_addr:0x7c0c1d9700 hit_count:951, Regs:
[x0=0x1,x1=0x5f5c8f3598,x2=0x1,x3=0x7fd3b201e8,x4=0x0,x5=0x1414d4c,x6=0x1414d4c,x7=0x0,x8=0x9b504536b1897347,x9=0x9b504536b1897347,x10=0x9b504536b1897347,x11=0x3e8,x12=0x3,x13=0x706f6f6c5f657469,x14=0x7c0fa4e280,x15=0x0,x16=0x5f5c8f5a00,x17=0x7c0c1d9700,x18=0x7c0f35c000,x19=0x5f5c8f470c,x20=0x1,x21=0x1,x22=0x7fd3b20218,x23=0x7fd3b20220,x24=0x0,x25=0x0,x26=0x0,x27=0x0,x28=0x0,x29=0x7fd3b20190,lr=0x5f5c8f4734,sp=0x7fd3b20180,pc=0x7c0c1d9700]
[15012|15012] event_addr:0x7c0c1d9700 hit_count:952, Regs:
[x0=0x1,x1=0x5f5c8f3598,x2=0x1,x3=0x7fd3b201e8,x4=0x0,x5=0x1414d4c,x6=0x1414d4c,x7=0x0,x8=0x9b504536b1897347,x9=0x9b504536b1897347,x10=0x9b504536b1897347,x11=0x3e8,x12=0x3,x13=0x706f6f6c5f657469,x14=0x7c0fa4e280,x15=0x0,x16=0x5f5c8f5a00,x17=0x7c0c1d9700,x18=0x7c0f35c000,x19=0x5f5c8f470c,x20=0x1,x21=0x1,x22=0x7fd3b20218,x23=0x7fd3b20220,x24=0x0,x25=0x0,x26=0x0,x27=0x0,x28=0x0,x29=0x7fd3b20190,lr=0x5f5c8f4734,sp=0x7fd3b20180,pc=0x7c0c1d9700]
[15012|15012] event_addr:0x7c0c1d9700 hit_count:953, Regs:
[x0=0x1,x1=0x5f5c8f3598,x2=0x1,x3=0x7fd3b201e8,x4=0x0,x5=0x1414d4c,x6=0x1414d4c,x7=0x0,x8=0x9b504536b1897347,x9=0x9b504536b1897347,x10=0x9b504536b1897347,x11=0x3e8,x12=0x3,x13=0x706f6f6c5f657469,x14=0x7c0fa4e280,x15=0x0,x16=0x5f5c8f5a00,x17=0x7c0c1d9700,x18=0x7c0f35c000,x19=0x5f5c8f470c,x20=0x1,x21=0x1,x22=0x7fd3b20218,x23=0x7fd3b20220,x24=0x0,x25=0x0,x26=0x0,x27=0x0,x28=0x0,x29=0x7fd3b20190,lr=0x5f5c8f4734,sp=0x7fd3b20180,pc=0x7c0c1d9700]
[15012|15012] event_addr:0x7c0c1d9700 hit_count:954, Regs:
[x0=0x1,x1=0x5f5c8f3598,x2=0x1,x3=0x7fd3b201e8,x4=0x0,x5=0x1414d4c,x6=0x1414d4c,x7=0x0,x8=0x9b504536b1897347,x9=0x9b504536b1897347,x10=0x9b504536b1897347,x11=0x3e8,x12=0x3,x13=0x706f6f6c5f657469,x14=0x7c0fa4e280,x15=0x0,x16=0x5f5c8f5a00,x17=0x7c0c1d9700,x18=0x7c0f35c000,x19=0x5f5c8f470c,x20=0x1,x21=0x1,x22=0x7fd3b20218,x23=0x7fd3b20220,x24=0x0,x25=0x0,x26=0x0,x27=0x0,x28=0x0,x29=0x7fd3b20190,lr=0x5f5c8f4734,sp=0x7fd3b20180,pc=0x7c0c1d9700]
[15012|15012] event_addr:0x7c0c1d9700 hit_count:955, Regs:
[x0=0x1,x1=0x5f5c8f3598,x2=0x1,x3=0x7fd3b201e8,x4=0x0,x5=0x1414d4c,x6=0x1414d4c,x7=0x0,x8=0x9b504536b1897347,x9=0x9b504536b1897347,x10=0x9b504536b1897347,x11=0x3e8,x12=0x3,x13=0x706f6f6c5f657469,x14=0x7c0fa4e280,x15=0x0,x16=0x5f5c8f5a00,x17=0x7c0c1d9700,x18=0x7c0f35c000,x19=0x5f5c8f470c,x20=0x1,x21=0x1,x22=0x7fd3b20218,x23=0x7fd3b20220,x24=0x0,x25=0x0,x26=0x0,x27=0x0,x28=0x0,x29=0x7fd3b20190,lr=0x5f5c8f4734,sp=0x7fd3b20180,pc=0x7c0c1d9700]
[15012|15012] event_addr:0x7c0c1d9700 hit_count:956, Regs:
[x0=0x1,x1=0x5f5c8f3598,x2=0x1,x3=0x7fd3b201e8,x4=0x0,x5=0x1414d4c,x6=0x1414d4c,x7=0x0,x8=0x9b504536b1897347,x9=0x9b504536b1897347,x10=0x9b504536b1897347,x11=0x3e8,x12=0x3,x13=0x706f6f6c5f657469,x14=0x7c0fa4e280,x15=0x0,x16=0x5f5c8f5a00,x17=0x7c0c1d9700,x18=0x7c0f35c000,x19=0x5f5c8f470c,x20=0x1,x21=0x1,x22=0x7fd3b20218,x23=0x7fd3b20220,x24=0x0,x25=0x0,x26=0x0,x27=0x0,x28=0x0,x29=0x7fd3b20190,lr=0x5f5c8f4734,sp=0x7fd3b20180,pc=0x7c0c1d9700]
[15012|15012] event_addr:0x7c0c1d9700 hit_count:957, Regs:
[x0=0x1,x1=0x5f5c8f3598,x2=0x1,x3=0x7fd3b201e8,x4=0x0,x5=0x1414d4c,x6=0x1414d4c,x7=0x0,x8=0x9b504536b1897347,x9=0x9b504536b1897347,x10=0x9b504536b1897347,x11=0x3e8,x12=0x3,x13=0x706f6f6c5f657469,x14=0x7c0fa4e280,x15=0x0,x16=0x5f5c8f5a00,x17=0x7c0c1d9700,x18=0x7c0f35c000,x19=0x5f5c8f470c,x20=0x1,x21=0x1,x22=0x7fd3b20218,x23=0x7fd3b20220,x24=0x0,x25=0x0,x26=0x0,x27=0x0,x28=0x0,x29=0x7fd3b20190,lr=0x5f5c8f4734,sp=0x7fd3b20180,pc=0x7c0c1d9700]
[15012|15012] event_addr:0x7c0c1d9700 hit_count:958, Regs:
[x0=0x1,x1=0x5f5c8f3598,x2=0x1,x3=0x7fd3b201e8,x4=0x0,x5=0x1414d4c,x6=0x1414d4c,x7=0x0,x8=0x9b504536b1897347,x9=0x9b504536b1897347,x10=0x9b504536b1897347,x11=0x3e8,x12=0x3,x13=0x706f6f6c5f657469,x14=0x7c0fa4e280,x15=0x0,x16=0x5f5c8f5a00,x17=0x7c0c1d9700,x18=0x7c0f35c000,x19=0x5f5c8f470c,x20=0x1,x21=0x1,x22=0x7fd3b20218,x23=0x7fd3b20220,x24=0x0,x25=0x0,x26=0x0,x27=0x0,x28=0x0,x29=0x7fd3b20190,lr=0x5f5c8f4734,sp=0x7fd3b20180,pc=0x7c0c1d9700]
[15012|15012] event_addr:0x7c0c1d9700 hit_count:959, Regs:
[x0=0x1,x1=0x5f5c8f3598,x2=0x1,x3=0x7fd3b201e8,x4=0x0,x5=0x1414d4c,x6=0x1414d4c,x7=0x0,x8=0x9b504536b1897347,x9=0x9b504536b1897347,x10=0x9b504536b1897347,x11=0x3e8,x12=0x3,x13=0x706f6f6c5f657469,x14=0x7c0fa4e280,x15=0x0,x16=0x5f5c8f5a00,x17=0x7c0c1d9700,x18=0x7c0f35c000,x19=0x5f5c8f470c,x20=0x1,x21=0x1,x22=0x7fd3b20218,x23=0x7fd3b20220,x24=0x0,x25=0x0,x26=0x0,x27=0x0,x28=0x0,x29=0x7fd3b20190,lr=0x5f5c8f4734,sp=0x7fd3b20180,pc=0x7c0c1d9700]
[15012|15012] event_addr:0x7c0c1d9700 hit_count:960, Regs:
[x0=0x1,x1=0x5f5c8f3598,x2=0x1,x3=0x7fd3b201e8,x4=0x0,x5=0x1414d4c,x6=0x1414d4c,x7=0x0,x8=0x9b504536b1897347,x9=0x9b504536b1897347,x10=0x9b504536b1897347,x11=0x3e8,x12=0x3,x13=0x706f6f6c5f657469,x14=0x7c0fa4e280,x15=0x0,x16=0x5f5c8f5a00,x17=0x7c0c1d9700,x18=0x7c0f35c000,x19=0x5f5c8f470c,x20=0x1,x21=0x1,x22=0x7fd3b20218,x23=0x7fd3b20220,x24=0x0,x25=0x0,x26=0x0,x27=0x0,x28=0x0,x29=0x7fd3b20190,lr=0x5f5c8f4734,sp=0x7fd3b20180,pc=0x7c0c1d9700]
[15012|15012] event_addr:0x7c0c1d9700 hit_count:961, Regs:
[x0=0x1,x1=0x5f5c8f3598,x2=0x1,x3=0x7fd3b201e8,x4=0x0,x5=0x1414d4c,x6=0x1414d4c,x7=0x0,x8=0x9b504536b1897347,x9=0x9b504536b1897347,x10=0x9b504536b1897347,x11=0x3e8,x12=0x3,x13=0x706f6f6c5f657469,x14=0x7c0fa4e280,x15=0x0,x16=0x5f5c8f5a00,x17=0x7c0c1d9700,x18=0x7c0f35c000,x19=0x5f5c8f470c,x20=0x1,x21=0x1,x22=0x7fd3b20218,x23=0x7fd3b20220,x24=0x0,x25=0x0,x26=0x0,x27=0x0,x28=0x0,x29=0x7fd3b20190,lr=0x5f5c8f4734,sp=0x7fd3b20180,pc=0x7c0c1d9700]
[15012|15012] event_addr:0x7c0c1d9700 hit_count:962, Regs:
[x0=0x1,x1=0x5f5c8f3598,x2=0x1,x3=0x7fd3b201e8,x4=0x0,x5=0x1414d4c,x6=0x1414d4c,x7=0x0,x8=0x9b504536b1897347,x9=0x9b504536b1897347,x10=0x9b504536b1897347,x11=0x3e8,x12=0x3,x13=0x706f6f6c5f657469,x14=0x7c0fa4e280,x15=0x0,x16=0x5f5c8f5a00,x17=0x7c0c1d9700,x18=0x7c0f35c000,x19=0x5f5c8f470c,x20=0x1,x21=0x1,x22=0x7fd3b20218,x23=0x7fd3b20220,x24=0x0,x25=0x0,x26=0x0,x27=0x0,x28=0x0,x29=0x7fd3b20190,lr=0x5f5c8f4734,sp=0x7fd3b20180,pc=0x7c0c1d9700]
[15012|15012] event_addr:0x7c0c1d9700 hit_count:963, Regs:
[x0=0x1,x1=0x5f5c8f3598,x2=0x1,x3=0x7fd3b201e8,x4=0x0,x5=0x1414d4c,x6=0x1414d4c,x7=0x0,x8=0x9b504536b1897347,x9=0x9b504536b1897347,x10=0x9b504536b1897347,x11=0x3e8,x12=0x3,x13=0x706f6f6c5f657469,x14=0x7c0fa4e280,x15=0x0,x16=0x5f5c8f5a00,x17=0x7c0c1d9700,x18=0x7c0f35c000,x19=0x5f5c8f470c,x20=0x1,x21=0x1,x22=0x7fd3b20218,x23=0x7fd3b20220,x24=0x0,x25=0x0,x26=0x0,x27=0x0,x28=0x0,x29=0x7fd3b20190,lr=0x5f5c8f4734,sp=0x7fd3b20180,pc=0x7c0c1d9700]
[15012|15012] event_addr:0x7c0c1d9700 hit_count:964, Regs:
[x0=0x1,x1=0x5f5c8f3598,x2=0x1,x3=0x7fd3b201e8,x4=0x0,x5=0x1414d4c,x6=0x1414d4c,x7=0x0,x8=0x9b504536b1897347,x9=0x9b504536b1897347,x10=0x9b504536b1897347,x11=0x3e8,x12=0x3,x13=0x706f6f6c5f657469,x14=0x7c0fa4e280,x15=0x0,x16=0x5f5c8f5a00,x17=0x7c0c1d9700,x18=0x7c0f35c000,x19=0x5f5c8f470c,x20=0x1,x21=0x1,x22=0x7fd3b20218,x23=0x7fd3b20220,x24=0x0,x25=0x0,x26=0x0,x27=0x0,x28=0x0,x29=0x7fd3b20190,lr=0x5f5c8f4734,sp=0x7fd3b20180,pc=0x7c0c1d9700]
[15012|15012] event_addr:0x7c0c1d9700 hit_count:965, Regs:
[x0=0x1,x1=0x5f5c8f3598,x2=0x1,x3=0x7fd3b201e8,x4=0x0,x5=0x1414d4c,x6=0x1414d4c,x7=0x0,x8=0x9b504536b1897347,x9=0x9b504536b1897347,x10=0x9b504536b1897347,x11=0x3e8,x12=0x3,x13=0x706f6f6c5f657469,x14=0x7c0fa4e280,x15=0x0,x16=0x5f5c8f5a00,x17=0x7c0c1d9700,x18=0x7c0f35c000,x19=0x5f5c8f470c,x20=0x1,x21=0x1,x22=0x7fd3b20218,x23=0x7fd3b20220,x24=0x0,x25=0x0,x26=0x0,x27=0x0,x28=0x0,x29=0x7fd3b20190,lr=0x5f5c8f4734,sp=0x7fd3b20180,pc=0x7c0c1d9700]
[15012|15012] event_addr:0x7c0c1d9700 hit_count:966, Regs:
[x0=0x1,x1=0x5f5c8f3598,x2=0x1,x3=0x7fd3b201e8,x4=0x0,x5=0x1414d4c,x6=0x1414d4c,x7=0x0,x8=0x9b504536b1897347,x9=0x9b504536b1897347,x10=0x9b504536b1897347,x11=0x3e8,x12=0x3,x13=0x706f6f6c5f657469,x14=0x7c0fa4e280,x15=0x0,x16=0x5f5c8f5a00,x17=0x7c0c1d9700,x18=0x7c0f35c000,x19=0x5f5c8f470c,x20=0x1,x21=0x1,x22=0x7fd3b20218,x23=0x7fd3b20220,x24=0x0,x25=0x0,x26=0x0,x27=0x0,x28=0x0,x29=0x7fd3b20190,lr=0x5f5c8f4734,sp=0x7fd3b20180,pc=0x7c0c1d9700]
[15012|15012] event_addr:0x7c0c1d9700 hit_count:967, Regs:
[x0=0x1,x1=0x5f5c8f3598,x2=0x1,x3=0x7fd3b201e8,x4=0x0,x5=0x1414d4c,x6=0x1414d4c,x7=0x0,x8=0x9b504536b1897347,x9=0x9b504536b1897347,x10=0x9b504536b1897347,x11=0x3e8,x12=0x3,x13=0x706f6f6c5f657469,x14=0x7c0fa4e280,x15=0x0,x16=0x5f5c8f5a00,x17=0x7c0c1d9700,x18=0x7c0f35c000,x19=0x5f5c8f470c,x20=0x1,x21=0x1,x22=0x7fd3b20218,x23=0x7fd3b20220,x24=0x0,x25=0x0,x26=0x0,x27=0x0,x28=0x0,x29=0x7fd3b20190,lr=0x5f5c8f4734,sp=0x7fd3b20180,pc=0x7c0c1d9700]
[15012|15012] event_addr:0x7c0c1d9700 hit_count:968, Regs:
[x0=0x1,x1=0x5f5c8f3598,x2=0x1,x3=0x7fd3b201e8,x4=0x0,x5=0x1414d4c,x6=0x1414d4c,x7=0x0,x8=0x9b504536b1897347,x9=0x9b504536b1897347,x10=0x9b504536b1897347,x11=0x3e8,x12=0x3,x13=0x706f6f6c5f657469,x14=0x7c0fa4e280,x15=0x0,x16=0x5f5c8f5a00,x17=0x7c0c1d9700,x18=0x7c0f35c000,x19=0x5f5c8f470c,x20=0x1,x21=0x1,x22=0x7fd3b20218,x23=0x7fd3b20220,x24=0x0,x25=0x0,x26=0x0,x27=0x0,x28=0x0,x29=0x7fd3b20190,lr=0x5f5c8f4734,sp=0x7fd3b20180,pc=0x7c0c1d9700]
[15012|15012] event_addr:0x7c0c1d9700 hit_count:969, Regs:
[x0=0x1,x1=0x5f5c8f3598,x2=0x1,x3=0x7fd3b201e8,x4=0x0,x5=0x1414d4c,x6=0x1414d4c,x7=0x0,x8=0x9b504536b1897347,x9=0x9b504536b1897347,x10=0x9b504536b1897347,x11=0x3e8,x12=0x3,x13=0x706f6f6c5f657469,x14=0x7c0fa4e280,x15=0x0,x16=0x5f5c8f5a00,x17=0x7c0c1d9700,x18=0x7c0f35c000,x19=0x5f5c8f470c,x20=0x1,x21=0x1,x22=0x7fd3b20218,x23=0x7fd3b20220,x24=0x0,x25=0x0,x26=0x0,x27=0x0,x28=0x0,x29=0x7fd3b20190,lr=0x5f5c8f4734,sp=0x7fd3b20180,pc=0x7c0c1d9700]
[15012|15012] event_addr:0x7c0c1d9700 hit_count:970, Regs:
[x0=0x1,x1=0x5f5c8f3598,x2=0x1,x3=0x7fd3b201e8,x4=0x0,x5=0x1414d4c,x6=0x1414d4c,x7=0x0,x8=0x9b504536b1897347,x9=0x9b504536b1897347,x10=0x9b504536b1897347,x11=0x3e8,x12=0x3,x13=0x706f6f6c5f657469,x14=0x7c0fa4e280,x15=0x0,x16=0x5f5c8f5a00,x17=0x7c0c1d9700,x18=0x7c0f35c000,x19=0x5f5c8f470c,x20=0x1,x21=0x1,x22=0x7fd3b20218,x23=0x7fd3b20220,x24=0x0,x25=0x0,x26=0x0,x27=0x0,x28=0x0,x29=0x7fd3b20190,lr=0x5f5c8f4734,sp=0x7fd3b20180,pc=0x7c0c1d9700]
[15012|15012] event_addr:0x7c0c1d9700 hit_count:971, Regs:
[x0=0x1,x1=0x5f5c8f3598,x2=0x1,x3=0x7fd3b201e8,x4=0x0,x5=0x1414d4c,x6=0x1414d4c,x7=0x0,x8=0x9b504536b1897347,x9=0x9b504536b1897347,x10=0x9b504536b1897347,x11=0x3e8,x12=0x3,x13=0x706f6f6c5f657469,x14=0x7c0fa4e280,x15=0x0,x16=0x5f5c8f5a00,x17=0x7c0c1d9700,x18=0x7c0f35c000,x19=0x5f5c8f470c,x20=0x1,x21=0x1,x22=0x7fd3b20218,x23=0x7fd3b20220,x24=0x0,x25=0x0,x26=0x0,x27=0x0,x28=0x0,x29=0x7fd3b20190,lr=0x5f5c8f4734,sp=0x7fd3b20180,pc=0x7c0c1d9700]
[15012|15012] event_addr:0x7c0c1d9700 hit_count:972, Regs:
[x0=0x1,x1=0x5f5c8f3598,x2=0x1,x3=0x7fd3b201e8,x4=0x0,x5=0x1414d4c,x6=0x1414d4c,x7=0x0,x8=0x9b504536b1897347,x9=0x9b504536b1897347,x10=0x9b504536b1897347,x11=0x3e8,x12=0x3,x13=0x706f6f6c5f657469,x14=0x7c0fa4e280,x15=0x0,x16=0x5f5c8f5a00,x17=0x7c0c1d9700,x18=0x7c0f35c000,x19=0x5f5c8f470c,x20=0x1,x21=0x1,x22=0x7fd3b20218,x23=0x7fd3b20220,x24=0x0,x25=0x0,x26=0x0,x27=0x0,x28=0x0,x29=0x7fd3b20190,lr=0x5f5c8f4734,sp=0x7fd3b20180,pc=0x7c0c1d9700]
[15012|15012] event_addr:0x7c0c1d9700 hit_count:973, Regs:
[x0=0x1,x1=0x5f5c8f3598,x2=0x1,x3=0x7fd3b201e8,x4=0x0,x5=0x1414d4c,x6=0x1414d4c,x7=0x0,x8=0x9b504536b1897347,x9=0x9b504536b1897347,x10=0x9b504536b1897347,x11=0x3e8,x12=0x3,x13=0x706f6f6c5f657469,x14=0x7c0fa4e280,x15=0x0,x16=0x5f5c8f5a00,x17=0x7c0c1d9700,x18=0x7c0f35c000,x19=0x5f5c8f470c,x20=0x1,x21=0x1,x22=0x7fd3b20218,x23=0x7fd3b20220,x24=0x0,x25=0x0,x26=0x0,x27=0x0,x28=0x0,x29=0x7fd3b20190,lr=0x5f5c8f4734,sp=0x7fd3b20180,pc=0x7c0c1d9700]
[15012|15012] event_addr:0x7c0c1d9700 hit_count:974, Regs:
[x0=0x1,x1=0x5f5c8f3598,x2=0x1,x3=0x7fd3b201e8,x4=0x0,x5=0x1414d4c,x6=0x1414d4c,x7=0x0,x8=0x9b504536b1897347,x9=0x9b504536b1897347,x10=0x9b504536b1897347,x11=0x3e8,x12=0x3,x13=0x706f6f6c5f657469,x14=0x7c0fa4e280,x15=0x0,x16=0x5f5c8f5a00,x17=0x7c0c1d9700,x18=0x7c0f35c000,x19=0x5f5c8f470c,x20=0x1,x21=0x1,x22=0x7fd3b20218,x23=0x7fd3b20220,x24=0x0,x25=0x0,x26=0x0,x27=0x0,x28=0x0,x29=0x7fd3b20190,lr=0x5f5c8f4734,sp=0x7fd3b20180,pc=0x7c0c1d9700]
[15012|15012] event_addr:0x7c0c1d9700 hit_count:975, Regs:
[x0=0x1,x1=0x5f5c8f3598,x2=0x1,x3=0x7fd3b201e8,x4=0x0,x5=0x1414d4c,x6=0x1414d4c,x7=0x0,x8=0x9b504536b1897347,x9=0x9b504536b1897347,x10=0x9b504536b1897347,x11=0x3e8,x12=0x3,x13=0x706f6f6c5f657469,x14=0x7c0fa4e280,x15=0x0,x16=0x5f5c8f5a00,x17=0x7c0c1d9700,x18=0x7c0f35c000,x19=0x5f5c8f470c,x20=0x1,x21=0x1,x22=0x7fd3b20218,x23=0x7fd3b20220,x24=0x0,x25=0x0,x26=0x0,x27=0x0,x28=0x0,x29=0x7fd3b20190,lr=0x5f5c8f4734,sp=0x7fd3b20180,pc=0x7c0c1d9700]
[15012|15012] event_addr:0x7c0c1d9700 hit_count:976, Regs:
[x0=0x1,x1=0x5f5c8f3598,x2=0x1,x3=0x7fd3b201e8,x4=0x0,x5=0x1414d4c,x6=0x1414d4c,x7=0x0,x8=0x9b504536b1897347,x9=0x9b504536b1897347,x10=0x9b504536b1897347,x11=0x3e8,x12=0x3,x13=0x706f6f6c5f657469,x14=0x7c0fa4e280,x15=0x0,x16=0x5f5c8f5a00,x17=0x7c0c1d9700,x18=0x7c0f35c000,x19=0x5f5c8f470c,x20=0x1,x21=0x1,x22=0x7fd3b20218,x23=0x7fd3b20220,x24=0x0,x25=0x0,x26=0x0,x27=0x0,x28=0x0,x29=0x7fd3b20190,lr=0x5f5c8f4734,sp=0x7fd3b20180,pc=0x7c0c1d9700]
[15012|15012] event_addr:0x7c0c1d9700 hit_count:977, Regs:
[x0=0x1,x1=0x5f5c8f3598,x2=0x1,x3=0x7fd3b201e8,x4=0x0,x5=0x1414d4c,x6=0x1414d4c,x7=0x0,x8=0x9b504536b1897347,x9=0x9b504536b1897347,x10=0x9b504536b1897347,x11=0x3e8,x12=0x3,x13=0x706f6f6c5f657469,x14=0x7c0fa4e280,x15=0x0,x16=0x5f5c8f5a00,x17=0x7c0c1d9700,x18=0x7c0f35c000,x19=0x5f5c8f470c,x20=0x1,x21=0x1,x22=0x7fd3b20218,x23=0x7fd3b20220,x24=0x0,x25=0x0,x26=0x0,x27=0x0,x28=0x0,x29=0x7fd3b20190,lr=0x5f5c8f4734,sp=0x7fd3b20180,pc=0x7c0c1d9700]
[15012|15012] event_addr:0x7c0c1d9700 hit_count:978, Regs:
[x0=0x1,x1=0x5f5c8f3598,x2=0x1,x3=0x7fd3b201e8,x4=0x0,x5=0x1414d4c,x6=0x1414d4c,x7=0x0,x8=0x9b504536b1897347,x9=0x9b504536b1897347,x10=0x9b504536b1897347,x11=0x3e8,x12=0x3,x13=0x706f6f6c5f657469,x14=0x7c0fa4e280,x15=0x0,x16=0x5f5c8f5a00,x17=0x7c0c1d9700,x18=0x7c0f35c000,x19=0x5f5c8f470c,x20=0x1,x21=0x1,x22=0x7fd3b20218,x23=0x7fd3b20220,x24=0x0,x25=0x0,x26=0x0,x27=0x0,x28=0x0,x29=0x7fd3b20190,lr=0x5f5c8f4734,sp=0x7fd3b20180,pc=0x7c0c1d9700]
[15012|15012] event_addr:0x7c0c1d9700 hit_count:979, Regs:
[x0=0x1,x1=0x5f5c8f3598,x2=0x1,x3=0x7fd3b201e8,x4=0x0,x5=0x1414d4c,x6=0x1414d4c,x7=0x0,x8=0x9b504536b1897347,x9=0x9b504536b1897347,x10=0x9b504536b1897347,x11=0x3e8,x12=0x3,x13=0x706f6f6c5f657469,x14=0x7c0fa4e280,x15=0x0,x16=0x5f5c8f5a00,x17=0x7c0c1d9700,x18=0x7c0f35c000,x19=0x5f5c8f470c,x20=0x1,x21=0x1,x22=0x7fd3b20218,x23=0x7fd3b20220,x24=0x0,x25=0x0,x26=0x0,x27=0x0,x28=0x0,x29=0x7fd3b20190,lr=0x5f5c8f4734,sp=0x7fd3b20180,pc=0x7c0c1d9700]
[15012|15012] event_addr:0x7c0c1d9700 hit_count:980, Regs:
[x0=0x1,x1=0x5f5c8f3598,x2=0x1,x3=0x7fd3b201e8,x4=0x0,x5=0x1414d4c,x6=0x1414d4c,x7=0x0,x8=0x9b504536b1897347,x9=0x9b504536b1897347,x10=0x9b504536b1897347,x11=0x3e8,x12=0x3,x13=0x706f6f6c5f657469,x14=0x7c0fa4e280,x15=0x0,x16=0x5f5c8f5a00,x17=0x7c0c1d9700,x18=0x7c0f35c000,x19=0x5f5c8f470c,x20=0x1,x21=0x1,x22=0x7fd3b20218,x23=0x7fd3b20220,x24=0x0,x25=0x0,x26=0x0,x27=0x0,x28=0x0,x29=0x7fd3b20190,lr=0x5f5c8f4734,sp=0x7fd3b20180,pc=0x7c0c1d9700]
[15012|15012] event_addr:0x7c0c1d9700 hit_count:981, Regs:
[x0=0x1,x1=0x5f5c8f3598,x2=0x1,x3=0x7fd3b201e8,x4=0x0,x5=0x1414d4c,x6=0x1414d4c,x7=0x0,x8=0x9b504536b1897347,x9=0x9b504536b1897347,x10=0x9b504536b1897347,x11=0x3e8,x12=0x3,x13=0x706f6f6c5f657469,x14=0x7c0fa4e280,x15=0x0,x16=0x5f5c8f5a00,x17=0x7c0c1d9700,x18=0x7c0f35c000,x19=0x5f5c8f470c,x20=0x1,x21=0x1,x22=0x7fd3b20218,x23=0x7fd3b20220,x24=0x0,x25=0x0,x26=0x0,x27=0x0,x28=0x0,x29=0x7fd3b20190,lr=0x5f5c8f4734,sp=0x7fd3b20180,pc=0x7c0c1d9700]
[15012|15012] event_addr:0x7c0c1d9700 hit_count:982, Regs:
[x0=0x1,x1=0x5f5c8f3598,x2=0x1,x3=0x7fd3b201e8,x4=0x0,x5=0x1414d4c,x6=0x1414d4c,x7=0x0,x8=0x9b504536b1897347,x9=0x9b504536b1897347,x10=0x9b504536b1897347,x11=0x3e8,x12=0x3,x13=0x706f6f6c5f657469,x14=0x7c0fa4e280,x15=0x0,x16=0x5f5c8f5a00,x17=0x7c0c1d9700,x18=0x7c0f35c000,x19=0x5f5c8f470c,x20=0x1,x21=0x1,x22=0x7fd3b20218,x23=0x7fd3b20220,x24=0x0,x25=0x0,x26=0x0,x27=0x0,x28=0x0,x29=0x7fd3b20190,lr=0x5f5c8f4734,sp=0x7fd3b20180,pc=0x7c0c1d9700]
[15012|15012] event_addr:0x7c0c1d9700 hit_count:983, Regs:
[x0=0x1,x1=0x5f5c8f3598,x2=0x1,x3=0x7fd3b201e8,x4=0x0,x5=0x1414d4c,x6=0x1414d4c,x7=0x0,x8=0x9b504536b1897347,x9=0x9b504536b1897347,x10=0x9b504536b1897347,x11=0x3e8,x12=0x3,x13=0x706f6f6c5f657469,x14=0x7c0fa4e280,x15=0x0,x16=0x5f5c8f5a00,x17=0x7c0c1d9700,x18=0x7c0f35c000,x19=0x5f5c8f470c,x20=0x1,x21=0x1,x22=0x7fd3b20218,x23=0x7fd3b20220,x24=0x0,x25=0x0,x26=0x0,x27=0x0,x28=0x0,x29=0x7fd3b20190,lr=0x5f5c8f4734,sp=0x7fd3b20180,pc=0x7c0c1d9700]
[15012|15012] event_addr:0x7c0c1d9700 hit_count:984, Regs:
[x0=0x1,x1=0x5f5c8f3598,x2=0x1,x3=0x7fd3b201e8,x4=0x0,x5=0x1414d4c,x6=0x1414d4c,x7=0x0,x8=0x9b504536b1897347,x9=0x9b504536b1897347,x10=0x9b504536b1897347,x11=0x3e8,x12=0x3,x13=0x706f6f6c5f657469,x14=0x7c0fa4e280,x15=0x0,x16=0x5f5c8f5a00,x17=0x7c0c1d9700,x18=0x7c0f35c000,x19=0x5f5c8f470c,x20=0x1,x21=0x1,x22=0x7fd3b20218,x23=0x7fd3b20220,x24=0x0,x25=0x0,x26=0x0,x27=0x0,x28=0x0,x29=0x7fd3b20190,lr=0x5f5c8f4734,sp=0x7fd3b20180,pc=0x7c0c1d9700]
[15012|15012] event_addr:0x7c0c1d9700 hit_count:985, Regs:
[x0=0x1,x1=0x5f5c8f3598,x2=0x1,x3=0x7fd3b201e8,x4=0x0,x5=0x1414d4c,x6=0x1414d4c,x7=0x0,x8=0x9b504536b1897347,x9=0x9b504536b1897347,x10=0x9b504536b1897347,x11=0x3e8,x12=0x3,x13=0x706f6f6c5f657469,x14=0x7c0fa4e280,x15=0x0,x16=0x5f5c8f5a00,x17=0x7c0c1d9700,x18=0x7c0f35c000,x19=0x5f5c8f470c,x20=0x1,x21=0x1,x22=0x7fd3b20218,x23=0x7fd3b20220,x24=0x0,x25=0x0,x26=0x0,x27=0x0,x28=0x0,x29=0x7fd3b20190,lr=0x5f5c8f4734,sp=0x7fd3b20180,pc=0x7c0c1d9700]
[15012|15012] event_addr:0x7c0c1d9700 hit_count:986, Regs:
[x0=0x1,x1=0x5f5c8f3598,x2=0x1,x3=0x7fd3b201e8,x4=0x0,x5=0x1414d4c,x6=0x1414d4c,x7=0x0,x8=0x9b504536b1897347,x9=0x9b504536b1897347,x10=0x9b504536b1897347,x11=0x3e8,x12=0x3,x13=0x706f6f6c5f657469,x14=0x7c0fa4e280,x15=0x0,x16=0x5f5c8f5a00,x17=0x7c0c1d9700,x18=0x7c0f35c000,x19=0x5f5c8f470c,x20=0x1,x21=0x1,x22=0x7fd3b20218,x23=0x7fd3b20220,x24=0x0,x25=0x0,x26=0x0,x27=0x0,x28=0x0,x29=0x7fd3b20190,lr=0x5f5c8f4734,sp=0x7fd3b20180,pc=0x7c0c1d9700]
[15012|15012] event_addr:0x7c0c1d9700 hit_count:987, Regs:
[x0=0x1,x1=0x5f5c8f3598,x2=0x1,x3=0x7fd3b201e8,x4=0x0,x5=0x1414d4c,x6=0x1414d4c,x7=0x0,x8=0x9b504536b1897347,x9=0x9b504536b1897347,x10=0x9b504536b1897347,x11=0x3e8,x12=0x3,x13=0x706f6f6c5f657469,x14=0x7c0fa4e280,x15=0x0,x16=0x5f5c8f5a00,x17=0x7c0c1d9700,x18=0x7c0f35c000,x19=0x5f5c8f470c,x20=0x1,x21=0x1,x22=0x7fd3b20218,x23=0x7fd3b20220,x24=0x0,x25=0x0,x26=0x0,x27=0x0,x28=0x0,x29=0x7fd3b20190,lr=0x5f5c8f4734,sp=0x7fd3b20180,pc=0x7c0c1d9700]
[15012|15012] event_addr:0x7c0c1d9700 hit_count:988, Regs:
[x0=0x1,x1=0x5f5c8f3598,x2=0x1,x3=0x7fd3b201e8,x4=0x0,x5=0x1414d4c,x6=0x1414d4c,x7=0x0,x8=0x9b504536b1897347,x9=0x9b504536b1897347,x10=0x9b504536b1897347,x11=0x3e8,x12=0x3,x13=0x706f6f6c5f657469,x14=0x7c0fa4e280,x15=0x0,x16=0x5f5c8f5a00,x17=0x7c0c1d9700,x18=0x7c0f35c000,x19=0x5f5c8f470c,x20=0x1,x21=0x1,x22=0x7fd3b20218,x23=0x7fd3b20220,x24=0x0,x25=0x0,x26=0x0,x27=0x0,x28=0x0,x29=0x7fd3b20190,lr=0x5f5c8f4734,sp=0x7fd3b20180,pc=0x7c0c1d9700]
[15012|15012] event_addr:0x7c0c1d9700 hit_count:989, Regs:
[x0=0x1,x1=0x5f5c8f3598,x2=0x1,x3=0x7fd3b201e8,x4=0x0,x5=0x1414d4c,x6=0x1414d4c,x7=0x0,x8=0x9b504536b1897347,x9=0x9b504536b1897347,x10=0x9b504536b1897347,x11=0x3e8,x12=0x3,x13=0x706f6f6c5f657469,x14=0x7c0fa4e280,x15=0x0,x16=0x5f5c8f5a00,x17=0x7c0c1d9700,x18=0x7c0f35c000,x19=0x5f5c8f470c,x20=0x1,x21=0x1,x22=0x7fd3b20218,x23=0x7fd3b20220,x24=0x0,x25=0x0,x26=0x0,x27=0x0,x28=0x0,x29=0x7fd3b20190,lr=0x5f5c8f4734,sp=0x7fd3b20180,pc=0x7c0c1d9700]
[15012|15012] event_addr:0x7c0c1d9700 hit_count:990, Regs:
[x0=0x1,x1=0x5f5c8f3598,x2=0x1,x3=0x7fd3b201e8,x4=0x0,x5=0x1414d4c,x6=0x1414d4c,x7=0x0,x8=0x9b504536b1897347,x9=0x9b504536b1897347,x10=0x9b504536b1897347,x11=0x3e8,x12=0x3,x13=0x706f6f6c5f657469,x14=0x7c0fa4e280,x15=0x0,x16=0x5f5c8f5a00,x17=0x7c0c1d9700,x18=0x7c0f35c000,x19=0x5f5c8f470c,x20=0x1,x21=0x1,x22=0x7fd3b20218,x23=0x7fd3b20220,x24=0x0,x25=0x0,x26=0x0,x27=0x0,x28=0x0,x29=0x7fd3b20190,lr=0x5f5c8f4734,sp=0x7fd3b20180,pc=0x7c0c1d9700]
[15012|15012] event_addr:0x7c0c1d9700 hit_count:991, Regs:
[x0=0x1,x1=0x5f5c8f3598,x2=0x1,x3=0x7fd3b201e8,x4=0x0,x5=0x1414d4c,x6=0x1414d4c,x7=0x0,x8=0x9b504536b1897347,x9=0x9b504536b1897347,x10=0x9b504536b1897347,x11=0x3e8,x12=0x3,x13=0x706f6f6c5f657469,x14=0x7c0fa4e280,x15=0x0,x16=0x5f5c8f5a00,x17=0x7c0c1d9700,x18=0x7c0f35c000,x19=0x5f5c8f470c,x20=0x1,x21=0x1,x22=0x7fd3b20218,x23=0x7fd3b20220,x24=0x0,x25=0x0,x26=0x0,x27=0x0,x28=0x0,x29=0x7fd3b20190,lr=0x5f5c8f4734,sp=0x7fd3b20180,pc=0x7c0c1d9700]
[15012|15012] event_addr:0x7c0c1d9700 hit_count:992, Regs:
[x0=0x1,x1=0x5f5c8f3598,x2=0x1,x3=0x7fd3b201e8,x4=0x0,x5=0x1414d4c,x6=0x1414d4c,x7=0x0,x8=0x9b504536b1897347,x9=0x9b504536b1897347,x10=0x9b504536b1897347,x11=0x3e8,x12=0x3,x13=0x706f6f6c5f657469,x14=0x7c0fa4e280,x15=0x0,x16=0x5f5c8f5a00,x17=0x7c0c1d9700,x18=0x7c0f35c000,x19=0x5f5c8f470c,x20=0x1,x21=0x1,x22=0x7fd3b20218,x23=0x7fd3b20220,x24=0x0,x25=0x0,x26=0x0,x27=0x0,x28=0x0,x29=0x7fd3b20190,lr=0x5f5c8f4734,sp=0x7fd3b20180,pc=0x7c0c1d9700]
[15012|15012] event_addr:0x7c0c1d9700 hit_count:993, Regs:
[x0=0x1,x1=0x5f5c8f3598,x2=0x1,x3=0x7fd3b201e8,x4=0x0,x5=0x1414d4c,x6=0x1414d4c,x7=0x0,x8=0x9b504536b1897347,x9=0x9b504536b1897347,x10=0x9b504536b1897347,x11=0x3e8,x12=0x3,x13=0x706f6f6c5f657469,x14=0x7c0fa4e280,x15=0x0,x16=0x5f5c8f5a00,x17=0x7c0c1d9700,x18=0x7c0f35c000,x19=0x5f5c8f470c,x20=0x1,x21=0x1,x22=0x7fd3b20218,x23=0x7fd3b20220,x24=0x0,x25=0x0,x26=0x0,x27=0x0,x28=0x0,x29=0x7fd3b20190,lr=0x5f5c8f4734,sp=0x7fd3b20180,pc=0x7c0c1d9700]
[15012|15012] event_addr:0x7c0c1d9700 hit_count:994, Regs:
[x0=0x1,x1=0x5f5c8f3598,x2=0x1,x3=0x7fd3b201e8,x4=0x0,x5=0x1414d4c,x6=0x1414d4c,x7=0x0,x8=0x9b504536b1897347,x9=0x9b504536b1897347,x10=0x9b504536b1897347,x11=0x3e8,x12=0x3,x13=0x706f6f6c5f657469,x14=0x7c0fa4e280,x15=0x0,x16=0x5f5c8f5a00,x17=0x7c0c1d9700,x18=0x7c0f35c000,x19=0x5f5c8f470c,x20=0x1,x21=0x1,x22=0x7fd3b20218,x23=0x7fd3b20220,x24=0x0,x25=0x0,x26=0x0,x27=0x0,x28=0x0,x29=0x7fd3b20190,lr=0x5f5c8f4734,sp=0x7fd3b20180,pc=0x7c0c1d9700]
[15012|15012] event_addr:0x7c0c1d9700 hit_count:995, Regs:
[x0=0x1,x1=0x5f5c8f3598,x2=0x1,x3=0x7fd3b201e8,x4=0x0,x5=0x1414d4c,x6=0x1414d4c,x7=0x0,x8=0x9b504536b1897347,x9=0x9b504536b1897347,x10=0x9b504536b1897347,x11=0x3e8,x12=0x3,x13=0x706f6f6c5f657469,x14=0x7c0fa4e280,x15=0x0,x16=0x5f5c8f5a00,x17=0x7c0c1d9700,x18=0x7c0f35c000,x19=0x5f5c8f470c,x20=0x1,x21=0x1,x22=0x7fd3b20218,x23=0x7fd3b20220,x24=0x0,x25=0x0,x26=0x0,x27=0x0,x28=0x0,x29=0x7fd3b20190,lr=0x5f5c8f4734,sp=0x7fd3b20180,pc=0x7c0c1d9700]
[15012|15012] event_addr:0x7c0c1d9700 hit_count:996, Regs:
[x0=0x1,x1=0x5f5c8f3598,x2=0x1,x3=0x7fd3b201e8,x4=0x0,x5=0x1414d4c,x6=0x1414d4c,x7=0x0,x8=0x9b504536b1897347,x9=0x9b504536b1897347,x10=0x9b504536b1897347,x11=0x3e8,x12=0x3,x13=0x706f6f6c5f657469,x14=0x7c0fa4e280,x15=0x0,x16=0x5f5c8f5a00,x17=0x7c0c1d9700,x18=0x7c0f35c000,x19=0x5f5c8f470c,x20=0x1,x21=0x1,x22=0x7fd3b20218,x23=0x7fd3b20220,x24=0x0,x25=0x0,x26=0x0,x27=0x0,x28=0x0,x29=0x7fd3b20190,lr=0x5f5c8f4734,sp=0x7fd3b20180,pc=0x7c0c1d9700]
[15012|15012] event_addr:0x7c0c1d9700 hit_count:997, Regs:
[x0=0x1,x1=0x5f5c8f3598,x2=0x1,x3=0x7fd3b201e8,x4=0x0,x5=0x1414d4c,x6=0x1414d4c,x7=0x0,x8=0x9b504536b1897347,x9=0x9b504536b1897347,x10=0x9b504536b1897347,x11=0x3e8,x12=0x3,x13=0x706f6f6c5f657469,x14=0x7c0fa4e280,x15=0x0,x16=0x5f5c8f5a00,x17=0x7c0c1d9700,x18=0x7c0f35c000,x19=0x5f5c8f470c,x20=0x1,x21=0x1,x22=0x7fd3b20218,x23=0x7fd3b20220,x24=0x0,x25=0x0,x26=0x0,x27=0x0,x28=0x0,x29=0x7fd3b20190,lr=0x5f5c8f4734,sp=0x7fd3b20180,pc=0x7c0c1d9700]
[15012|15012] event_addr:0x7c0c1d9700 hit_count:998, Regs:
[x0=0x1,x1=0x5f5c8f3598,x2=0x1,x3=0x7fd3b201e8,x4=0x0,x5=0x1414d4c,x6=0x1414d4c,x7=0x0,x8=0x9b504536b1897347,x9=0x9b504536b1897347,x10=0x9b504536b1897347,x11=0x3e8,x12=0x3,x13=0x706f6f6c5f657469,x14=0x7c0fa4e280,x15=0x0,x16=0x5f5c8f5a00,x17=0x7c0c1d9700,x18=0x7c0f35c000,x19=0x5f5c8f470c,x20=0x1,x21=0x1,x22=0x7fd3b20218,x23=0x7fd3b20220,x24=0x0,x25=0x0,x26=0x0,x27=0x0,x28=0x0,x29=0x7fd3b20190,lr=0x5f5c8f4734,sp=0x7fd3b20180,pc=0x7c0c1d9700]
[15012|15012] event_addr:0x7c0c1d9700 hit_count:999, Regs:
[x0=0x1,x1=0x5f5c8f3598,x2=0x1,x3=0x7fd3b201e8,x4=0x0,x5=0x1414d4c,x6=0x1414d4c,x7=0x0,x8=0x9b504536b1897347,x9=0x9b504536b1897347,x10=0x9b504536b1897347,x11=0x3e8,x12=0x3,x13=0x706f6f6c5f657469,x14=0x7c0fa4e280,x15=0x0,x16=0x5f5c8f5a00,x17=0x7c0c1d9700,x18=0x7c0f35c000,x19=0x5f5c8f470c,x20=0x1,x21=0x1,x22=0x7fd3b20218,x23=0x7fd3b20220,x24=0x0,x25=0x0,x26=0x0,x27=0x0,x28=0x0,x29=0x7fd3b20190,lr=0x5f5c8f4734,sp=0x7fd3b20180,pc=0x7c0c1d9700]
[15012|15012] event_addr:0x7c0c1d9700 hit_count:1000, Regs:
[x0=0x1,x1=0x5f5c8f3598,x2=0x1,x3=0x7fd3b201e8,x4=0x0,x5=0x1414d4c,x6=0x1414d4c,x7=0x0,x8=0x9b504536b1897347,x9=0x9b504536b1897347,x10=0x9b504536b1897347,x11=0x3e8,x12=0x3,x13=0x706f6f6c5f657469,x14=0x7c0fa4e280,x15=0x0,x16=0x5f5c8f5a00,x17=0x7c0c1d9700,x18=0x7c0f35c000,x19=0x5f5c8f470c,x20=0x1,x21=0x1,x22=0x7fd3b20218,x23=0x7fd3b20220,x24=0x0,x25=0x0,x26=0x0,x27=0x0,x28=0x0,x29=0x7fd3b20190,lr=0x5f5c8f4734,sp=0x7fd3b20180,pc=0x7c0c1d9700]
[15012|15012] event_addr:0x7c0c1d9700 hit_count:1001, Regs:
[x0=0x1,x1=0x5f5c8f3598,x2=0x1,x3=0x7fd3b201e8,x4=0x0,x5=0x1414d4c,x6=0x1414d4c,x7=0x0,x8=0x9b504536b1897347,x9=0x9b504536b1897347,x10=0x9b504536b1897347,x11=0x3e8,x12=0x3,x13=0x706f6f6c5f657469,x14=0x7c0fa4e280,x15=0x0,x16=0x5f5c8f5a00,x17=0x7c0c1d9700,x18=0x7c0f35c000,x19=0x5f5c8f470c,x20=0x1,x21=0x1,x22=0x7fd3b20218,x23=0x7fd3b20220,x24=0x0,x25=0x0,x26=0x0,x27=0x0,x28=0x0,x29=0x7fd3b20190,lr=0x5f5c8f4734,sp=0x7fd3b20180,pc=0x7c0c1d9700]
[15012|15012] event_addr:0x7c0c1d9700 hit_count:1002, Regs:
[x0=0x1,x1=0x5f5c8f3598,x2=0x1,x3=0x7fd3b201e8,x4=0x0,x5=0x1414d4c,x6=0x1414d4c,x7=0x0,x8=0x9b504536b1897347,x9=0x9b504536b1897347,x10=0x9b504536b1897347,x11=0x3e8,x12=0x3,x13=0x706f6f6c5f657469,x14=0x7c0fa4e280,x15=0x0,x16=0x5f5c8f5a00,x17=0x7c0c1d9700,x18=0x7c0f35c000,x19=0x5f5c8f470c,x20=0x1,x21=0x1,x22=0x7fd3b20218,x23=0x7fd3b20220,x24=0x0,x25=0x0,x26=0x0,x27=0x0,x28=0x0,x29=0x7fd3b20190,lr=0x5f5c8f4734,sp=0x7fd3b20180,pc=0x7c0c1d9700]
[15012|15012] event_addr:0x7c0c1d9700 hit_count:1003, Regs:
[x0=0x1,x1=0x5f5c8f3598,x2=0x1,x3=0x7fd3b201e8,x4=0x0,x5=0x1414d4c,x6=0x1414d4c,x7=0x0,x8=0x9b504536b1897347,x9=0x9b504536b1897347,x10=0x9b504536b1897347,x11=0x3e8,x12=0x3,x13=0x706f6f6c5f657469,x14=0x7c0fa4e280,x15=0x0,x16=0x5f5c8f5a00,x17=0x7c0c1d9700,x18=0x7c0f35c000,x19=0x5f5c8f470c,x20=0x1,x21=0x1,x22=0x7fd3b20218,x23=0x7fd3b20220,x24=0x0,x25=0x0,x26=0x0,x27=0x0,x28=0x0,x29=0x7fd3b20190,lr=0x5f5c8f4734,sp=0x7fd3b20180,pc=0x7c0c1d9700]
[15012|15012] event_addr:0x7c0c1d9700 hit_count:1004, Regs:
[x0=0x1,x1=0x5f5c8f3598,x2=0x1,x3=0x7fd3b201e8,x4=0x0,x5=0x1414d4c,x6=0x1414d4c,x7=0x0,x8=0x9b504536b1897347,x9=0x9b504536b1897347,x10=0x9b504536b1897347,x11=0x3e8,x12=0x3,x13=0x706f6f6c5f657469,x14=0x7c0fa4e280,x15=0x0,x16=0x5f5c8f5a00,x17=0x7c0c1d9700,x18=0x7c0f35c000,x19=0x5f5c8f470c,x20=0x1,x21=0x1,x22=0x7fd3b20218,x23=0x7fd3b20220,x24=0x0,x25=0x0,x26=0x0,x27=0x0,x28=0x0,x29=0x7fd3b20190,lr=0x5f5c8f4734,sp=0x7fd3b20180,pc=0x7c0c1d9700]
[15012|15012] event_addr:0x7c0c1d9700 hit_count:1005, Regs:
[x0=0x1,x1=0x5f5c8f3598,x2=0x1,x3=0x7fd3b201e8,x4=0x0,x5=0x1414d4c,x6=0x1414d4c,x7=0x0,x8=0x9b504536b1897347,x9=0x9b504536b1897347,x10=0x9b504536b1897347,x11=0x3e8,x12=0x3,x13=0x706f6f6c5f657469,x14=0x7c0fa4e280,x15=0x0,x16=0x5f5c8f5a00,x17=0x7c0c1d9700,x18=0x7c0f35c000,x19=0x5f5c8f470c,x20=0x1,x21=0x1,x22=0x7fd3b20218,x23=0x7fd3b20220,x24=0x0,x25=0x0,x26=0x0,x27=0x0,x28=0x0,x29=0x7fd3b20190,lr=0x5f5c8f4734,sp=0x7fd3b20180,pc=0x7c0c1d9700]
[15012|15012] event_addr:0x7c0c1d9700 hit_count:1006, Regs:
[x0=0x1,x1=0x5f5c8f3598,x2=0x1,x3=0x7fd3b201e8,x4=0x0,x5=0x1414d4c,x6=0x1414d4c,x7=0x0,x8=0x9b504536b1897347,x9=0x9b504536b1897347,x10=0x9b504536b1897347,x11=0x3e8,x12=0x3,x13=0x706f6f6c5f657469,x14=0x7c0fa4e280,x15=0x0,x16=0x5f5c8f5a00,x17=0x7c0c1d9700,x18=0x7c0f35c000,x19=0x5f5c8f470c,x20=0x1,x21=0x1,x22=0x7fd3b20218,x23=0x7fd3b20220,x24=0x0,x25=0x0,x26=0x0,x27=0x0,x28=0x0,x29=0x7fd3b20190,lr=0x5f5c8f4734,sp=0x7fd3b20180,pc=0x7c0c1d9700]
[15012|15012] event_addr:0x7c0c1d9700 hit_count:1007, Regs:
[x0=0x1,x1=0x5f5c8f3598,x2=0x1,x3=0x7fd3b201e8,x4=0x0,x5=0x1414d4c,x6=0x1414d4c,x7=0x0,x8=0x9b504536b1897347,x9=0x9b504536b1897347,x10=0x9b504536b1897347,x11=0x3e8,x12=0x3,x13=0x706f6f6c5f657469,x14=0x7c0fa4e280,x15=0x0,x16=0x5f5c8f5a00,x17=0x7c0c1d9700,x18=0x7c0f35c000,x19=0x5f5c8f470c,x20=0x1,x21=0x1,x22=0x7fd3b20218,x23=0x7fd3b20220,x24=0x0,x25=0x0,x26=0x0,x27=0x0,x28=0x0,x29=0x7fd3b20190,lr=0x5f5c8f4734,sp=0x7fd3b20180,pc=0x7c0c1d9700]
[15012|15012] event_addr:0x7c0c1d9700 hit_count:1008, Regs:
[x0=0x1,x1=0x5f5c8f3598,x2=0x1,x3=0x7fd3b201e8,x4=0x0,x5=0x1414d4c,x6=0x1414d4c,x7=0x0,x8=0x9b504536b1897347,x9=0x9b504536b1897347,x10=0x9b504536b1897347,x11=0x3e8,x12=0x3,x13=0x706f6f6c5f657469,x14=0x7c0fa4e280,x15=0x0,x16=0x5f5c8f5a00,x17=0x7c0c1d9700,x18=0x7c0f35c000,x19=0x5f5c8f470c,x20=0x1,x21=0x1,x22=0x7fd3b20218,x23=0x7fd3b20220,x24=0x0,x25=0x0,x26=0x0,x27=0x0,x28=0x0,x29=0x7fd3b20190,lr=0x5f5c8f4734,sp=0x7fd3b20180,pc=0x7c0c1d9700]
[15012|15012] event_addr:0x7c0c1d9700 hit_count:1009, Regs:
[x0=0x1,x1=0x5f5c8f3598,x2=0x1,x3=0x7fd3b201e8,x4=0x0,x5=0x1414d4c,x6=0x1414d4c,x7=0x0,x8=0x9b504536b1897347,x9=0x9b504536b1897347,x10=0x9b504536b1897347,x11=0x3e8,x12=0x3,x13=0x706f6f6c5f657469,x14=0x7c0fa4e280,x15=0x0,x16=0x5f5c8f5a00,x17=0x7c0c1d9700,x18=0x7c0f35c000,x19=0x5f5c8f470c,x20=0x1,x21=0x1,x22=0x7fd3b20218,x23=0x7fd3b20220,x24=0x0,x25=0x0,x26=0x0,x27=0x0,x28=0x0,x29=0x7fd3b20190,lr=0x5f5c8f4734,sp=0x7fd3b20180,pc=0x7c0c1d9700]
[15012|15012] event_addr:0x7c0c1d9700 hit_count:1010, Regs:
[x0=0x1,x1=0x5f5c8f3598,x2=0x1,x3=0x7fd3b201e8,x4=0x0,x5=0x1414d4c,x6=0x1414d4c,x7=0x0,x8=0x9b504536b1897347,x9=0x9b504536b1897347,x10=0x9b504536b1897347,x11=0x3e8,x12=0x3,x13=0x706f6f6c5f657469,x14=0x7c0fa4e280,x15=0x0,x16=0x5f5c8f5a00,x17=0x7c0c1d9700,x18=0x7c0f35c000,x19=0x5f5c8f470c,x20=0x1,x21=0x1,x22=0x7fd3b20218,x23=0x7fd3b20220,x24=0x0,x25=0x0,x26=0x0,x27=0x0,x28=0x0,x29=0x7fd3b20190,lr=0x5f5c8f4734,sp=0x7fd3b20180,pc=0x7c0c1d9700]
[15012|15012] event_addr:0x7c0c1d9700 hit_count:1011, Regs:
[x0=0x1,x1=0x5f5c8f3598,x2=0x1,x3=0x7fd3b201e8,x4=0x0,x5=0x1414d4c,x6=0x1414d4c,x7=0x0,x8=0x9b504536b1897347,x9=0x9b504536b1897347,x10=0x9b504536b1897347,x11=0x3e8,x12=0x3,x13=0x706f6f6c5f657469,x14=0x7c0fa4e280,x15=0x0,x16=0x5f5c8f5a00,x17=0x7c0c1d9700,x18=0x7c0f35c000,x19=0x5f5c8f470c,x20=0x1,x21=0x1,x22=0x7fd3b20218,x23=0x7fd3b20220,x24=0x0,x25=0x0,x26=0x0,x27=0x0,x28=0x0,x29=0x7fd3b20190,lr=0x5f5c8f4734,sp=0x7fd3b20180,pc=0x7c0c1d9700]
[15012|15012] event_addr:0x7c0c1d9700 hit_count:1012, Regs:
[x0=0x1,x1=0x5f5c8f3598,x2=0x1,x3=0x7fd3b201e8,x4=0x0,x5=0x1414d4c,x6=0x1414d4c,x7=0x0,x8=0x9b504536b1897347,x9=0x9b504536b1897347,x10=0x9b504536b1897347,x11=0x3e8,x12=0x3,x13=0x706f6f6c5f657469,x14=0x7c0fa4e280,x15=0x0,x16=0x5f5c8f5a00,x17=0x7c0c1d9700,x18=0x7c0f35c000,x19=0x5f5c8f470c,x20=0x1,x21=0x1,x22=0x7fd3b20218,x23=0x7fd3b20220,x24=0x0,x25=0x0,x26=0x0,x27=0x0,x28=0x0,x29=0x7fd3b20190,lr=0x5f5c8f4734,sp=0x7fd3b20180,pc=0x7c0c1d9700]
[15012|15012] event_addr:0x7c0c1d9700 hit_count:1013, Regs:
[x0=0x1,x1=0x5f5c8f3598,x2=0x1,x3=0x7fd3b201e8,x4=0x0,x5=0x1414d4c,x6=0x1414d4c,x7=0x0,x8=0x9b504536b1897347,x9=0x9b504536b1897347,x10=0x9b504536b1897347,x11=0x3e8,x12=0x3,x13=0x706f6f6c5f657469,x14=0x7c0fa4e280,x15=0x0,x16=0x5f5c8f5a00,x17=0x7c0c1d9700,x18=0x7c0f35c000,x19=0x5f5c8f470c,x20=0x1,x21=0x1,x22=0x7fd3b20218,x23=0x7fd3b20220,x24=0x0,x25=0x0,x26=0x0,x27=0x0,x28=0x0,x29=0x7fd3b20190,lr=0x5f5c8f4734,sp=0x7fd3b20180,pc=0x7c0c1d9700]
[15012|15012] event_addr:0x7c0c1d9700 hit_count:1014, Regs:
[x0=0x1,x1=0x5f5c8f3598,x2=0x1,x3=0x7fd3b201e8,x4=0x0,x5=0x1414d4c,x6=0x1414d4c,x7=0x0,x8=0x9b504536b1897347,x9=0x9b504536b1897347,x10=0x9b504536b1897347,x11=0x3e8,x12=0x3,x13=0x706f6f6c5f657469,x14=0x7c0fa4e280,x15=0x0,x16=0x5f5c8f5a00,x17=0x7c0c1d9700,x18=0x7c0f35c000,x19=0x5f5c8f470c,x20=0x1,x21=0x1,x22=0x7fd3b20218,x23=0x7fd3b20220,x24=0x0,x25=0x0,x26=0x0,x27=0x0,x28=0x0,x29=0x7fd3b20190,lr=0x5f5c8f4734,sp=0x7fd3b20180,pc=0x7c0c1d9700]
[15012|15012] event_addr:0x7c0c1d9700 hit_count:1015, Regs:
[x0=0x1,x1=0x5f5c8f3598,x2=0x1,x3=0x7fd3b201e8,x4=0x0,x5=0x1414d4c,x6=0x1414d4c,x7=0x0,x8=0x9b504536b1897347,x9=0x9b504536b1897347,x10=0x9b504536b1897347,x11=0x3e8,x12=0x3,x13=0x706f6f6c5f657469,x14=0x7c0fa4e280,x15=0x0,x16=0x5f5c8f5a00,x17=0x7c0c1d9700,x18=0x7c0f35c000,x19=0x5f5c8f470c,x20=0x1,x21=0x1,x22=0x7fd3b20218,x23=0x7fd3b20220,x24=0x0,x25=0x0,x26=0x0,x27=0x0,x28=0x0,x29=0x7fd3b20190,lr=0x5f5c8f4734,sp=0x7fd3b20180,pc=0x7c0c1d9700]
[15012|15012] event_addr:0x7c0c1d9700 hit_count:1016, Regs:
[x0=0x1,x1=0x5f5c8f3598,x2=0x1,x3=0x7fd3b201e8,x4=0x0,x5=0x1414d4c,x6=0x1414d4c,x7=0x0,x8=0x9b504536b1897347,x9=0x9b504536b1897347,x10=0x9b504536b1897347,x11=0x3e8,x12=0x3,x13=0x706f6f6c5f657469,x14=0x7c0fa4e280,x15=0x0,x16=0x5f5c8f5a00,x17=0x7c0c1d9700,x18=0x7c0f35c000,x19=0x5f5c8f470c,x20=0x1,x21=0x1,x22=0x7fd3b20218,x23=0x7fd3b20220,x24=0x0,x25=0x0,x26=0x0,x27=0x0,x28=0x0,x29=0x7fd3b20190,lr=0x5f5c8f4734,sp=0x7fd3b20180,pc=0x7c0c1d9700]
[15012|15012] event_addr:0x7c0c1d9700 hit_count:1017, Regs:
[x0=0x1,x1=0x5f5c8f3598,x2=0x1,x3=0x7fd3b201e8,x4=0x0,x5=0x1414d4c,x6=0x1414d4c,x7=0x0,x8=0x9b504536b1897347,x9=0x9b504536b1897347,x10=0x9b504536b1897347,x11=0x3e8,x12=0x3,x13=0x706f6f6c5f657469,x14=0x7c0fa4e280,x15=0x0,x16=0x5f5c8f5a00,x17=0x7c0c1d9700,x18=0x7c0f35c000,x19=0x5f5c8f470c,x20=0x1,x21=0x1,x22=0x7fd3b20218,x23=0x7fd3b20220,x24=0x0,x25=0x0,x26=0x0,x27=0x0,x28=0x0,x29=0x7fd3b20190,lr=0x5f5c8f4734,sp=0x7fd3b20180,pc=0x7c0c1d9700]
[15012|15012] event_addr:0x7c0c1d9700 hit_count:1018, Regs:
[x0=0x1,x1=0x5f5c8f3598,x2=0x1,x3=0x7fd3b201e8,x4=0x0,x5=0x1414d4c,x6=0x1414d4c,x7=0x0,x8=0x9b504536b1897347,x9=0x9b504536b1897347,x10=0x9b504536b1897347,x11=0x3e8,x12=0x3,x13=0x706f6f6c5f657469,x14=0x7c0fa4e280,x15=0x0,x16=0x5f5c8f5a00,x17=0x7c0c1d9700,x18=0x7c0f35c000,x19=0x5f5c8f470c,x20=0x1,x21=0x1,x22=0x7fd3b20218,x23=0x7fd3b20220,x24=0x0,x25=0x0,x26=0x0,x27=0x0,x28=0x0,x29=0x7fd3b20190,lr=0x5f5c8f4734,sp=0x7fd3b20180,pc=0x7c0c1d9700]
[15012|15012] event_addr:0x7c0c1d9700 hit_count:1019, Regs:
[x0=0x1,x1=0x5f5c8f3598,x2=0x1,x3=0x7fd3b201e8,x4=0x0,x5=0x1414d4c,x6=0x1414d4c,x7=0x0,x8=0x9b504536b1897347,x9=0x9b504536b1897347,x10=0x9b504536b1897347,x11=0x3e8,x12=0x3,x13=0x706f6f6c5f657469,x14=0x7c0fa4e280,x15=0x0,x16=0x5f5c8f5a00,x17=0x7c0c1d9700,x18=0x7c0f35c000,x19=0x5f5c8f470c,x20=0x1,x21=0x1,x22=0x7fd3b20218,x23=0x7fd3b20220,x24=0x0,x25=0x0,x26=0x0,x27=0x0,x28=0x0,x29=0x7fd3b20190,lr=0x5f5c8f4734,sp=0x7fd3b20180,pc=0x7c0c1d9700]
[15012|15012] event_addr:0x7c0c1d9700 hit_count:1020, Regs:
[x0=0x1,x1=0x5f5c8f3598,x2=0x1,x3=0x7fd3b201e8,x4=0x0,x5=0x1414d4c,x6=0x1414d4c,x7=0x0,x8=0x9b504536b1897347,x9=0x9b504536b1897347,x10=0x9b504536b1897347,x11=0x3e8,x12=0x3,x13=0x706f6f6c5f657469,x14=0x7c0fa4e280,x15=0x0,x16=0x5f5c8f5a00,x17=0x7c0c1d9700,x18=0x7c0f35c000,x19=0x5f5c8f470c,x20=0x1,x21=0x1,x22=0x7fd3b20218,x23=0x7fd3b20220,x24=0x0,x25=0x0,x26=0x0,x27=0x0,x28=0x0,x29=0x7fd3b20190,lr=0x5f5c8f4734,sp=0x7fd3b20180,pc=0x7c0c1d9700]
[15012|15012] event_addr:0x7c0c1d9700 hit_count:1021, Regs:
[x0=0x1,x1=0x5f5c8f3598,x2=0x1,x3=0x7fd3b201e8,x4=0x0,x5=0x1414d4c,x6=0x1414d4c,x7=0x0,x8=0x9b504536b1897347,x9=0x9b504536b1897347,x10=0x9b504536b1897347,x11=0x3e8,x12=0x3,x13=0x706f6f6c5f657469,x14=0x7c0fa4e280,x15=0x0,x16=0x5f5c8f5a00,x17=0x7c0c1d9700,x18=0x7c0f35c000,x19=0x5f5c8f470c,x20=0x1,x21=0x1,x22=0x7fd3b20218,x23=0x7fd3b20220,x24=0x0,x25=0x0,x26=0x0,x27=0x0,x28=0x0,x29=0x7fd3b20190,lr=0x5f5c8f4734,sp=0x7fd3b20180,pc=0x7c0c1d9700]
[15012|15012] event_addr:0x7c0c1d9700 hit_count:1022, Regs:
[x0=0x1,x1=0x5f5c8f3598,x2=0x1,x3=0x7fd3b201e8,x4=0x0,x5=0x1414d4c,x6=0x1414d4c,x7=0x0,x8=0x9b504536b1897347,x9=0x9b504536b1897347,x10=0x9b504536b1897347,x11=0x3e8,x12=0x3,x13=0x706f6f6c5f657469,x14=0x7c0fa4e280,x15=0x0,x16=0x5f5c8f5a00,x17=0x7c0c1d9700,x18=0x7c0f35c000,x19=0x5f5c8f470c,x20=0x1,x21=0x1,x22=0x7fd3b20218,x23=0x7fd3b20220,x24=0x0,x25=0x0,x26=0x0,x27=0x0,x28=0x0,x29=0x7fd3b20190,lr=0x5f5c8f4734,sp=0x7fd3b20180,pc=0x7c0c1d9700]
[15012|15012] event_addr:0x7c0c1d9700 hit_count:1023, Regs:
[x0=0x1,x1=0x5f5c8f3598,x2=0x1,x3=0x7fd3b201e8,x4=0x0,x5=0x1414d4c,x6=0x1414d4c,x7=0x0,x8=0x9b504536b1897347,x9=0x9b504536b1897347,x10=0x9b504536b1897347,x11=0x3e8,x12=0x3,x13=0x706f6f6c5f657469,x14=0x7c0fa4e280,x15=0x0,x16=0x5f5c8f5a00,x17=0x7c0c1d9700,x18=0x7c0f35c000,x19=0x5f5c8f470c,x20=0x1,x21=0x1,x22=0x7fd3b20218,x23=0x7fd3b20220,x24=0x0,x25=0x0,x26=0x0,x27=0x0,x28=0x0,x29=0x7fd3b20190,lr=0x5f5c8f4734,sp=0x7fd3b20180,pc=0x7c0c1d9700]
[15012|15012] event_addr:0x7c0c1d9700 hit_count:1024, Regs:
[x0=0x1,x1=0x5f5c8f3598,x2=0x1,x3=0x7fd3b201e8,x4=0x0,x5=0x1414d4c,x6=0x1414d4c,x7=0x0,x8=0x9b504536b1897347,x9=0x9b504536b1897347,x10=0x9b504536b1897347,x11=0x3e8,x12=0x3,x13=0x706f6f6c5f657469,x14=0x7c0fa4e280,x15=0x0,x16=0x5f5c8f5a00,x17=0x7c0c1d9700,x18=0x7c0f35c000,x19=0x5f5c8f470c,x20=0x1,x21=0x1,x22=0x7fd3b20218,x23=0x7fd3b20220,x24=0x0,x25=0x0,x26=0x0,x27=0x0,x28=0x0,x29=0x7fd3b20190,lr=0x5f5c8f4734,sp=0x7fd3b20180,pc=0x7c0c1d9700]
[15012|15012] event_addr:0x7c0c1d9700 hit_count:1025, Regs:
[x0=0x1,x1=0x5f5c8f3598,x2=0x1,x3=0x7fd3b201e8,x4=0x0,x5=0x1414d4c,x6=0x1414d4c,x7=0x0,x8=0x9b504536b1897347,x9=0x9b504536b1897347,x10=0x9b504536b1897347,x11=0x3e8,x12=0x3,x13=0x706f6f6c5f657469,x14=0x7c0fa4e280,x15=0x0,x16=0x5f5c8f5a00,x17=0x7c0c1d9700,x18=0x7c0f35c000,x19=0x5f5c8f470c,x20=0x1,x21=0x1,x22=0x7fd3b20218,x23=0x7fd3b20220,x24=0x0,x25=0x0,x26=0x0,x27=0x0,x28=0x0,x29=0x7fd3b20190,lr=0x5f5c8f4734,sp=0x7fd3b20180,pc=0x7c0c1d9700]
[15012|15012] event_addr:0x7c0c1d9700 hit_count:1026, Regs:
[x0=0x1,x1=0x5f5c8f3598,x2=0x1,x3=0x7fd3b201e8,x4=0x0,x5=0x1414d4c,x6=0x1414d4c,x7=0x0,x8=0x9b504536b1897347,x9=0x9b504536b1897347,x10=0x9b504536b1897347,x11=0x3e8,x12=0x3,x13=0x706f6f6c5f657469,x14=0x7c0fa4e280,x15=0x0,x16=0x5f5c8f5a00,x17=0x7c0c1d9700,x18=0x7c0f35c000,x19=0x5f5c8f470c,x20=0x1,x21=0x1,x22=0x7fd3b20218,x23=0x7fd3b20220,x24=0x0,x25=0x0,x26=0x0,x27=0x0,x28=0x0,x29=0x7fd3b20190,lr=0x5f5c8f4734,sp=0x7fd3b20180,pc=0x7c0c1d9700]
[15012|15012] event_addr:0x7c0c1d9700 hit_count:1027, Regs:
[x0=0x1,x1=0x5f5c8f3598,x2=0x1,x3=0x7fd3b201e8,x4=0x0,x5=0x1414d4c,x6=0x1414d4c,x7=0x0,x8=0x9b504536b1897347,x9=0x9b504536b1897347,x10=0x9b504536b1897347,x11=0x3e8,x12=0x3,x13=0x706f6f6c5f657469,x14=0x7c0fa4e280,x15=0x0,x16=0x5f5c8f5a00,x17=0x7c0c1d9700,x18=0x7c0f35c000,x19=0x5f5c8f470c,x20=0x1,x21=0x1,x22=0x7fd3b20218,x23=0x7fd3b20220,x24=0x0,x25=0x0,x26=0x0,x27=0x0,x28=0x0,x29=0x7fd3b20190,lr=0x5f5c8f4734,sp=0x7fd3b20180,pc=0x7c0c1d9700]
[15012|15012] event_addr:0x7c0c1d9700 hit_count:1028, Regs:
[x0=0x1,x1=0x5f5c8f3598,x2=0x1,x3=0x7fd3b201e8,x4=0x0,x5=0x1414d4c,x6=0x1414d4c,x7=0x0,x8=0x9b504536b1897347,x9=0x9b504536b1897347,x10=0x9b504536b1897347,x11=0x3e8,x12=0x3,x13=0x706f6f6c5f657469,x14=0x7c0fa4e280,x15=0x0,x16=0x5f5c8f5a00,x17=0x7c0c1d9700,x18=0x7c0f35c000,x19=0x5f5c8f470c,x20=0x1,x21=0x1,x22=0x7fd3b20218,x23=0x7fd3b20220,x24=0x0,x25=0x0,x26=0x0,x27=0x0,x28=0x0,x29=0x7fd3b20190,lr=0x5f5c8f4734,sp=0x7fd3b20180,pc=0x7c0c1d9700]
[15012|15012] event_addr:0x7c0c1d9700 hit_count:1029, Regs:
[x0=0x1,x1=0x5f5c8f3598,x2=0x1,x3=0x7fd3b201e8,x4=0x0,x5=0x1414d4c,x6=0x1414d4c,x7=0x0,x8=0x9b504536b1897347,x9=0x9b504536b1897347,x10=0x9b504536b1897347,x11=0x3e8,x12=0x3,x13=0x706f6f6c5f657469,x14=0x7c0fa4e280,x15=0x0,x16=0x5f5c8f5a00,x17=0x7c0c1d9700,x18=0x7c0f35c000,x19=0x5f5c8f470c,x20=0x1,x21=0x1,x22=0x7fd3b20218,x23=0x7fd3b20220,x24=0x0,x25=0x0,x26=0x0,x27=0x0,x28=0x0,x29=0x7fd3b20190,lr=0x5f5c8f4734,sp=0x7fd3b20180,pc=0x7c0c1d9700]
[15012|15012] event_addr:0x7c0c1d9700 hit_count:1030, Regs:
[x0=0x1,x1=0x5f5c8f3598,x2=0x1,x3=0x7fd3b201e8,x4=0x0,x5=0x1414d4c,x6=0x1414d4c,x7=0x0,x8=0x9b504536b1897347,x9=0x9b504536b1897347,x10=0x9b504536b1897347,x11=0x3e8,x12=0x3,x13=0x706f6f6c5f657469,x14=0x7c0fa4e280,x15=0x0,x16=0x5f5c8f5a00,x17=0x7c0c1d9700,x18=0x7c0f35c000,x19=0x5f5c8f470c,x20=0x1,x21=0x1,x22=0x7fd3b20218,x23=0x7fd3b20220,x24=0x0,x25=0x0,x26=0x0,x27=0x0,x28=0x0,x29=0x7fd3b20190,lr=0x5f5c8f4734,sp=0x7fd3b20180,pc=0x7c0c1d9700]
[15012|15012] event_addr:0x7c0c1d9700 hit_count:1031, Regs:
[x0=0x1,x1=0x5f5c8f3598,x2=0x1,x3=0x7fd3b201e8,x4=0x0,x5=0x1414d4c,x6=0x1414d4c,x7=0x0,x8=0x9b504536b1897347,x9=0x9b504536b1897347,x10=0x9b504536b1897347,x11=0x3e8,x12=0x3,x13=0x706f6f6c5f657469,x14=0x7c0fa4e280,x15=0x0,x16=0x5f5c8f5a00,x17=0x7c0c1d9700,x18=0x7c0f35c000,x19=0x5f5c8f470c,x20=0x1,x21=0x1,x22=0x7fd3b20218,x23=0x7fd3b20220,x24=0x0,x25=0x0,x26=0x0,x27=0x0,x28=0x0,x29=0x7fd3b20190,lr=0x5f5c8f4734,sp=0x7fd3b20180,pc=0x7c0c1d9700]
[15012|15012] event_addr:0x7c0c1d9700 hit_count:1032, Regs:
[x0=0x1,x1=0x5f5c8f3598,x2=0x1,x3=0x7fd3b201e8,x4=0x0,x5=0x1414d4c,x6=0x1414d4c,x7=0x0,x8=0x9b504536b1897347,x9=0x9b504536b1897347,x10=0x9b504536b1897347,x11=0x3e8,x12=0x3,x13=0x706f6f6c5f657469,x14=0x7c0fa4e280,x15=0x0,x16=0x5f5c8f5a00,x17=0x7c0c1d9700,x18=0x7c0f35c000,x19=0x5f5c8f470c,x20=0x1,x21=0x1,x22=0x7fd3b20218,x23=0x7fd3b20220,x24=0x0,x25=0x0,x26=0x0,x27=0x0,x28=0x0,x29=0x7fd3b20190,lr=0x5f5c8f4734,sp=0x7fd3b20180,pc=0x7c0c1d9700]
[15012|15012] event_addr:0x7c0c1d9700 hit_count:1033, Regs:
[x0=0x1,x1=0x5f5c8f3598,x2=0x1,x3=0x7fd3b201e8,x4=0x0,x5=0x1414d4c,x6=0x1414d4c,x7=0x0,x8=0x9b504536b1897347,x9=0x9b504536b1897347,x10=0x9b504536b1897347,x11=0x3e8,x12=0x3,x13=0x706f6f6c5f657469,x14=0x7c0fa4e280,x15=0x0,x16=0x5f5c8f5a00,x17=0x7c0c1d9700,x18=0x7c0f35c000,x19=0x5f5c8f470c,x20=0x1,x21=0x1,x22=0x7fd3b20218,x23=0x7fd3b20220,x24=0x0,x25=0x0,x26=0x0,x27=0x0,x28=0x0,x29=0x7fd3b20190,lr=0x5f5c8f4734,sp=0x7fd3b20180,pc=0x7c0c1d9700]
[15012|15012] event_addr:0x7c0c1d9700 hit_count:1034, Regs:
[x0=0x1,x1=0x5f5c8f3598,x2=0x1,x3=0x7fd3b201e8,x4=0x0,x5=0x1414d4c,x6=0x1414d4c,x7=0x0,x8=0x9b504536b1897347,x9=0x9b504536b1897347,x10=0x9b504536b1897347,x11=0x3e8,x12=0x3,x13=0x706f6f6c5f657469,x14=0x7c0fa4e280,x15=0x0,x16=0x5f5c8f5a00,x17=0x7c0c1d9700,x18=0x7c0f35c000,x19=0x5f5c8f470c,x20=0x1,x21=0x1,x22=0x7fd3b20218,x23=0x7fd3b20220,x24=0x0,x25=0x0,x26=0x0,x27=0x0,x28=0x0,x29=0x7fd3b20190,lr=0x5f5c8f4734,sp=0x7fd3b20180,pc=0x7c0c1d9700]
[15012|15012] event_addr:0x7c0c1d9700 hit_count:1035, Regs:
[x0=0x1,x1=0x5f5c8f3598,x2=0x1,x3=0x7fd3b201e8,x4=0x0,x5=0x1414d4c,x6=0x1414d4c,x7=0x0,x8=0x9b504536b1897347,x9=0x9b504536b1897347,x10=0x9b504536b1897347,x11=0x3e8,x12=0x3,x13=0x706f6f6c5f657469,x14=0x7c0fa4e280,x15=0x0,x16=0x5f5c8f5a00,x17=0x7c0c1d9700,x18=0x7c0f35c000,x19=0x5f5c8f470c,x20=0x1,x21=0x1,x22=0x7fd3b20218,x23=0x7fd3b20220,x24=0x0,x25=0x0,x26=0x0,x27=0x0,x28=0x0,x29=0x7fd3b20190,lr=0x5f5c8f4734,sp=0x7fd3b20180,pc=0x7c0c1d9700]
[15012|15012] event_addr:0x7c0c1d9700 hit_count:1036, Regs:
[x0=0x1,x1=0x5f5c8f3598,x2=0x1,x3=0x7fd3b201e8,x4=0x0,x5=0x1414d4c,x6=0x1414d4c,x7=0x0,x8=0x9b504536b1897347,x9=0x9b504536b1897347,x10=0x9b504536b1897347,x11=0x3e8,x12=0x3,x13=0x706f6f6c5f657469,x14=0x7c0fa4e280,x15=0x0,x16=0x5f5c8f5a00,x17=0x7c0c1d9700,x18=0x7c0f35c000,x19=0x5f5c8f470c,x20=0x1,x21=0x1,x22=0x7fd3b20218,x23=0x7fd3b20220,x24=0x0,x25=0x0,x26=0x0,x27=0x0,x28=0x0,x29=0x7fd3b20190,lr=0x5f5c8f4734,sp=0x7fd3b20180,pc=0x7c0c1d9700]
[15012|15012] event_addr:0x7c0c1d9700 hit_count:1037, Regs:
[x0=0x1,x1=0x5f5c8f3598,x2=0x1,x3=0x7fd3b201e8,x4=0x0,x5=0x1414d4c,x6=0x1414d4c,x7=0x0,x8=0x9b504536b1897347,x9=0x9b504536b1897347,x10=0x9b504536b1897347,x11=0x3e8,x12=0x3,x13=0x706f6f6c5f657469,x14=0x7c0fa4e280,x15=0x0,x16=0x5f5c8f5a00,x17=0x7c0c1d9700,x18=0x7c0f35c000,x19=0x5f5c8f470c,x20=0x1,x21=0x1,x22=0x7fd3b20218,x23=0x7fd3b20220,x24=0x0,x25=0x0,x26=0x0,x27=0x0,x28=0x0,x29=0x7fd3b20190,lr=0x5f5c8f4734,sp=0x7fd3b20180,pc=0x7c0c1d9700]
[15012|15012] event_addr:0x7c0c1d9700 hit_count:1038, Regs:
[x0=0x1,x1=0x5f5c8f3598,x2=0x1,x3=0x7fd3b201e8,x4=0x0,x5=0x1414d4c,x6=0x1414d4c,x7=0x0,x8=0x9b504536b1897347,x9=0x9b504536b1897347,x10=0x9b504536b1897347,x11=0x3e8,x12=0x3,x13=0x706f6f6c5f657469,x14=0x7c0fa4e280,x15=0x0,x16=0x5f5c8f5a00,x17=0x7c0c1d9700,x18=0x7c0f35c000,x19=0x5f5c8f470c,x20=0x1,x21=0x1,x22=0x7fd3b20218,x23=0x7fd3b20220,x24=0x0,x25=0x0,x26=0x0,x27=0x0,x28=0x0,x29=0x7fd3b20190,lr=0x5f5c8f4734,sp=0x7fd3b20180,pc=0x7c0c1d9700]
[15012|15012] event_addr:0x7c0c1d9700 hit_count:1039, Regs:
[x0=0x1,x1=0x5f5c8f3598,x2=0x1,x3=0x7fd3b201e8,x4=0x0,x5=0x1414d4c,x6=0x1414d4c,x7=0x0,x8=0x9b504536b1897347,x9=0x9b504536b1897347,x10=0x9b504536b1897347,x11=0x3e8,x12=0x3,x13=0x706f6f6c5f657469,x14=0x7c0fa4e280,x15=0x0,x16=0x5f5c8f5a00,x17=0x7c0c1d9700,x18=0x7c0f35c000,x19=0x5f5c8f470c,x20=0x1,x21=0x1,x22=0x7fd3b20218,x23=0x7fd3b20220,x24=0x0,x25=0x0,x26=0x0,x27=0x0,x28=0x0,x29=0x7fd3b20190,lr=0x5f5c8f4734,sp=0x7fd3b20180,pc=0x7c0c1d9700]
[15012|15012] event_addr:0x7c0c1d9700 hit_count:1040, Regs:
[x0=0x1,x1=0x5f5c8f3598,x2=0x1,x3=0x7fd3b201e8,x4=0x0,x5=0x1414d4c,x6=0x1414d4c,x7=0x0,x8=0x9b504536b1897347,x9=0x9b504536b1897347,x10=0x9b504536b1897347,x11=0x3e8,x12=0x3,x13=0x706f6f6c5f657469,x14=0x7c0fa4e280,x15=0x0,x16=0x5f5c8f5a00,x17=0x7c0c1d9700,x18=0x7c0f35c000,x19=0x5f5c8f470c,x20=0x1,x21=0x1,x22=0x7fd3b20218,x23=0x7fd3b20220,x24=0x0,x25=0x0,x26=0x0,x27=0x0,x28=0x0,x29=0x7fd3b20190,lr=0x5f5c8f4734,sp=0x7fd3b20180,pc=0x7c0c1d9700]
[15012|15012] event_addr:0x7c0c1d9700 hit_count:1041, Regs:
[x0=0x1,x1=0x5f5c8f3598,x2=0x1,x3=0x7fd3b201e8,x4=0x0,x5=0x1414d4c,x6=0x1414d4c,x7=0x0,x8=0x9b504536b1897347,x9=0x9b504536b1897347,x10=0x9b504536b1897347,x11=0x3e8,x12=0x3,x13=0x706f6f6c5f657469,x14=0x7c0fa4e280,x15=0x0,x16=0x5f5c8f5a00,x17=0x7c0c1d9700,x18=0x7c0f35c000,x19=0x5f5c8f470c,x20=0x1,x21=0x1,x22=0x7fd3b20218,x23=0x7fd3b20220,x24=0x0,x25=0x0,x26=0x0,x27=0x0,x28=0x0,x29=0x7fd3b20190,lr=0x5f5c8f4734,sp=0x7fd3b20180,pc=0x7c0c1d9700]
[15012|15012] event_addr:0x7c0c1d9700 hit_count:1042, Regs:
[x0=0x1,x1=0x5f5c8f3598,x2=0x1,x3=0x7fd3b201e8,x4=0x0,x5=0x1414d4c,x6=0x1414d4c,x7=0x0,x8=0x9b504536b1897347,x9=0x9b504536b1897347,x10=0x9b504536b1897347,x11=0x3e8,x12=0x3,x13=0x706f6f6c5f657469,x14=0x7c0fa4e280,x15=0x0,x16=0x5f5c8f5a00,x17=0x7c0c1d9700,x18=0x7c0f35c000,x19=0x5f5c8f470c,x20=0x1,x21=0x1,x22=0x7fd3b20218,x23=0x7fd3b20220,x24=0x0,x25=0x0,x26=0x0,x27=0x0,x28=0x0,x29=0x7fd3b20190,lr=0x5f5c8f4734,sp=0x7fd3b20180,pc=0x7c0c1d9700]
[15012|15012] event_addr:0x7c0c1d9700 hit_count:1043, Regs:
[x0=0x1,x1=0x5f5c8f3598,x2=0x1,x3=0x7fd3b201e8,x4=0x0,x5=0x1414d4c,x6=0x1414d4c,x7=0x0,x8=0x9b504536b1897347,x9=0x9b504536b1897347,x10=0x9b504536b1897347,x11=0x3e8,x12=0x3,x13=0x706f6f6c5f657469,x14=0x7c0fa4e280,x15=0x0,x16=0x5f5c8f5a00,x17=0x7c0c1d9700,x18=0x7c0f35c000,x19=0x5f5c8f470c,x20=0x1,x21=0x1,x22=0x7fd3b20218,x23=0x7fd3b20220,x24=0x0,x25=0x0,x26=0x0,x27=0x0,x28=0x0,x29=0x7fd3b20190,lr=0x5f5c8f4734,sp=0x7fd3b20180,pc=0x7c0c1d9700]
[15012|15012] event_addr:0x7c0c1d9700 hit_count:1044, Regs:
[x0=0x1,x1=0x5f5c8f3598,x2=0x1,x3=0x7fd3b201e8,x4=0x0,x5=0x1414d4c,x6=0x1414d4c,x7=0x0,x8=0x9b504536b1897347,x9=0x9b504536b1897347,x10=0x9b504536b1897347,x11=0x3e8,x12=0x3,x13=0x706f6f6c5f657469,x14=0x7c0fa4e280,x15=0x0,x16=0x5f5c8f5a00,x17=0x7c0c1d9700,x18=0x7c0f35c000,x19=0x5f5c8f470c,x20=0x1,x21=0x1,x22=0x7fd3b20218,x23=0x7fd3b20220,x24=0x0,x25=0x0,x26=0x0,x27=0x0,x28=0x0,x29=0x7fd3b20190,lr=0x5f5c8f4734,sp=0x7fd3b20180,pc=0x7c0c1d9700]
[15012|15012] event_addr:0x7c0c1d9700 hit_count:1045, Regs:
[x0=0x1,x1=0x5f5c8f3598,x2=0x1,x3=0x7fd3b201e8,x4=0x0,x5=0x1414d4c,x6=0x1414d4c,x7=0x0,x8=0x9b504536b1897347,x9=0x9b504536b1897347,x10=0x9b504536b1897347,x11=0x3e8,x12=0x3,x13=0x706f6f6c5f657469,x14=0x7c0fa4e280,x15=0x0,x16=0x5f5c8f5a00,x17=0x7c0c1d9700,x18=0x7c0f35c000,x19=0x5f5c8f470c,x20=0x1,x21=0x1,x22=0x7fd3b20218,x23=0x7fd3b20220,x24=0x0,x25=0x0,x26=0x0,x27=0x0,x28=0x0,x29=0x7fd3b20190,lr=0x5f5c8f4734,sp=0x7fd3b20180,pc=0x7c0c1d9700]
[15012|15012] event_addr:0x7c0c1d9700 hit_count:1046, Regs:
[x0=0x1,x1=0x5f5c8f3598,x2=0x1,x3=0x7fd3b201e8,x4=0x0,x5=0x1414d4c,x6=0x1414d4c,x7=0x0,x8=0x9b504536b1897347,x9=0x9b504536b1897347,x10=0x9b504536b1897347,x11=0x3e8,x12=0x3,x13=0x706f6f6c5f657469,x14=0x7c0fa4e280,x15=0x0,x16=0x5f5c8f5a00,x17=0x7c0c1d9700,x18=0x7c0f35c000,x19=0x5f5c8f470c,x20=0x1,x21=0x1,x22=0x7fd3b20218,x23=0x7fd3b20220,x24=0x0,x25=0x0,x26=0x0,x27=0x0,x28=0x0,x29=0x7fd3b20190,lr=0x5f5c8f4734,sp=0x7fd3b20180,pc=0x7c0c1d9700]
[15012|15012] event_addr:0x7c0c1d9700 hit_count:1047, Regs:
[x0=0x1,x1=0x5f5c8f3598,x2=0x1,x3=0x7fd3b201e8,x4=0x0,x5=0x1414d4c,x6=0x1414d4c,x7=0x0,x8=0x9b504536b1897347,x9=0x9b504536b1897347,x10=0x9b504536b1897347,x11=0x3e8,x12=0x3,x13=0x706f6f6c5f657469,x14=0x7c0fa4e280,x15=0x0,x16=0x5f5c8f5a00,x17=0x7c0c1d9700,x18=0x7c0f35c000,x19=0x5f5c8f470c,x20=0x1,x21=0x1,x22=0x7fd3b20218,x23=0x7fd3b20220,x24=0x0,x25=0x0,x26=0x0,x27=0x0,x28=0x0,x29=0x7fd3b20190,lr=0x5f5c8f4734,sp=0x7fd3b20180,pc=0x7c0c1d9700]
[15012|15012] event_addr:0x7c0c1d9700 hit_count:1048, Regs:
[x0=0x1,x1=0x5f5c8f3598,x2=0x1,x3=0x7fd3b201e8,x4=0x0,x5=0x1414d4c,x6=0x1414d4c,x7=0x0,x8=0x9b504536b1897347,x9=0x9b504536b1897347,x10=0x9b504536b1897347,x11=0x3e8,x12=0x3,x13=0x706f6f6c5f657469,x14=0x7c0fa4e280,x15=0x0,x16=0x5f5c8f5a00,x17=0x7c0c1d9700,x18=0x7c0f35c000,x19=0x5f5c8f470c,x20=0x1,x21=0x1,x22=0x7fd3b20218,x23=0x7fd3b20220,x24=0x0,x25=0x0,x26=0x0,x27=0x0,x28=0x0,x29=0x7fd3b20190,lr=0x5f5c8f4734,sp=0x7fd3b20180,pc=0x7c0c1d9700]
[15012|15012] event_addr:0x7c0c1d9700 hit_count:1049, Regs:
[x0=0x1,x1=0x5f5c8f3598,x2=0x1,x3=0x7fd3b201e8,x4=0x0,x5=0x1414d4c,x6=0x1414d4c,x7=0x0,x8=0x9b504536b1897347,x9=0x9b504536b1897347,x10=0x9b504536b1897347,x11=0x3e8,x12=0x3,x13=0x706f6f6c5f657469,x14=0x7c0fa4e280,x15=0x0,x16=0x5f5c8f5a00,x17=0x7c0c1d9700,x18=0x7c0f35c000,x19=0x5f5c8f470c,x20=0x1,x21=0x1,x22=0x7fd3b20218,x23=0x7fd3b20220,x24=0x0,x25=0x0,x26=0x0,x27=0x0,x28=0x0,x29=0x7fd3b20190,lr=0x5f5c8f4734,sp=0x7fd3b20180,pc=0x7c0c1d9700]
[15012|15012] event_addr:0x7c0c1d9700 hit_count:1050, Regs:
[x0=0x1,x1=0x5f5c8f3598,x2=0x1,x3=0x7fd3b201e8,x4=0x0,x5=0x1414d4c,x6=0x1414d4c,x7=0x0,x8=0x9b504536b1897347,x9=0x9b504536b1897347,x10=0x9b504536b1897347,x11=0x3e8,x12=0x3,x13=0x706f6f6c5f657469,x14=0x7c0fa4e280,x15=0x0,x16=0x5f5c8f5a00,x17=0x7c0c1d9700,x18=0x7c0f35c000,x19=0x5f5c8f470c,x20=0x1,x21=0x1,x22=0x7fd3b20218,x23=0x7fd3b20220,x24=0x0,x25=0x0,x26=0x0,x27=0x0,x28=0x0,x29=0x7fd3b20190,lr=0x5f5c8f4734,sp=0x7fd3b20180,pc=0x7c0c1d9700]
[15012|15012] event_addr:0x7c0c1d9700 hit_count:1051, Regs:
[x0=0x1,x1=0x5f5c8f3598,x2=0x1,x3=0x7fd3b201e8,x4=0x0,x5=0x1414d4c,x6=0x1414d4c,x7=0x0,x8=0x9b504536b1897347,x9=0x9b504536b1897347,x10=0x9b504536b1897347,x11=0x3e8,x12=0x3,x13=0x706f6f6c5f657469,x14=0x7c0fa4e280,x15=0x0,x16=0x5f5c8f5a00,x17=0x7c0c1d9700,x18=0x7c0f35c000,x19=0x5f5c8f470c,x20=0x1,x21=0x1,x22=0x7fd3b20218,x23=0x7fd3b20220,x24=0x0,x25=0x0,x26=0x0,x27=0x0,x28=0x0,x29=0x7fd3b20190,lr=0x5f5c8f4734,sp=0x7fd3b20180,pc=0x7c0c1d9700]
[15012|15012] event_addr:0x7c0c1d9700 hit_count:1052, Regs:
[x0=0x1,x1=0x5f5c8f3598,x2=0x1,x3=0x7fd3b201e8,x4=0x0,x5=0x1414d4c,x6=0x1414d4c,x7=0x0,x8=0x9b504536b1897347,x9=0x9b504536b1897347,x10=0x9b504536b1897347,x11=0x3e8,x12=0x3,x13=0x706f6f6c5f657469,x14=0x7c0fa4e280,x15=0x0,x16=0x5f5c8f5a00,x17=0x7c0c1d9700,x18=0x7c0f35c000,x19=0x5f5c8f470c,x20=0x1,x21=0x1,x22=0x7fd3b20218,x23=0x7fd3b20220,x24=0x0,x25=0x0,x26=0x0,x27=0x0,x28=0x0,x29=0x7fd3b20190,lr=0x5f5c8f4734,sp=0x7fd3b20180,pc=0x7c0c1d9700]
[15012|15012] event_addr:0x7c0c1d9700 hit_count:1053, Regs:
[x0=0x1,x1=0x5f5c8f3598,x2=0x1,x3=0x7fd3b201e8,x4=0x0,x5=0x1414d4c,x6=0x1414d4c,x7=0x0,x8=0x9b504536b1897347,x9=0x9b504536b1897347,x10=0x9b504536b1897347,x11=0x3e8,x12=0x3,x13=0x706f6f6c5f657469,x14=0x7c0fa4e280,x15=0x0,x16=0x5f5c8f5a00,x17=0x7c0c1d9700,x18=0x7c0f35c000,x19=0x5f5c8f470c,x20=0x1,x21=0x1,x22=0x7fd3b20218,x23=0x7fd3b20220,x24=0x0,x25=0x0,x26=0x0,x27=0x0,x28=0x0,x29=0x7fd3b20190,lr=0x5f5c8f4734,sp=0x7fd3b20180,pc=0x7c0c1d9700]
[15012|15012] event_addr:0x7c0c1d9700 hit_count:1054, Regs:
[x0=0x1,x1=0x5f5c8f3598,x2=0x1,x3=0x7fd3b201e8,x4=0x0,x5=0x1414d4c,x6=0x1414d4c,x7=0x0,x8=0x9b504536b1897347,x9=0x9b504536b1897347,x10=0x9b504536b1897347,x11=0x3e8,x12=0x3,x13=0x706f6f6c5f657469,x14=0x7c0fa4e280,x15=0x0,x16=0x5f5c8f5a00,x17=0x7c0c1d9700,x18=0x7c0f35c000,x19=0x5f5c8f470c,x20=0x1,x21=0x1,x22=0x7fd3b20218,x23=0x7fd3b20220,x24=0x0,x25=0x0,x26=0x0,x27=0x0,x28=0x0,x29=0x7fd3b20190,lr=0x5f5c8f4734,sp=0x7fd3b20180,pc=0x7c0c1d9700]
[15012|15012] event_addr:0x7c0c1d9700 hit_count:1055, Regs:
[x0=0x1,x1=0x5f5c8f3598,x2=0x1,x3=0x7fd3b201e8,x4=0x0,x5=0x1414d4c,x6=0x1414d4c,x7=0x0,x8=0x9b504536b1897347,x9=0x9b504536b1897347,x10=0x9b504536b1897347,x11=0x3e8,x12=0x3,x13=0x706f6f6c5f657469,x14=0x7c0fa4e280,x15=0x0,x16=0x5f5c8f5a00,x17=0x7c0c1d9700,x18=0x7c0f35c000,x19=0x5f5c8f470c,x20=0x1,x21=0x1,x22=0x7fd3b20218,x23=0x7fd3b20220,x24=0x0,x25=0x0,x26=0x0,x27=0x0,x28=0x0,x29=0x7fd3b20190,lr=0x5f5c8f4734,sp=0x7fd3b20180,pc=0x7c0c1d9700]
[15012|15012] event_addr:0x7c0c1d9700 hit_count:1056, Regs:
[x0=0x1,x1=0x5f5c8f3598,x2=0x1,x3=0x7fd3b201e8,x4=0x0,x5=0x1414d4c,x6=0x1414d4c,x7=0x0,x8=0x9b504536b1897347,x9=0x9b504536b1897347,x10=0x9b504536b1897347,x11=0x3e8,x12=0x3,x13=0x706f6f6c5f657469,x14=0x7c0fa4e280,x15=0x0,x16=0x5f5c8f5a00,x17=0x7c0c1d9700,x18=0x7c0f35c000,x19=0x5f5c8f470c,x20=0x1,x21=0x1,x22=0x7fd3b20218,x23=0x7fd3b20220,x24=0x0,x25=0x0,x26=0x0,x27=0x0,x28=0x0,x29=0x7fd3b20190,lr=0x5f5c8f4734,sp=0x7fd3b20180,pc=0x7c0c1d9700]
[15012|15012] event_addr:0x7c0c1d9700 hit_count:1057, Regs:
[x0=0x1,x1=0x5f5c8f3598,x2=0x1,x3=0x7fd3b201e8,x4=0x0,x5=0x1414d4c,x6=0x1414d4c,x7=0x0,x8=0x9b504536b1897347,x9=0x9b504536b1897347,x10=0x9b504536b1897347,x11=0x3e8,x12=0x3,x13=0x706f6f6c5f657469,x14=0x7c0fa4e280,x15=0x0,x16=0x5f5c8f5a00,x17=0x7c0c1d9700,x18=0x7c0f35c000,x19=0x5f5c8f470c,x20=0x1,x21=0x1,x22=0x7fd3b20218,x23=0x7fd3b20220,x24=0x0,x25=0x0,x26=0x0,x27=0x0,x28=0x0,x29=0x7fd3b20190,lr=0x5f5c8f4734,sp=0x7fd3b20180,pc=0x7c0c1d9700]
[15012|15012] event_addr:0x7c0c1d9700 hit_count:1058, Regs:
[x0=0x1,x1=0x5f5c8f3598,x2=0x1,x3=0x7fd3b201e8,x4=0x0,x5=0x1414d4c,x6=0x1414d4c,x7=0x0,x8=0x9b504536b1897347,x9=0x9b504536b1897347,x10=0x9b504536b1897347,x11=0x3e8,x12=0x3,x13=0x706f6f6c5f657469,x14=0x7c0fa4e280,x15=0x0,x16=0x5f5c8f5a00,x17=0x7c0c1d9700,x18=0x7c0f35c000,x19=0x5f5c8f470c,x20=0x1,x21=0x1,x22=0x7fd3b20218,x23=0x7fd3b20220,x24=0x0,x25=0x0,x26=0x0,x27=0x0,x28=0x0,x29=0x7fd3b20190,lr=0x5f5c8f4734,sp=0x7fd3b20180,pc=0x7c0c1d9700]
[15012|15012] event_addr:0x7c0c1d9700 hit_count:1059, Regs:
[x0=0x1,x1=0x5f5c8f3598,x2=0x1,x3=0x7fd3b201e8,x4=0x0,x5=0x1414d4c,x6=0x1414d4c,x7=0x0,x8=0x9b504536b1897347,x9=0x9b504536b1897347,x10=0x9b504536b1897347,x11=0x3e8,x12=0x3,x13=0x706f6f6c5f657469,x14=0x7c0fa4e280,x15=0x0,x16=0x5f5c8f5a00,x17=0x7c0c1d9700,x18=0x7c0f35c000,x19=0x5f5c8f470c,x20=0x1,x21=0x1,x22=0x7fd3b20218,x23=0x7fd3b20220,x24=0x0,x25=0x0,x26=0x0,x27=0x0,x28=0x0,x29=0x7fd3b20190,lr=0x5f5c8f4734,sp=0x7fd3b20180,pc=0x7c0c1d9700]
[15012|15012] event_addr:0x7c0c1d9700 hit_count:1060, Regs:
[x0=0x1,x1=0x5f5c8f3598,x2=0x1,x3=0x7fd3b201e8,x4=0x0,x5=0x1414d4c,x6=0x1414d4c,x7=0x0,x8=0x9b504536b1897347,x9=0x9b504536b1897347,x10=0x9b504536b1897347,x11=0x3e8,x12=0x3,x13=0x706f6f6c5f657469,x14=0x7c0fa4e280,x15=0x0,x16=0x5f5c8f5a00,x17=0x7c0c1d9700,x18=0x7c0f35c000,x19=0x5f5c8f470c,x20=0x1,x21=0x1,x22=0x7fd3b20218,x23=0x7fd3b20220,x24=0x0,x25=0x0,x26=0x0,x27=0x0,x28=0x0,x29=0x7fd3b20190,lr=0x5f5c8f4734,sp=0x7fd3b20180,pc=0x7c0c1d9700]
[15012|15012] event_addr:0x7c0c1d9700 hit_count:1061, Regs:
[x0=0x1,x1=0x5f5c8f3598,x2=0x1,x3=0x7fd3b201e8,x4=0x0,x5=0x1414d4c,x6=0x1414d4c,x7=0x0,x8=0x9b504536b1897347,x9=0x9b504536b1897347,x10=0x9b504536b1897347,x11=0x3e8,x12=0x3,x13=0x706f6f6c5f657469,x14=0x7c0fa4e280,x15=0x0,x16=0x5f5c8f5a00,x17=0x7c0c1d9700,x18=0x7c0f35c000,x19=0x5f5c8f470c,x20=0x1,x21=0x1,x22=0x7fd3b20218,x23=0x7fd3b20220,x24=0x0,x25=0x0,x26=0x0,x27=0x0,x28=0x0,x29=0x7fd3b20190,lr=0x5f5c8f4734,sp=0x7fd3b20180,pc=0x7c0c1d9700]
[15012|15012] event_addr:0x7c0c1d9700 hit_count:1062, Regs:
[x0=0x1,x1=0x5f5c8f3598,x2=0x1,x3=0x7fd3b201e8,x4=0x0,x5=0x1414d4c,x6=0x1414d4c,x7=0x0,x8=0x9b504536b1897347,x9=0x9b504536b1897347,x10=0x9b504536b1897347,x11=0x3e8,x12=0x3,x13=0x706f6f6c5f657469,x14=0x7c0fa4e280,x15=0x0,x16=0x5f5c8f5a00,x17=0x7c0c1d9700,x18=0x7c0f35c000,x19=0x5f5c8f470c,x20=0x1,x21=0x1,x22=0x7fd3b20218,x23=0x7fd3b20220,x24=0x0,x25=0x0,x26=0x0,x27=0x0,x28=0x0,x29=0x7fd3b20190,lr=0x5f5c8f4734,sp=0x7fd3b20180,pc=0x7c0c1d9700]
[15012|15012] event_addr:0x7c0c1d9700 hit_count:1063, Regs:
[x0=0x1,x1=0x5f5c8f3598,x2=0x1,x3=0x7fd3b201e8,x4=0x0,x5=0x1414d4c,x6=0x1414d4c,x7=0x0,x8=0x9b504536b1897347,x9=0x9b504536b1897347,x10=0x9b504536b1897347,x11=0x3e8,x12=0x3,x13=0x706f6f6c5f657469,x14=0x7c0fa4e280,x15=0x0,x16=0x5f5c8f5a00,x17=0x7c0c1d9700,x18=0x7c0f35c000,x19=0x5f5c8f470c,x20=0x1,x21=0x1,x22=0x7fd3b20218,x23=0x7fd3b20220,x24=0x0,x25=0x0,x26=0x0,x27=0x0,x28=0x0,x29=0x7fd3b20190,lr=0x5f5c8f4734,sp=0x7fd3b20180,pc=0x7c0c1d9700]
[15012|15012] event_addr:0x7c0c1d9700 hit_count:1064, Regs:
[x0=0x1,x1=0x5f5c8f3598,x2=0x1,x3=0x7fd3b201e8,x4=0x0,x5=0x1414d4c,x6=0x1414d4c,x7=0x0,x8=0x9b504536b1897347,x9=0x9b504536b1897347,x10=0x9b504536b1897347,x11=0x3e8,x12=0x3,x13=0x706f6f6c5f657469,x14=0x7c0fa4e280,x15=0x0,x16=0x5f5c8f5a00,x17=0x7c0c1d9700,x18=0x7c0f35c000,x19=0x5f5c8f470c,x20=0x1,x21=0x1,x22=0x7fd3b20218,x23=0x7fd3b20220,x24=0x0,x25=0x0,x26=0x0,x27=0x0,x28=0x0,x29=0x7fd3b20190,lr=0x5f5c8f4734,sp=0x7fd3b20180,pc=0x7c0c1d9700]
[15012|15012] event_addr:0x7c0c1d9700 hit_count:1065, Regs:
[x0=0x1,x1=0x5f5c8f3598,x2=0x1,x3=0x7fd3b201e8,x4=0x0,x5=0x1414d4c,x6=0x1414d4c,x7=0x0,x8=0x9b504536b1897347,x9=0x9b504536b1897347,x10=0x9b504536b1897347,x11=0x3e8,x12=0x3,x13=0x706f6f6c5f657469,x14=0x7c0fa4e280,x15=0x0,x16=0x5f5c8f5a00,x17=0x7c0c1d9700,x18=0x7c0f35c000,x19=0x5f5c8f470c,x20=0x1,x21=0x1,x22=0x7fd3b20218,x23=0x7fd3b20220,x24=0x0,x25=0x0,x26=0x0,x27=0x0,x28=0x0,x29=0x7fd3b20190,lr=0x5f5c8f4734,sp=0x7fd3b20180,pc=0x7c0c1d9700]
[15012|15012] event_addr:0x7c0c1d9700 hit_count:1066, Regs:
[x0=0x1,x1=0x5f5c8f3598,x2=0x1,x3=0x7fd3b201e8,x4=0x0,x5=0x1414d4c,x6=0x1414d4c,x7=0x0,x8=0x9b504536b1897347,x9=0x9b504536b1897347,x10=0x9b504536b1897347,x11=0x3e8,x12=0x3,x13=0x706f6f6c5f657469,x14=0x7c0fa4e280,x15=0x0,x16=0x5f5c8f5a00,x17=0x7c0c1d9700,x18=0x7c0f35c000,x19=0x5f5c8f470c,x20=0x1,x21=0x1,x22=0x7fd3b20218,x23=0x7fd3b20220,x24=0x0,x25=0x0,x26=0x0,x27=0x0,x28=0x0,x29=0x7fd3b20190,lr=0x5f5c8f4734,sp=0x7fd3b20180,pc=0x7c0c1d9700]
[15012|15012] event_addr:0x7c0c1d9700 hit_count:1067, Regs:
[x0=0x1,x1=0x5f5c8f3598,x2=0x1,x3=0x7fd3b201e8,x4=0x0,x5=0x1414d4c,x6=0x1414d4c,x7=0x0,x8=0x9b504536b1897347,x9=0x9b504536b1897347,x10=0x9b504536b1897347,x11=0x3e8,x12=0x3,x13=0x706f6f6c5f657469,x14=0x7c0fa4e280,x15=0x0,x16=0x5f5c8f5a00,x17=0x7c0c1d9700,x18=0x7c0f35c000,x19=0x5f5c8f470c,x20=0x1,x21=0x1,x22=0x7fd3b20218,x23=0x7fd3b20220,x24=0x0,x25=0x0,x26=0x0,x27=0x0,x28=0x0,x29=0x7fd3b20190,lr=0x5f5c8f4734,sp=0x7fd3b20180,pc=0x7c0c1d9700]
[15012|15012] event_addr:0x7c0c1d9700 hit_count:1068, Regs:
[x0=0x1,x1=0x5f5c8f3598,x2=0x1,x3=0x7fd3b201e8,x4=0x0,x5=0x1414d4c,x6=0x1414d4c,x7=0x0,x8=0x9b504536b1897347,x9=0x9b504536b1897347,x10=0x9b504536b1897347,x11=0x3e8,x12=0x3,x13=0x706f6f6c5f657469,x14=0x7c0fa4e280,x15=0x0,x16=0x5f5c8f5a00,x17=0x7c0c1d9700,x18=0x7c0f35c000,x19=0x5f5c8f470c,x20=0x1,x21=0x1,x22=0x7fd3b20218,x23=0x7fd3b20220,x24=0x0,x25=0x0,x26=0x0,x27=0x0,x28=0x0,x29=0x7fd3b20190,lr=0x5f5c8f4734,sp=0x7fd3b20180,pc=0x7c0c1d9700]
[15012|15012] event_addr:0x7c0c1d9700 hit_count:1069, Regs:
[x0=0x1,x1=0x5f5c8f3598,x2=0x1,x3=0x7fd3b201e8,x4=0x0,x5=0x1414d4c,x6=0x1414d4c,x7=0x0,x8=0x9b504536b1897347,x9=0x9b504536b1897347,x10=0x9b504536b1897347,x11=0x3e8,x12=0x3,x13=0x706f6f6c5f657469,x14=0x7c0fa4e280,x15=0x0,x16=0x5f5c8f5a00,x17=0x7c0c1d9700,x18=0x7c0f35c000,x19=0x5f5c8f470c,x20=0x1,x21=0x1,x22=0x7fd3b20218,x23=0x7fd3b20220,x24=0x0,x25=0x0,x26=0x0,x27=0x0,x28=0x0,x29=0x7fd3b20190,lr=0x5f5c8f4734,sp=0x7fd3b20180,pc=0x7c0c1d9700]
[15012|15012] event_addr:0x7c0c1d9700 hit_count:1070, Regs:
[x0=0x1,x1=0x5f5c8f3598,x2=0x1,x3=0x7fd3b201e8,x4=0x0,x5=0x1414d4c,x6=0x1414d4c,x7=0x0,x8=0x9b504536b1897347,x9=0x9b504536b1897347,x10=0x9b504536b1897347,x11=0x3e8,x12=0x3,x13=0x706f6f6c5f657469,x14=0x7c0fa4e280,x15=0x0,x16=0x5f5c8f5a00,x17=0x7c0c1d9700,x18=0x7c0f35c000,x19=0x5f5c8f470c,x20=0x1,x21=0x1,x22=0x7fd3b20218,x23=0x7fd3b20220,x24=0x0,x25=0x0,x26=0x0,x27=0x0,x28=0x0,x29=0x7fd3b20190,lr=0x5f5c8f4734,sp=0x7fd3b20180,pc=0x7c0c1d9700]
[15012|15012] event_addr:0x7c0c1d9700 hit_count:1071, Regs:
[x0=0x1,x1=0x5f5c8f3598,x2=0x1,x3=0x7fd3b201e8,x4=0x0,x5=0x1414d4c,x6=0x1414d4c,x7=0x0,x8=0x9b504536b1897347,x9=0x9b504536b1897347,x10=0x9b504536b1897347,x11=0x3e8,x12=0x3,x13=0x706f6f6c5f657469,x14=0x7c0fa4e280,x15=0x0,x16=0x5f5c8f5a00,x17=0x7c0c1d9700,x18=0x7c0f35c000,x19=0x5f5c8f470c,x20=0x1,x21=0x1,x22=0x7fd3b20218,x23=0x7fd3b20220,x24=0x0,x25=0x0,x26=0x0,x27=0x0,x28=0x0,x29=0x7fd3b20190,lr=0x5f5c8f4734,sp=0x7fd3b20180,pc=0x7c0c1d9700]
[15012|15012] event_addr:0x7c0c1d9700 hit_count:1072, Regs:
[x0=0x1,x1=0x5f5c8f3598,x2=0x1,x3=0x7fd3b201e8,x4=0x0,x5=0x1414d4c,x6=0x1414d4c,x7=0x0,x8=0x9b504536b1897347,x9=0x9b504536b1897347,x10=0x9b504536b1897347,x11=0x3e8,x12=0x3,x13=0x706f6f6c5f657469,x14=0x7c0fa4e280,x15=0x0,x16=0x5f5c8f5a00,x17=0x7c0c1d9700,x18=0x7c0f35c000,x19=0x5f5c8f470c,x20=0x1,x21=0x1,x22=0x7fd3b20218,x23=0x7fd3b20220,x24=0x0,x25=0x0,x26=0x0,x27=0x0,x28=0x0,x29=0x7fd3b20190,lr=0x5f5c8f4734,sp=0x7fd3b20180,pc=0x7c0c1d9700]
[15012|15012] event_addr:0x7c0c1d9700 hit_count:1073, Regs:
[x0=0x1,x1=0x5f5c8f3598,x2=0x1,x3=0x7fd3b201e8,x4=0x0,x5=0x1414d4c,x6=0x1414d4c,x7=0x0,x8=0x9b504536b1897347,x9=0x9b504536b1897347,x10=0x9b504536b1897347,x11=0x3e8,x12=0x3,x13=0x706f6f6c5f657469,x14=0x7c0fa4e280,x15=0x0,x16=0x5f5c8f5a00,x17=0x7c0c1d9700,x18=0x7c0f35c000,x19=0x5f5c8f470c,x20=0x1,x21=0x1,x22=0x7fd3b20218,x23=0x7fd3b20220,x24=0x0,x25=0x0,x26=0x0,x27=0x0,x28=0x0,x29=0x7fd3b20190,lr=0x5f5c8f4734,sp=0x7fd3b20180,pc=0x7c0c1d9700]
[15012|15012] event_addr:0x7c0c1d9700 hit_count:1074, Regs:
[x0=0x1,x1=0x5f5c8f3598,x2=0x1,x3=0x7fd3b201e8,x4=0x0,x5=0x1414d4c,x6=0x1414d4c,x7=0x0,x8=0x9b504536b1897347,x9=0x9b504536b1897347,x10=0x9b504536b1897347,x11=0x3e8,x12=0x3,x13=0x706f6f6c5f657469,x14=0x7c0fa4e280,x15=0x0,x16=0x5f5c8f5a00,x17=0x7c0c1d9700,x18=0x7c0f35c000,x19=0x5f5c8f470c,x20=0x1,x21=0x1,x22=0x7fd3b20218,x23=0x7fd3b20220,x24=0x0,x25=0x0,x26=0x0,x27=0x0,x28=0x0,x29=0x7fd3b20190,lr=0x5f5c8f4734,sp=0x7fd3b20180,pc=0x7c0c1d9700]
[15012|15012] event_addr:0x7c0c1d9700 hit_count:1075, Regs:
[x0=0x1,x1=0x5f5c8f3598,x2=0x1,x3=0x7fd3b201e8,x4=0x0,x5=0x1414d4c,x6=0x1414d4c,x7=0x0,x8=0x9b504536b1897347,x9=0x9b504536b1897347,x10=0x9b504536b1897347,x11=0x3e8,x12=0x3,x13=0x706f6f6c5f657469,x14=0x7c0fa4e280,x15=0x0,x16=0x5f5c8f5a00,x17=0x7c0c1d9700,x18=0x7c0f35c000,x19=0x5f5c8f470c,x20=0x1,x21=0x1,x22=0x7fd3b20218,x23=0x7fd3b20220,x24=0x0,x25=0x0,x26=0x0,x27=0x0,x28=0x0,x29=0x7fd3b20190,lr=0x5f5c8f4734,sp=0x7fd3b20180,pc=0x7c0c1d9700]
[15012|15012] event_addr:0x7c0c1d9700 hit_count:1076, Regs:
[x0=0x1,x1=0x5f5c8f3598,x2=0x1,x3=0x7fd3b201e8,x4=0x0,x5=0x1414d4c,x6=0x1414d4c,x7=0x0,x8=0x9b504536b1897347,x9=0x9b504536b1897347,x10=0x9b504536b1897347,x11=0x3e8,x12=0x3,x13=0x706f6f6c5f657469,x14=0x7c0fa4e280,x15=0x0,x16=0x5f5c8f5a00,x17=0x7c0c1d9700,x18=0x7c0f35c000,x19=0x5f5c8f470c,x20=0x1,x21=0x1,x22=0x7fd3b20218,x23=0x7fd3b20220,x24=0x0,x25=0x0,x26=0x0,x27=0x0,x28=0x0,x29=0x7fd3b20190,lr=0x5f5c8f4734,sp=0x7fd3b20180,pc=0x7c0c1d9700]
[15012|15012] event_addr:0x7c0c1d9700 hit_count:1077, Regs:
[x0=0x1,x1=0x5f5c8f3598,x2=0x1,x3=0x7fd3b201e8,x4=0x0,x5=0x1414d4c,x6=0x1414d4c,x7=0x0,x8=0x9b504536b1897347,x9=0x9b504536b1897347,x10=0x9b504536b1897347,x11=0x3e8,x12=0x3,x13=0x706f6f6c5f657469,x14=0x7c0fa4e280,x15=0x0,x16=0x5f5c8f5a00,x17=0x7c0c1d9700,x18=0x7c0f35c000,x19=0x5f5c8f470c,x20=0x1,x21=0x1,x22=0x7fd3b20218,x23=0x7fd3b20220,x24=0x0,x25=0x0,x26=0x0,x27=0x0,x28=0x0,x29=0x7fd3b20190,lr=0x5f5c8f4734,sp=0x7fd3b20180,pc=0x7c0c1d9700]
[15012|15012] event_addr:0x7c0c1d9700 hit_count:1078, Regs:
[x0=0x1,x1=0x5f5c8f3598,x2=0x1,x3=0x7fd3b201e8,x4=0x0,x5=0x1414d4c,x6=0x1414d4c,x7=0x0,x8=0x9b504536b1897347,x9=0x9b504536b1897347,x10=0x9b504536b1897347,x11=0x3e8,x12=0x3,x13=0x706f6f6c5f657469,x14=0x7c0fa4e280,x15=0x0,x16=0x5f5c8f5a00,x17=0x7c0c1d9700,x18=0x7c0f35c000,x19=0x5f5c8f470c,x20=0x1,x21=0x1,x22=0x7fd3b20218,x23=0x7fd3b20220,x24=0x0,x25=0x0,x26=0x0,x27=0x0,x28=0x0,x29=0x7fd3b20190,lr=0x5f5c8f4734,sp=0x7fd3b20180,pc=0x7c0c1d9700]
[15012|15012] event_addr:0x7c0c1d9700 hit_count:1079, Regs:
[x0=0x1,x1=0x5f5c8f3598,x2=0x1,x3=0x7fd3b201e8,x4=0x0,x5=0x1414d4c,x6=0x1414d4c,x7=0x0,x8=0x9b504536b1897347,x9=0x9b504536b1897347,x10=0x9b504536b1897347,x11=0x3e8,x12=0x3,x13=0x706f6f6c5f657469,x14=0x7c0fa4e280,x15=0x0,x16=0x5f5c8f5a00,x17=0x7c0c1d9700,x18=0x7c0f35c000,x19=0x5f5c8f470c,x20=0x1,x21=0x1,x22=0x7fd3b20218,x23=0x7fd3b20220,x24=0x0,x25=0x0,x26=0x0,x27=0x0,x28=0x0,x29=0x7fd3b20190,lr=0x5f5c8f4734,sp=0x7fd3b20180,pc=0x7c0c1d9700]
[15012|15012] event_addr:0x7c0c1d9700 hit_count:1080, Regs:
[x0=0x1,x1=0x5f5c8f3598,x2=0x1,x3=0x7fd3b201e8,x4=0x0,x5=0x1414d4c,x6=0x1414d4c,x7=0x0,x8=0x9b504536b1897347,x9=0x9b504536b1897347,x10=0x9b504536b1897347,x11=0x3e8,x12=0x3,x13=0x706f6f6c5f657469,x14=0x7c0fa4e280,x15=0x0,x16=0x5f5c8f5a00,x17=0x7c0c1d9700,x18=0x7c0f35c000,x19=0x5f5c8f470c,x20=0x1,x21=0x1,x22=0x7fd3b20218,x23=0x7fd3b20220,x24=0x0,x25=0x0,x26=0x0,x27=0x0,x28=0x0,x29=0x7fd3b20190,lr=0x5f5c8f4734,sp=0x7fd3b20180,pc=0x7c0c1d9700]
[15012|15012] event_addr:0x7c0c1d9700 hit_count:1081, Regs:
[x0=0x1,x1=0x5f5c8f3598,x2=0x1,x3=0x7fd3b201e8,x4=0x0,x5=0x1414d4c,x6=0x1414d4c,x7=0x0,x8=0x9b504536b1897347,x9=0x9b504536b1897347,x10=0x9b504536b1897347,x11=0x3e8,x12=0x3,x13=0x706f6f6c5f657469,x14=0x7c0fa4e280,x15=0x0,x16=0x5f5c8f5a00,x17=0x7c0c1d9700,x18=0x7c0f35c000,x19=0x5f5c8f470c,x20=0x1,x21=0x1,x22=0x7fd3b20218,x23=0x7fd3b20220,x24=0x0,x25=0x0,x26=0x0,x27=0x0,x28=0x0,x29=0x7fd3b20190,lr=0x5f5c8f4734,sp=0x7fd3b20180,pc=0x7c0c1d9700]
[15012|15012] event_addr:0x7c0c1d9700 hit_count:1082, Regs:
[x0=0x1,x1=0x5f5c8f3598,x2=0x1,x3=0x7fd3b201e8,x4=0x0,x5=0x1414d4c,x6=0x1414d4c,x7=0x0,x8=0x9b504536b1897347,x9=0x9b504536b1897347,x10=0x9b504536b1897347,x11=0x3e8,x12=0x3,x13=0x706f6f6c5f657469,x14=0x7c0fa4e280,x15=0x0,x16=0x5f5c8f5a00,x17=0x7c0c1d9700,x18=0x7c0f35c000,x19=0x5f5c8f470c,x20=0x1,x21=0x1,x22=0x7fd3b20218,x23=0x7fd3b20220,x24=0x0,x25=0x0,x26=0x0,x27=0x0,x28=0x0,x29=0x7fd3b20190,lr=0x5f5c8f4734,sp=0x7fd3b20180,pc=0x7c0c1d9700]
[15012|15012] event_addr:0x7c0c1d9700 hit_count:1083, Regs:
[x0=0x1,x1=0x5f5c8f3598,x2=0x1,x3=0x7fd3b201e8,x4=0x0,x5=0x1414d4c,x6=0x1414d4c,x7=0x0,x8=0x9b504536b1897347,x9=0x9b504536b1897347,x10=0x9b504536b1897347,x11=0x3e8,x12=0x3,x13=0x706f6f6c5f657469,x14=0x7c0fa4e280,x15=0x0,x16=0x5f5c8f5a00,x17=0x7c0c1d9700,x18=0x7c0f35c000,x19=0x5f5c8f470c,x20=0x1,x21=0x1,x22=0x7fd3b20218,x23=0x7fd3b20220,x24=0x0,x25=0x0,x26=0x0,x27=0x0,x28=0x0,x29=0x7fd3b20190,lr=0x5f5c8f4734,sp=0x7fd3b20180,pc=0x7c0c1d9700]
[15012|15012] event_addr:0x7c0c1d9700 hit_count:1084, Regs:
[x0=0x1,x1=0x5f5c8f3598,x2=0x1,x3=0x7fd3b201e8,x4=0x0,x5=0x1414d4c,x6=0x1414d4c,x7=0x0,x8=0x9b504536b1897347,x9=0x9b504536b1897347,x10=0x9b504536b1897347,x11=0x3e8,x12=0x3,x13=0x706f6f6c5f657469,x14=0x7c0fa4e280,x15=0x0,x16=0x5f5c8f5a00,x17=0x7c0c1d9700,x18=0x7c0f35c000,x19=0x5f5c8f470c,x20=0x1,x21=0x1,x22=0x7fd3b20218,x23=0x7fd3b20220,x24=0x0,x25=0x0,x26=0x0,x27=0x0,x28=0x0,x29=0x7fd3b20190,lr=0x5f5c8f4734,sp=0x7fd3b20180,pc=0x7c0c1d9700]
[15012|15012] event_addr:0x7c0c1d9700 hit_count:1085, Regs:
[x0=0x1,x1=0x5f5c8f3598,x2=0x1,x3=0x7fd3b201e8,x4=0x0,x5=0x1414d4c,x6=0x1414d4c,x7=0x0,x8=0x9b504536b1897347,x9=0x9b504536b1897347,x10=0x9b504536b1897347,x11=0x3e8,x12=0x3,x13=0x706f6f6c5f657469,x14=0x7c0fa4e280,x15=0x0,x16=0x5f5c8f5a00,x17=0x7c0c1d9700,x18=0x7c0f35c000,x19=0x5f5c8f470c,x20=0x1,x21=0x1,x22=0x7fd3b20218,x23=0x7fd3b20220,x24=0x0,x25=0x0,x26=0x0,x27=0x0,x28=0x0,x29=0x7fd3b20190,lr=0x5f5c8f4734,sp=0x7fd3b20180,pc=0x7c0c1d9700]
[15012|15012] event_addr:0x7c0c1d9700 hit_count:1086, Regs:
[x0=0x1,x1=0x5f5c8f3598,x2=0x1,x3=0x7fd3b201e8,x4=0x0,x5=0x1414d4c,x6=0x1414d4c,x7=0x0,x8=0x9b504536b1897347,x9=0x9b504536b1897347,x10=0x9b504536b1897347,x11=0x3e8,x12=0x3,x13=0x706f6f6c5f657469,x14=0x7c0fa4e280,x15=0x0,x16=0x5f5c8f5a00,x17=0x7c0c1d9700,x18=0x7c0f35c000,x19=0x5f5c8f470c,x20=0x1,x21=0x1,x22=0x7fd3b20218,x23=0x7fd3b20220,x24=0x0,x25=0x0,x26=0x0,x27=0x0,x28=0x0,x29=0x7fd3b20190,lr=0x5f5c8f4734,sp=0x7fd3b20180,pc=0x7c0c1d9700]
[15012|15012] event_addr:0x7c0c1d9700 hit_count:1087, Regs:
[x0=0x1,x1=0x5f5c8f3598,x2=0x1,x3=0x7fd3b201e8,x4=0x0,x5=0x1414d4c,x6=0x1414d4c,x7=0x0,x8=0x9b504536b1897347,x9=0x9b504536b1897347,x10=0x9b504536b1897347,x11=0x3e8,x12=0x3,x13=0x706f6f6c5f657469,x14=0x7c0fa4e280,x15=0x0,x16=0x5f5c8f5a00,x17=0x7c0c1d9700,x18=0x7c0f35c000,x19=0x5f5c8f470c,x20=0x1,x21=0x1,x22=0x7fd3b20218,x23=0x7fd3b20220,x24=0x0,x25=0x0,x26=0x0,x27=0x0,x28=0x0,x29=0x7fd3b20190,lr=0x5f5c8f4734,sp=0x7fd3b20180,pc=0x7c0c1d9700]
[15012|15012] event_addr:0x7c0c1d9700 hit_count:1088, Regs:
[x0=0x1,x1=0x5f5c8f3598,x2=0x1,x3=0x7fd3b201e8,x4=0x0,x5=0x1414d4c,x6=0x1414d4c,x7=0x0,x8=0x9b504536b1897347,x9=0x9b504536b1897347,x10=0x9b504536b1897347,x11=0x3e8,x12=0x3,x13=0x706f6f6c5f657469,x14=0x7c0fa4e280,x15=0x0,x16=0x5f5c8f5a00,x17=0x7c0c1d9700,x18=0x7c0f35c000,x19=0x5f5c8f470c,x20=0x1,x21=0x1,x22=0x7fd3b20218,x23=0x7fd3b20220,x24=0x0,x25=0x0,x26=0x0,x27=0x0,x28=0x0,x29=0x7fd3b20190,lr=0x5f5c8f4734,sp=0x7fd3b20180,pc=0x7c0c1d9700]
[15012|15012] event_addr:0x7c0c1d9700 hit_count:1089, Regs:
[x0=0x1,x1=0x5f5c8f3598,x2=0x1,x3=0x7fd3b201e8,x4=0x0,x5=0x1414d4c,x6=0x1414d4c,x7=0x0,x8=0x9b504536b1897347,x9=0x9b504536b1897347,x10=0x9b504536b1897347,x11=0x3e8,x12=0x3,x13=0x706f6f6c5f657469,x14=0x7c0fa4e280,x15=0x0,x16=0x5f5c8f5a00,x17=0x7c0c1d9700,x18=0x7c0f35c000,x19=0x5f5c8f470c,x20=0x1,x21=0x1,x22=0x7fd3b20218,x23=0x7fd3b20220,x24=0x0,x25=0x0,x26=0x0,x27=0x0,x28=0x0,x29=0x7fd3b20190,lr=0x5f5c8f4734,sp=0x7fd3b20180,pc=0x7c0c1d9700]
[15012|15012] event_addr:0x7c0c1d9700 hit_count:1090, Regs:
[x0=0x1,x1=0x5f5c8f3598,x2=0x1,x3=0x7fd3b201e8,x4=0x0,x5=0x1414d4c,x6=0x1414d4c,x7=0x0,x8=0x9b504536b1897347,x9=0x9b504536b1897347,x10=0x9b504536b1897347,x11=0x3e8,x12=0x3,x13=0x706f6f6c5f657469,x14=0x7c0fa4e280,x15=0x0,x16=0x5f5c8f5a00,x17=0x7c0c1d9700,x18=0x7c0f35c000,x19=0x5f5c8f470c,x20=0x1,x21=0x1,x22=0x7fd3b20218,x23=0x7fd3b20220,x24=0x0,x25=0x0,x26=0x0,x27=0x0,x28=0x0,x29=0x7fd3b20190,lr=0x5f5c8f4734,sp=0x7fd3b20180,pc=0x7c0c1d9700]
[15012|15012] event_addr:0x7c0c1d9700 hit_count:1091, Regs:
[x0=0x1,x1=0x5f5c8f3598,x2=0x1,x3=0x7fd3b201e8,x4=0x0,x5=0x1414d4c,x6=0x1414d4c,x7=0x0,x8=0x9b504536b1897347,x9=0x9b504536b1897347,x10=0x9b504536b1897347,x11=0x3e8,x12=0x3,x13=0x706f6f6c5f657469,x14=0x7c0fa4e280,x15=0x0,x16=0x5f5c8f5a00,x17=0x7c0c1d9700,x18=0x7c0f35c000,x19=0x5f5c8f470c,x20=0x1,x21=0x1,x22=0x7fd3b20218,x23=0x7fd3b20220,x24=0x0,x25=0x0,x26=0x0,x27=0x0,x28=0x0,x29=0x7fd3b20190,lr=0x5f5c8f4734,sp=0x7fd3b20180,pc=0x7c0c1d9700]
[15012|15012] event_addr:0x7c0c1d9700 hit_count:1092, Regs:
[x0=0x1,x1=0x5f5c8f3598,x2=0x1,x3=0x7fd3b201e8,x4=0x0,x5=0x1414d4c,x6=0x1414d4c,x7=0x0,x8=0x9b504536b1897347,x9=0x9b504536b1897347,x10=0x9b504536b1897347,x11=0x3e8,x12=0x3,x13=0x706f6f6c5f657469,x14=0x7c0fa4e280,x15=0x0,x16=0x5f5c8f5a00,x17=0x7c0c1d9700,x18=0x7c0f35c000,x19=0x5f5c8f470c,x20=0x1,x21=0x1,x22=0x7fd3b20218,x23=0x7fd3b20220,x24=0x0,x25=0x0,x26=0x0,x27=0x0,x28=0x0,x29=0x7fd3b20190,lr=0x5f5c8f4734,sp=0x7fd3b20180,pc=0x7c0c1d9700]
[15012|15012] event_addr:0x7c0c1d9700 hit_count:1093, Regs:
[x0=0x1,x1=0x5f5c8f3598,x2=0x1,x3=0x7fd3b201e8,x4=0x0,x5=0x1414d4c,x6=0x1414d4c,x7=0x0,x8=0x9b504536b1897347,x9=0x9b504536b1897347,x10=0x9b504536b1897347,x11=0x3e8,x12=0x3,x13=0x706f6f6c5f657469,x14=0x7c0fa4e280,x15=0x0,x16=0x5f5c8f5a00,x17=0x7c0c1d9700,x18=0x7c0f35c000,x19=0x5f5c8f470c,x20=0x1,x21=0x1,x22=0x7fd3b20218,x23=0x7fd3b20220,x24=0x0,x25=0x0,x26=0x0,x27=0x0,x28=0x0,x29=0x7fd3b20190,lr=0x5f5c8f4734,sp=0x7fd3b20180,pc=0x7c0c1d9700]
[15012|15012] event_addr:0x7c0c1d9700 hit_count:1094, Regs:
[x0=0x1,x1=0x5f5c8f3598,x2=0x1,x3=0x7fd3b201e8,x4=0x0,x5=0x1414d4c,x6=0x1414d4c,x7=0x0,x8=0x9b504536b1897347,x9=0x9b504536b1897347,x10=0x9b504536b1897347,x11=0x3e8,x12=0x3,x13=0x706f6f6c5f657469,x14=0x7c0fa4e280,x15=0x0,x16=0x5f5c8f5a00,x17=0x7c0c1d9700,x18=0x7c0f35c000,x19=0x5f5c8f470c,x20=0x1,x21=0x1,x22=0x7fd3b20218,x23=0x7fd3b20220,x24=0x0,x25=0x0,x26=0x0,x27=0x0,x28=0x0,x29=0x7fd3b20190,lr=0x5f5c8f4734,sp=0x7fd3b20180,pc=0x7c0c1d9700]
[15012|15012] event_addr:0x7c0c1d9700 hit_count:1095, Regs:
[x0=0x1,x1=0x5f5c8f3598,x2=0x1,x3=0x7fd3b201e8,x4=0x0,x5=0x1414d4c,x6=0x1414d4c,x7=0x0,x8=0x9b504536b1897347,x9=0x9b504536b1897347,x10=0x9b504536b1897347,x11=0x3e8,x12=0x3,x13=0x706f6f6c5f657469,x14=0x7c0fa4e280,x15=0x0,x16=0x5f5c8f5a00,x17=0x7c0c1d9700,x18=0x7c0f35c000,x19=0x5f5c8f470c,x20=0x1,x21=0x1,x22=0x7fd3b20218,x23=0x7fd3b20220,x24=0x0,x25=0x0,x26=0x0,x27=0x0,x28=0x0,x29=0x7fd3b20190,lr=0x5f5c8f4734,sp=0x7fd3b20180,pc=0x7c0c1d9700]
[15012|15012] event_addr:0x7c0c1d9700 hit_count:1096, Regs:
[x0=0x1,x1=0x5f5c8f3598,x2=0x1,x3=0x7fd3b201e8,x4=0x0,x5=0x1414d4c,x6=0x1414d4c,x7=0x0,x8=0x9b504536b1897347,x9=0x9b504536b1897347,x10=0x9b504536b1897347,x11=0x3e8,x12=0x3,x13=0x706f6f6c5f657469,x14=0x7c0fa4e280,x15=0x0,x16=0x5f5c8f5a00,x17=0x7c0c1d9700,x18=0x7c0f35c000,x19=0x5f5c8f470c,x20=0x1,x21=0x1,x22=0x7fd3b20218,x23=0x7fd3b20220,x24=0x0,x25=0x0,x26=0x0,x27=0x0,x28=0x0,x29=0x7fd3b20190,lr=0x5f5c8f4734,sp=0x7fd3b20180,pc=0x7c0c1d9700]
[15012|15012] event_addr:0x7c0c1d9700 hit_count:1097, Regs:
[x0=0x1,x1=0x5f5c8f3598,x2=0x1,x3=0x7fd3b201e8,x4=0x0,x5=0x1414d4c,x6=0x1414d4c,x7=0x0,x8=0x9b504536b1897347,x9=0x9b504536b1897347,x10=0x9b504536b1897347,x11=0x3e8,x12=0x3,x13=0x706f6f6c5f657469,x14=0x7c0fa4e280,x15=0x0,x16=0x5f5c8f5a00,x17=0x7c0c1d9700,x18=0x7c0f35c000,x19=0x5f5c8f470c,x20=0x1,x21=0x1,x22=0x7fd3b20218,x23=0x7fd3b20220,x24=0x0,x25=0x0,x26=0x0,x27=0x0,x28=0x0,x29=0x7fd3b20190,lr=0x5f5c8f4734,sp=0x7fd3b20180,pc=0x7c0c1d9700]
[15012|15012] event_addr:0x7c0c1d9700 hit_count:1098, Regs:
[x0=0x1,x1=0x5f5c8f3598,x2=0x1,x3=0x7fd3b201e8,x4=0x0,x5=0x1414d4c,x6=0x1414d4c,x7=0x0,x8=0x9b504536b1897347,x9=0x9b504536b1897347,x10=0x9b504536b1897347,x11=0x3e8,x12=0x3,x13=0x706f6f6c5f657469,x14=0x7c0fa4e280,x15=0x0,x16=0x5f5c8f5a00,x17=0x7c0c1d9700,x18=0x7c0f35c000,x19=0x5f5c8f470c,x20=0x1,x21=0x1,x22=0x7fd3b20218,x23=0x7fd3b20220,x24=0x0,x25=0x0,x26=0x0,x27=0x0,x28=0x0,x29=0x7fd3b20190,lr=0x5f5c8f4734,sp=0x7fd3b20180,pc=0x7c0c1d9700]
[15012|15012] event_addr:0x7c0c1d9700 hit_count:1099, Regs:
[x0=0x1,x1=0x5f5c8f3598,x2=0x1,x3=0x7fd3b201e8,x4=0x0,x5=0x1414d4c,x6=0x1414d4c,x7=0x0,x8=0x9b504536b1897347,x9=0x9b504536b1897347,x10=0x9b504536b1897347,x11=0x3e8,x12=0x3,x13=0x706f6f6c5f657469,x14=0x7c0fa4e280,x15=0x0,x16=0x5f5c8f5a00,x17=0x7c0c1d9700,x18=0x7c0f35c000,x19=0x5f5c8f470c,x20=0x1,x21=0x1,x22=0x7fd3b20218,x23=0x7fd3b20220,x24=0x0,x25=0x0,x26=0x0,x27=0x0,x28=0x0,x29=0x7fd3b20190,lr=0x5f5c8f4734,sp=0x7fd3b20180,pc=0x7c0c1d9700]
[15012|15012] event_addr:0x7c0c1d9700 hit_count:1100, Regs:
[x0=0x1,x1=0x5f5c8f3598,x2=0x1,x3=0x7fd3b201e8,x4=0x0,x5=0x1414d4c,x6=0x1414d4c,x7=0x0,x8=0x9b504536b1897347,x9=0x9b504536b1897347,x10=0x9b504536b1897347,x11=0x3e8,x12=0x3,x13=0x706f6f6c5f657469,x14=0x7c0fa4e280,x15=0x0,x16=0x5f5c8f5a00,x17=0x7c0c1d9700,x18=0x7c0f35c000,x19=0x5f5c8f470c,x20=0x1,x21=0x1,x22=0x7fd3b20218,x23=0x7fd3b20220,x24=0x0,x25=0x0,x26=0x0,x27=0x0,x28=0x0,x29=0x7fd3b20190,lr=0x5f5c8f4734,sp=0x7fd3b20180,pc=0x7c0c1d9700]
[15012|15012] event_addr:0x7c0c1d9700 hit_count:1101, Regs:
[x0=0x1,x1=0x5f5c8f3598,x2=0x1,x3=0x7fd3b201e8,x4=0x0,x5=0x1414d4c,x6=0x1414d4c,x7=0x0,x8=0x9b504536b1897347,x9=0x9b504536b1897347,x10=0x9b504536b1897347,x11=0x3e8,x12=0x3,x13=0x706f6f6c5f657469,x14=0x7c0fa4e280,x15=0x0,x16=0x5f5c8f5a00,x17=0x7c0c1d9700,x18=0x7c0f35c000,x19=0x5f5c8f470c,x20=0x1,x21=0x1,x22=0x7fd3b20218,x23=0x7fd3b20220,x24=0x0,x25=0x0,x26=0x0,x27=0x0,x28=0x0,x29=0x7fd3b20190,lr=0x5f5c8f4734,sp=0x7fd3b20180,pc=0x7c0c1d9700]
[15012|15012] event_addr:0x7c0c1d9700 hit_count:1102, Regs:
[x0=0x1,x1=0x5f5c8f3598,x2=0x1,x3=0x7fd3b201e8,x4=0x0,x5=0x1414d4c,x6=0x1414d4c,x7=0x0,x8=0x9b504536b1897347,x9=0x9b504536b1897347,x10=0x9b504536b1897347,x11=0x3e8,x12=0x3,x13=0x706f6f6c5f657469,x14=0x7c0fa4e280,x15=0x0,x16=0x5f5c8f5a00,x17=0x7c0c1d9700,x18=0x7c0f35c000,x19=0x5f5c8f470c,x20=0x1,x21=0x1,x22=0x7fd3b20218,x23=0x7fd3b20220,x24=0x0,x25=0x0,x26=0x0,x27=0x0,x28=0x0,x29=0x7fd3b20190,lr=0x5f5c8f4734,sp=0x7fd3b20180,pc=0x7c0c1d9700]
[15012|15012] event_addr:0x7c0c1d9700 hit_count:1103, Regs:
[x0=0x1,x1=0x5f5c8f3598,x2=0x1,x3=0x7fd3b201e8,x4=0x0,x5=0x1414d4c,x6=0x1414d4c,x7=0x0,x8=0x9b504536b1897347,x9=0x9b504536b1897347,x10=0x9b504536b1897347,x11=0x3e8,x12=0x3,x13=0x706f6f6c5f657469,x14=0x7c0fa4e280,x15=0x0,x16=0x5f5c8f5a00,x17=0x7c0c1d9700,x18=0x7c0f35c000,x19=0x5f5c8f470c,x20=0x1,x21=0x1,x22=0x7fd3b20218,x23=0x7fd3b20220,x24=0x0,x25=0x0,x26=0x0,x27=0x0,x28=0x0,x29=0x7fd3b20190,lr=0x5f5c8f4734,sp=0x7fd3b20180,pc=0x7c0c1d9700]
[15012|15012] event_addr:0x7c0c1d9700 hit_count:1104, Regs:
[x0=0x1,x1=0x5f5c8f3598,x2=0x1,x3=0x7fd3b201e8,x4=0x0,x5=0x1414d4c,x6=0x1414d4c,x7=0x0,x8=0x9b504536b1897347,x9=0x9b504536b1897347,x10=0x9b504536b1897347,x11=0x3e8,x12=0x3,x13=0x706f6f6c5f657469,x14=0x7c0fa4e280,x15=0x0,x16=0x5f5c8f5a00,x17=0x7c0c1d9700,x18=0x7c0f35c000,x19=0x5f5c8f470c,x20=0x1,x21=0x1,x22=0x7fd3b20218,x23=0x7fd3b20220,x24=0x0,x25=0x0,x26=0x0,x27=0x0,x28=0x0,x29=0x7fd3b20190,lr=0x5f5c8f4734,sp=0x7fd3b20180,pc=0x7c0c1d9700]
[15012|15012] event_addr:0x7c0c1d9700 hit_count:1105, Regs:
[x0=0x1,x1=0x5f5c8f3598,x2=0x1,x3=0x7fd3b201e8,x4=0x0,x5=0x1414d4c,x6=0x1414d4c,x7=0x0,x8=0x9b504536b1897347,x9=0x9b504536b1897347,x10=0x9b504536b1897347,x11=0x3e8,x12=0x3,x13=0x706f6f6c5f657469,x14=0x7c0fa4e280,x15=0x0,x16=0x5f5c8f5a00,x17=0x7c0c1d9700,x18=0x7c0f35c000,x19=0x5f5c8f470c,x20=0x1,x21=0x1,x22=0x7fd3b20218,x23=0x7fd3b20220,x24=0x0,x25=0x0,x26=0x0,x27=0x0,x28=0x0,x29=0x7fd3b20190,lr=0x5f5c8f4734,sp=0x7fd3b20180,pc=0x7c0c1d9700]
[15012|15012] event_addr:0x7c0c1d9700 hit_count:1106, Regs:
[x0=0x1,x1=0x5f5c8f3598,x2=0x1,x3=0x7fd3b201e8,x4=0x0,x5=0x1414d4c,x6=0x1414d4c,x7=0x0,x8=0x9b504536b1897347,x9=0x9b504536b1897347,x10=0x9b504536b1897347,x11=0x3e8,x12=0x3,x13=0x706f6f6c5f657469,x14=0x7c0fa4e280,x15=0x0,x16=0x5f5c8f5a00,x17=0x7c0c1d9700,x18=0x7c0f35c000,x19=0x5f5c8f470c,x20=0x1,x21=0x1,x22=0x7fd3b20218,x23=0x7fd3b20220,x24=0x0,x25=0x0,x26=0x0,x27=0x0,x28=0x0,x29=0x7fd3b20190,lr=0x5f5c8f4734,sp=0x7fd3b20180,pc=0x7c0c1d9700]
[15012|15012] event_addr:0x7c0c1d9700 hit_count:1107, Regs:
[x0=0x1,x1=0x5f5c8f3598,x2=0x1,x3=0x7fd3b201e8,x4=0x0,x5=0x1414d4c,x6=0x1414d4c,x7=0x0,x8=0x9b504536b1897347,x9=0x9b504536b1897347,x10=0x9b504536b1897347,x11=0x3e8,x12=0x3,x13=0x706f6f6c5f657469,x14=0x7c0fa4e280,x15=0x0,x16=0x5f5c8f5a00,x17=0x7c0c1d9700,x18=0x7c0f35c000,x19=0x5f5c8f470c,x20=0x1,x21=0x1,x22=0x7fd3b20218,x23=0x7fd3b20220,x24=0x0,x25=0x0,x26=0x0,x27=0x0,x28=0x0,x29=0x7fd3b20190,lr=0x5f5c8f4734,sp=0x7fd3b20180,pc=0x7c0c1d9700]
[15012|15012] event_addr:0x7c0c1d9700 hit_count:1108, Regs:
[x0=0x1,x1=0x5f5c8f3598,x2=0x1,x3=0x7fd3b201e8,x4=0x0,x5=0x1414d4c,x6=0x1414d4c,x7=0x0,x8=0x9b504536b1897347,x9=0x9b504536b1897347,x10=0x9b504536b1897347,x11=0x3e8,x12=0x3,x13=0x706f6f6c5f657469,x14=0x7c0fa4e280,x15=0x0,x16=0x5f5c8f5a00,x17=0x7c0c1d9700,x18=0x7c0f35c000,x19=0x5f5c8f470c,x20=0x1,x21=0x1,x22=0x7fd3b20218,x23=0x7fd3b20220,x24=0x0,x25=0x0,x26=0x0,x27=0x0,x28=0x0,x29=0x7fd3b20190,lr=0x5f5c8f4734,sp=0x7fd3b20180,pc=0x7c0c1d9700]
[15012|15012] event_addr:0x7c0c1d9700 hit_count:1109, Regs:
[x0=0x1,x1=0x5f5c8f3598,x2=0x1,x3=0x7fd3b201e8,x4=0x0,x5=0x1414d4c,x6=0x1414d4c,x7=0x0,x8=0x9b504536b1897347,x9=0x9b504536b1897347,x10=0x9b504536b1897347,x11=0x3e8,x12=0x3,x13=0x706f6f6c5f657469,x14=0x7c0fa4e280,x15=0x0,x16=0x5f5c8f5a00,x17=0x7c0c1d9700,x18=0x7c0f35c000,x19=0x5f5c8f470c,x20=0x1,x21=0x1,x22=0x7fd3b20218,x23=0x7fd3b20220,x24=0x0,x25=0x0,x26=0x0,x27=0x0,x28=0x0,x29=0x7fd3b20190,lr=0x5f5c8f4734,sp=0x7fd3b20180,pc=0x7c0c1d9700]
[15012|15012] event_addr:0x7c0c1d9700 hit_count:1110, Regs:
[x0=0x1,x1=0x5f5c8f3598,x2=0x1,x3=0x7fd3b201e8,x4=0x0,x5=0x1414d4c,x6=0x1414d4c,x7=0x0,x8=0x9b504536b1897347,x9=0x9b504536b1897347,x10=0x9b504536b1897347,x11=0x3e8,x12=0x3,x13=0x706f6f6c5f657469,x14=0x7c0fa4e280,x15=0x0,x16=0x5f5c8f5a00,x17=0x7c0c1d9700,x18=0x7c0f35c000,x19=0x5f5c8f470c,x20=0x1,x21=0x1,x22=0x7fd3b20218,x23=0x7fd3b20220,x24=0x0,x25=0x0,x26=0x0,x27=0x0,x28=0x0,x29=0x7fd3b20190,lr=0x5f5c8f4734,sp=0x7fd3b20180,pc=0x7c0c1d9700]
[15012|15012] event_addr:0x7c0c1d9700 hit_count:1111, Regs:
[x0=0x1,x1=0x5f5c8f3598,x2=0x1,x3=0x7fd3b201e8,x4=0x0,x5=0x1414d4c,x6=0x1414d4c,x7=0x0,x8=0x9b504536b1897347,x9=0x9b504536b1897347,x10=0x9b504536b1897347,x11=0x3e8,x12=0x3,x13=0x706f6f6c5f657469,x14=0x7c0fa4e280,x15=0x0,x16=0x5f5c8f5a00,x17=0x7c0c1d9700,x18=0x7c0f35c000,x19=0x5f5c8f470c,x20=0x1,x21=0x1,x22=0x7fd3b20218,x23=0x7fd3b20220,x24=0x0,x25=0x0,x26=0x0,x27=0x0,x28=0x0,x29=0x7fd3b20190,lr=0x5f5c8f4734,sp=0x7fd3b20180,pc=0x7c0c1d9700]
[15012|15012] event_addr:0x7c0c1d9700 hit_count:1112, Regs:
[x0=0x1,x1=0x5f5c8f3598,x2=0x1,x3=0x7fd3b201e8,x4=0x0,x5=0x1414d4c,x6=0x1414d4c,x7=0x0,x8=0x9b504536b1897347,x9=0x9b504536b1897347,x10=0x9b504536b1897347,x11=0x3e8,x12=0x3,x13=0x706f6f6c5f657469,x14=0x7c0fa4e280,x15=0x0,x16=0x5f5c8f5a00,x17=0x7c0c1d9700,x18=0x7c0f35c000,x19=0x5f5c8f470c,x20=0x1,x21=0x1,x22=0x7fd3b20218,x23=0x7fd3b20220,x24=0x0,x25=0x0,x26=0x0,x27=0x0,x28=0x0,x29=0x7fd3b20190,lr=0x5f5c8f4734,sp=0x7fd3b20180,pc=0x7c0c1d9700]
[15012|15012] event_addr:0x7c0c1d9700 hit_count:1113, Regs:
[x0=0x1,x1=0x5f5c8f3598,x2=0x1,x3=0x7fd3b201e8,x4=0x0,x5=0x1414d4c,x6=0x1414d4c,x7=0x0,x8=0x9b504536b1897347,x9=0x9b504536b1897347,x10=0x9b504536b1897347,x11=0x3e8,x12=0x3,x13=0x706f6f6c5f657469,x14=0x7c0fa4e280,x15=0x0,x16=0x5f5c8f5a00,x17=0x7c0c1d9700,x18=0x7c0f35c000,x19=0x5f5c8f470c,x20=0x1,x21=0x1,x22=0x7fd3b20218,x23=0x7fd3b20220,x24=0x0,x25=0x0,x26=0x0,x27=0x0,x28=0x0,x29=0x7fd3b20190,lr=0x5f5c8f4734,sp=0x7fd3b20180,pc=0x7c0c1d9700]
[15012|15012] event_addr:0x7c0c1d9700 hit_count:1114, Regs:
[x0=0x1,x1=0x5f5c8f3598,x2=0x1,x3=0x7fd3b201e8,x4=0x0,x5=0x1414d4c,x6=0x1414d4c,x7=0x0,x8=0x9b504536b1897347,x9=0x9b504536b1897347,x10=0x9b504536b1897347,x11=0x3e8,x12=0x3,x13=0x706f6f6c5f657469,x14=0x7c0fa4e280,x15=0x0,x16=0x5f5c8f5a00,x17=0x7c0c1d9700,x18=0x7c0f35c000,x19=0x5f5c8f470c,x20=0x1,x21=0x1,x22=0x7fd3b20218,x23=0x7fd3b20220,x24=0x0,x25=0x0,x26=0x0,x27=0x0,x28=0x0,x29=0x7fd3b20190,lr=0x5f5c8f4734,sp=0x7fd3b20180,pc=0x7c0c1d9700]
[15012|15012] event_addr:0x7c0c1d9700 hit_count:1115, Regs:
[x0=0x1,x1=0x5f5c8f3598,x2=0x1,x3=0x7fd3b201e8,x4=0x0,x5=0x1414d4c,x6=0x1414d4c,x7=0x0,x8=0x9b504536b1897347,x9=0x9b504536b1897347,x10=0x9b504536b1897347,x11=0x3e8,x12=0x3,x13=0x706f6f6c5f657469,x14=0x7c0fa4e280,x15=0x0,x16=0x5f5c8f5a00,x17=0x7c0c1d9700,x18=0x7c0f35c000,x19=0x5f5c8f470c,x20=0x1,x21=0x1,x22=0x7fd3b20218,x23=0x7fd3b20220,x24=0x0,x25=0x0,x26=0x0,x27=0x0,x28=0x0,x29=0x7fd3b20190,lr=0x5f5c8f4734,sp=0x7fd3b20180,pc=0x7c0c1d9700]
[15012|15012] event_addr:0x7c0c1d9700 hit_count:1116, Regs:
[x0=0x1,x1=0x5f5c8f3598,x2=0x1,x3=0x7fd3b201e8,x4=0x0,x5=0x1414d4c,x6=0x1414d4c,x7=0x0,x8=0x9b504536b1897347,x9=0x9b504536b1897347,x10=0x9b504536b1897347,x11=0x3e8,x12=0x3,x13=0x706f6f6c5f657469,x14=0x7c0fa4e280,x15=0x0,x16=0x5f5c8f5a00,x17=0x7c0c1d9700,x18=0x7c0f35c000,x19=0x5f5c8f470c,x20=0x1,x21=0x1,x22=0x7fd3b20218,x23=0x7fd3b20220,x24=0x0,x25=0x0,x26=0x0,x27=0x0,x28=0x0,x29=0x7fd3b20190,lr=0x5f5c8f4734,sp=0x7fd3b20180,pc=0x7c0c1d9700]
[15012|15012] event_addr:0x7c0c1d9700 hit_count:1117, Regs:
[x0=0x1,x1=0x5f5c8f3598,x2=0x1,x3=0x7fd3b201e8,x4=0x0,x5=0x1414d4c,x6=0x1414d4c,x7=0x0,x8=0x9b504536b1897347,x9=0x9b504536b1897347,x10=0x9b504536b1897347,x11=0x3e8,x12=0x3,x13=0x706f6f6c5f657469,x14=0x7c0fa4e280,x15=0x0,x16=0x5f5c8f5a00,x17=0x7c0c1d9700,x18=0x7c0f35c000,x19=0x5f5c8f470c,x20=0x1,x21=0x1,x22=0x7fd3b20218,x23=0x7fd3b20220,x24=0x0,x25=0x0,x26=0x0,x27=0x0,x28=0x0,x29=0x7fd3b20190,lr=0x5f5c8f4734,sp=0x7fd3b20180,pc=0x7c0c1d9700]
[15012|15012] event_addr:0x7c0c1d9700 hit_count:1118, Regs:
[x0=0x1,x1=0x5f5c8f3598,x2=0x1,x3=0x7fd3b201e8,x4=0x0,x5=0x1414d4c,x6=0x1414d4c,x7=0x0,x8=0x9b504536b1897347,x9=0x9b504536b1897347,x10=0x9b504536b1897347,x11=0x3e8,x12=0x3,x13=0x706f6f6c5f657469,x14=0x7c0fa4e280,x15=0x0,x16=0x5f5c8f5a00,x17=0x7c0c1d9700,x18=0x7c0f35c000,x19=0x5f5c8f470c,x20=0x1,x21=0x1,x22=0x7fd3b20218,x23=0x7fd3b20220,x24=0x0,x25=0x0,x26=0x0,x27=0x0,x28=0x0,x29=0x7fd3b20190,lr=0x5f5c8f4734,sp=0x7fd3b20180,pc=0x7c0c1d9700]
[15012|15012] event_addr:0x7c0c1d9700 hit_count:1119, Regs:
[x0=0x1,x1=0x5f5c8f3598,x2=0x1,x3=0x7fd3b201e8,x4=0x0,x5=0x1414d4c,x6=0x1414d4c,x7=0x0,x8=0x9b504536b1897347,x9=0x9b504536b1897347,x10=0x9b504536b1897347,x11=0x3e8,x12=0x3,x13=0x706f6f6c5f657469,x14=0x7c0fa4e280,x15=0x0,x16=0x5f5c8f5a00,x17=0x7c0c1d9700,x18=0x7c0f35c000,x19=0x5f5c8f470c,x20=0x1,x21=0x1,x22=0x7fd3b20218,x23=0x7fd3b20220,x24=0x0,x25=0x0,x26=0x0,x27=0x0,x28=0x0,x29=0x7fd3b20190,lr=0x5f5c8f4734,sp=0x7fd3b20180,pc=0x7c0c1d9700]
[15012|15012] event_addr:0x7c0c1d9700 hit_count:1120, Regs:
[x0=0x1,x1=0x5f5c8f3598,x2=0x1,x3=0x7fd3b201e8,x4=0x0,x5=0x1414d4c,x6=0x1414d4c,x7=0x0,x8=0x9b504536b1897347,x9=0x9b504536b1897347,x10=0x9b504536b1897347,x11=0x3e8,x12=0x3,x13=0x706f6f6c5f657469,x14=0x7c0fa4e280,x15=0x0,x16=0x5f5c8f5a00,x17=0x7c0c1d9700,x18=0x7c0f35c000,x19=0x5f5c8f470c,x20=0x1,x21=0x1,x22=0x7fd3b20218,x23=0x7fd3b20220,x24=0x0,x25=0x0,x26=0x0,x27=0x0,x28=0x0,x29=0x7fd3b20190,lr=0x5f5c8f4734,sp=0x7fd3b20180,pc=0x7c0c1d9700]
[15012|15012] event_addr:0x7c0c1d9700 hit_count:1121, Regs:
[x0=0x1,x1=0x5f5c8f3598,x2=0x1,x3=0x7fd3b201e8,x4=0x0,x5=0x1414d4c,x6=0x1414d4c,x7=0x0,x8=0x9b504536b1897347,x9=0x9b504536b1897347,x10=0x9b504536b1897347,x11=0x3e8,x12=0x3,x13=0x706f6f6c5f657469,x14=0x7c0fa4e280,x15=0x0,x16=0x5f5c8f5a00,x17=0x7c0c1d9700,x18=0x7c0f35c000,x19=0x5f5c8f470c,x20=0x1,x21=0x1,x22=0x7fd3b20218,x23=0x7fd3b20220,x24=0x0,x25=0x0,x26=0x0,x27=0x0,x28=0x0,x29=0x7fd3b20190,lr=0x5f5c8f4734,sp=0x7fd3b20180,pc=0x7c0c1d9700]
[15012|15012] event_addr:0x7c0c1d9700 hit_count:1122, Regs:
[x0=0x1,x1=0x5f5c8f3598,x2=0x1,x3=0x7fd3b201e8,x4=0x0,x5=0x1414d4c,x6=0x1414d4c,x7=0x0,x8=0x9b504536b1897347,x9=0x9b504536b1897347,x10=0x9b504536b1897347,x11=0x3e8,x12=0x3,x13=0x706f6f6c5f657469,x14=0x7c0fa4e280,x15=0x0,x16=0x5f5c8f5a00,x17=0x7c0c1d9700,x18=0x7c0f35c000,x19=0x5f5c8f470c,x20=0x1,x21=0x1,x22=0x7fd3b20218,x23=0x7fd3b20220,x24=0x0,x25=0x0,x26=0x0,x27=0x0,x28=0x0,x29=0x7fd3b20190,lr=0x5f5c8f4734,sp=0x7fd3b20180,pc=0x7c0c1d9700]
[15012|15012] event_addr:0x7c0c1d9700 hit_count:1123, Regs:
[x0=0x1,x1=0x5f5c8f3598,x2=0x1,x3=0x7fd3b201e8,x4=0x0,x5=0x1414d4c,x6=0x1414d4c,x7=0x0,x8=0x9b504536b1897347,x9=0x9b504536b1897347,x10=0x9b504536b1897347,x11=0x3e8,x12=0x3,x13=0x706f6f6c5f657469,x14=0x7c0fa4e280,x15=0x0,x16=0x5f5c8f5a00,x17=0x7c0c1d9700,x18=0x7c0f35c000,x19=0x5f5c8f470c,x20=0x1,x21=0x1,x22=0x7fd3b20218,x23=0x7fd3b20220,x24=0x0,x25=0x0,x26=0x0,x27=0x0,x28=0x0,x29=0x7fd3b20190,lr=0x5f5c8f4734,sp=0x7fd3b20180,pc=0x7c0c1d9700]
[15012|15012] event_addr:0x7c0c1d9700 hit_count:1124, Regs:
[x0=0x1,x1=0x5f5c8f3598,x2=0x1,x3=0x7fd3b201e8,x4=0x0,x5=0x1414d4c,x6=0x1414d4c,x7=0x0,x8=0x9b504536b1897347,x9=0x9b504536b1897347,x10=0x9b504536b1897347,x11=0x3e8,x12=0x3,x13=0x706f6f6c5f657469,x14=0x7c0fa4e280,x15=0x0,x16=0x5f5c8f5a00,x17=0x7c0c1d9700,x18=0x7c0f35c000,x19=0x5f5c8f470c,x20=0x1,x21=0x1,x22=0x7fd3b20218,x23=0x7fd3b20220,x24=0x0,x25=0x0,x26=0x0,x27=0x0,x28=0x0,x29=0x7fd3b20190,lr=0x5f5c8f4734,sp=0x7fd3b20180,pc=0x7c0c1d9700]
[15012|15012] event_addr:0x7c0c1d9700 hit_count:1125, Regs:
[x0=0x1,x1=0x5f5c8f3598,x2=0x1,x3=0x7fd3b201e8,x4=0x0,x5=0x1414d4c,x6=0x1414d4c,x7=0x0,x8=0x9b504536b1897347,x9=0x9b504536b1897347,x10=0x9b504536b1897347,x11=0x3e8,x12=0x3,x13=0x706f6f6c5f657469,x14=0x7c0fa4e280,x15=0x0,x16=0x5f5c8f5a00,x17=0x7c0c1d9700,x18=0x7c0f35c000,x19=0x5f5c8f470c,x20=0x1,x21=0x1,x22=0x7fd3b20218,x23=0x7fd3b20220,x24=0x0,x25=0x0,x26=0x0,x27=0x0,x28=0x0,x29=0x7fd3b20190,lr=0x5f5c8f4734,sp=0x7fd3b20180,pc=0x7c0c1d9700]
[15012|15012] event_addr:0x7c0c1d9700 hit_count:1126, Regs:
[x0=0x1,x1=0x5f5c8f3598,x2=0x1,x3=0x7fd3b201e8,x4=0x0,x5=0x1414d4c,x6=0x1414d4c,x7=0x0,x8=0x9b504536b1897347,x9=0x9b504536b1897347,x10=0x9b504536b1897347,x11=0x3e8,x12=0x3,x13=0x706f6f6c5f657469,x14=0x7c0fa4e280,x15=0x0,x16=0x5f5c8f5a00,x17=0x7c0c1d9700,x18=0x7c0f35c000,x19=0x5f5c8f470c,x20=0x1,x21=0x1,x22=0x7fd3b20218,x23=0x7fd3b20220,x24=0x0,x25=0x0,x26=0x0,x27=0x0,x28=0x0,x29=0x7fd3b20190,lr=0x5f5c8f4734,sp=0x7fd3b20180,pc=0x7c0c1d9700]
[15012|15012] event_addr:0x7c0c1d9700 hit_count:1127, Regs:
[x0=0x1,x1=0x5f5c8f3598,x2=0x1,x3=0x7fd3b201e8,x4=0x0,x5=0x1414d4c,x6=0x1414d4c,x7=0x0,x8=0x9b504536b1897347,x9=0x9b504536b1897347,x10=0x9b504536b1897347,x11=0x3e8,x12=0x3,x13=0x706f6f6c5f657469,x14=0x7c0fa4e280,x15=0x0,x16=0x5f5c8f5a00,x17=0x7c0c1d9700,x18=0x7c0f35c000,x19=0x5f5c8f470c,x20=0x1,x21=0x1,x22=0x7fd3b20218,x23=0x7fd3b20220,x24=0x0,x25=0x0,x26=0x0,x27=0x0,x28=0x0,x29=0x7fd3b20190,lr=0x5f5c8f4734,sp=0x7fd3b20180,pc=0x7c0c1d9700]
[15012|15012] event_addr:0x7c0c1d9700 hit_count:1128, Regs:
[x0=0x1,x1=0x5f5c8f3598,x2=0x1,x3=0x7fd3b201e8,x4=0x0,x5=0x1414d4c,x6=0x1414d4c,x7=0x0,x8=0x9b504536b1897347,x9=0x9b504536b1897347,x10=0x9b504536b1897347,x11=0x3e8,x12=0x3,x13=0x706f6f6c5f657469,x14=0x7c0fa4e280,x15=0x0,x16=0x5f5c8f5a00,x17=0x7c0c1d9700,x18=0x7c0f35c000,x19=0x5f5c8f470c,x20=0x1,x21=0x1,x22=0x7fd3b20218,x23=0x7fd3b20220,x24=0x0,x25=0x0,x26=0x0,x27=0x0,x28=0x0,x29=0x7fd3b20190,lr=0x5f5c8f4734,sp=0x7fd3b20180,pc=0x7c0c1d9700]
[15012|15012] event_addr:0x7c0c1d9700 hit_count:1129, Regs:
[x0=0x1,x1=0x5f5c8f3598,x2=0x1,x3=0x7fd3b201e8,x4=0x0,x5=0x1414d4c,x6=0x1414d4c,x7=0x0,x8=0x9b504536b1897347,x9=0x9b504536b1897347,x10=0x9b504536b1897347,x11=0x3e8,x12=0x3,x13=0x706f6f6c5f657469,x14=0x7c0fa4e280,x15=0x0,x16=0x5f5c8f5a00,x17=0x7c0c1d9700,x18=0x7c0f35c000,x19=0x5f5c8f470c,x20=0x1,x21=0x1,x22=0x7fd3b20218,x23=0x7fd3b20220,x24=0x0,x25=0x0,x26=0x0,x27=0x0,x28=0x0,x29=0x7fd3b20190,lr=0x5f5c8f4734,sp=0x7fd3b20180,pc=0x7c0c1d9700]
[15012|15012] event_addr:0x7c0c1d9700 hit_count:1130, Regs:
[x0=0x1,x1=0x5f5c8f3598,x2=0x1,x3=0x7fd3b201e8,x4=0x0,x5=0x1414d4c,x6=0x1414d4c,x7=0x0,x8=0x9b504536b1897347,x9=0x9b504536b1897347,x10=0x9b504536b1897347,x11=0x3e8,x12=0x3,x13=0x706f6f6c5f657469,x14=0x7c0fa4e280,x15=0x0,x16=0x5f5c8f5a00,x17=0x7c0c1d9700,x18=0x7c0f35c000,x19=0x5f5c8f470c,x20=0x1,x21=0x1,x22=0x7fd3b20218,x23=0x7fd3b20220,x24=0x0,x25=0x0,x26=0x0,x27=0x0,x28=0x0,x29=0x7fd3b20190,lr=0x5f5c8f4734,sp=0x7fd3b20180,pc=0x7c0c1d9700]
[15012|15012] event_addr:0x7c0c1d9700 hit_count:1131, Regs:
[x0=0x1,x1=0x5f5c8f3598,x2=0x1,x3=0x7fd3b201e8,x4=0x0,x5=0x1414d4c,x6=0x1414d4c,x7=0x0,x8=0x9b504536b1897347,x9=0x9b504536b1897347,x10=0x9b504536b1897347,x11=0x3e8,x12=0x3,x13=0x706f6f6c5f657469,x14=0x7c0fa4e280,x15=0x0,x16=0x5f5c8f5a00,x17=0x7c0c1d9700,x18=0x7c0f35c000,x19=0x5f5c8f470c,x20=0x1,x21=0x1,x22=0x7fd3b20218,x23=0x7fd3b20220,x24=0x0,x25=0x0,x26=0x0,x27=0x0,x28=0x0,x29=0x7fd3b20190,lr=0x5f5c8f4734,sp=0x7fd3b20180,pc=0x7c0c1d9700]
[15012|15012] event_addr:0x7c0c1d9700 hit_count:1132, Regs:
[x0=0x1,x1=0x5f5c8f3598,x2=0x1,x3=0x7fd3b201e8,x4=0x0,x5=0x1414d4c,x6=0x1414d4c,x7=0x0,x8=0x9b504536b1897347,x9=0x9b504536b1897347,x10=0x9b504536b1897347,x11=0x3e8,x12=0x3,x13=0x706f6f6c5f657469,x14=0x7c0fa4e280,x15=0x0,x16=0x5f5c8f5a00,x17=0x7c0c1d9700,x18=0x7c0f35c000,x19=0x5f5c8f470c,x20=0x1,x21=0x1,x22=0x7fd3b20218,x23=0x7fd3b20220,x24=0x0,x25=0x0,x26=0x0,x27=0x0,x28=0x0,x29=0x7fd3b20190,lr=0x5f5c8f4734,sp=0x7fd3b20180,pc=0x7c0c1d9700]
[15012|15012] event_addr:0x7c0c1d9700 hit_count:1133, Regs:
[x0=0x1,x1=0x5f5c8f3598,x2=0x1,x3=0x7fd3b201e8,x4=0x0,x5=0x1414d4c,x6=0x1414d4c,x7=0x0,x8=0x9b504536b1897347,x9=0x9b504536b1897347,x10=0x9b504536b1897347,x11=0x3e8,x12=0x3,x13=0x706f6f6c5f657469,x14=0x7c0fa4e280,x15=0x0,x16=0x5f5c8f5a00,x17=0x7c0c1d9700,x18=0x7c0f35c000,x19=0x5f5c8f470c,x20=0x1,x21=0x1,x22=0x7fd3b20218,x23=0x7fd3b20220,x24=0x0,x25=0x0,x26=0x0,x27=0x0,x28=0x0,x29=0x7fd3b20190,lr=0x5f5c8f4734,sp=0x7fd3b20180,pc=0x7c0c1d9700]
[15012|15012] event_addr:0x7c0c1d9700 hit_count:1134, Regs:
[x0=0x1,x1=0x5f5c8f3598,x2=0x1,x3=0x7fd3b201e8,x4=0x0,x5=0x1414d4c,x6=0x1414d4c,x7=0x0,x8=0x9b504536b1897347,x9=0x9b504536b1897347,x10=0x9b504536b1897347,x11=0x3e8,x12=0x3,x13=0x706f6f6c5f657469,x14=0x7c0fa4e280,x15=0x0,x16=0x5f5c8f5a00,x17=0x7c0c1d9700,x18=0x7c0f35c000,x19=0x5f5c8f470c,x20=0x1,x21=0x1,x22=0x7fd3b20218,x23=0x7fd3b20220,x24=0x0,x25=0x0,x26=0x0,x27=0x0,x28=0x0,x29=0x7fd3b20190,lr=0x5f5c8f4734,sp=0x7fd3b20180,pc=0x7c0c1d9700]
[15012|15012] event_addr:0x7c0c1d9700 hit_count:1135, Regs:
[x0=0x1,x1=0x5f5c8f3598,x2=0x1,x3=0x7fd3b201e8,x4=0x0,x5=0x1414d4c,x6=0x1414d4c,x7=0x0,x8=0x9b504536b1897347,x9=0x9b504536b1897347,x10=0x9b504536b1897347,x11=0x3e8,x12=0x3,x13=0x706f6f6c5f657469,x14=0x7c0fa4e280,x15=0x0,x16=0x5f5c8f5a00,x17=0x7c0c1d9700,x18=0x7c0f35c000,x19=0x5f5c8f470c,x20=0x1,x21=0x1,x22=0x7fd3b20218,x23=0x7fd3b20220,x24=0x0,x25=0x0,x26=0x0,x27=0x0,x28=0x0,x29=0x7fd3b20190,lr=0x5f5c8f4734,sp=0x7fd3b20180,pc=0x7c0c1d9700]
[15012|15012] event_addr:0x7c0c1d9700 hit_count:1136, Regs:
[x0=0x1,x1=0x5f5c8f3598,x2=0x1,x3=0x7fd3b201e8,x4=0x0,x5=0x1414d4c,x6=0x1414d4c,x7=0x0,x8=0x9b504536b1897347,x9=0x9b504536b1897347,x10=0x9b504536b1897347,x11=0x3e8,x12=0x3,x13=0x706f6f6c5f657469,x14=0x7c0fa4e280,x15=0x0,x16=0x5f5c8f5a00,x17=0x7c0c1d9700,x18=0x7c0f35c000,x19=0x5f5c8f470c,x20=0x1,x21=0x1,x22=0x7fd3b20218,x23=0x7fd3b20220,x24=0x0,x25=0x0,x26=0x0,x27=0x0,x28=0x0,x29=0x7fd3b20190,lr=0x5f5c8f4734,sp=0x7fd3b20180,pc=0x7c0c1d9700]
[15012|15012] event_addr:0x7c0c1d9700 hit_count:1137, Regs:
[x0=0x1,x1=0x5f5c8f3598,x2=0x1,x3=0x7fd3b201e8,x4=0x0,x5=0x1414d4c,x6=0x1414d4c,x7=0x0,x8=0x9b504536b1897347,x9=0x9b504536b1897347,x10=0x9b504536b1897347,x11=0x3e8,x12=0x3,x13=0x706f6f6c5f657469,x14=0x7c0fa4e280,x15=0x0,x16=0x5f5c8f5a00,x17=0x7c0c1d9700,x18=0x7c0f35c000,x19=0x5f5c8f470c,x20=0x1,x21=0x1,x22=0x7fd3b20218,x23=0x7fd3b20220,x24=0x0,x25=0x0,x26=0x0,x27=0x0,x28=0x0,x29=0x7fd3b20190,lr=0x5f5c8f4734,sp=0x7fd3b20180,pc=0x7c0c1d9700]
[15012|15012] event_addr:0x7c0c1d9700 hit_count:1138, Regs:
[x0=0x1,x1=0x5f5c8f3598,x2=0x1,x3=0x7fd3b201e8,x4=0x0,x5=0x1414d4c,x6=0x1414d4c,x7=0x0,x8=0x9b504536b1897347,x9=0x9b504536b1897347,x10=0x9b504536b1897347,x11=0x3e8,x12=0x3,x13=0x706f6f6c5f657469,x14=0x7c0fa4e280,x15=0x0,x16=0x5f5c8f5a00,x17=0x7c0c1d9700,x18=0x7c0f35c000,x19=0x5f5c8f470c,x20=0x1,x21=0x1,x22=0x7fd3b20218,x23=0x7fd3b20220,x24=0x0,x25=0x0,x26=0x0,x27=0x0,x28=0x0,x29=0x7fd3b20190,lr=0x5f5c8f4734,sp=0x7fd3b20180,pc=0x7c0c1d9700]
[15012|15012] event_addr:0x7c0c1d9700 hit_count:1139, Regs:
[x0=0x1,x1=0x5f5c8f3598,x2=0x1,x3=0x7fd3b201e8,x4=0x0,x5=0x1414d4c,x6=0x1414d4c,x7=0x0,x8=0x9b504536b1897347,x9=0x9b504536b1897347,x10=0x9b504536b1897347,x11=0x3e8,x12=0x3,x13=0x706f6f6c5f657469,x14=0x7c0fa4e280,x15=0x0,x16=0x5f5c8f5a00,x17=0x7c0c1d9700,x18=0x7c0f35c000,x19=0x5f5c8f470c,x20=0x1,x21=0x1,x22=0x7fd3b20218,x23=0x7fd3b20220,x24=0x0,x25=0x0,x26=0x0,x27=0x0,x28=0x0,x29=0x7fd3b20190,lr=0x5f5c8f4734,sp=0x7fd3b20180,pc=0x7c0c1d9700]
[15012|15012] event_addr:0x7c0c1d9700 hit_count:1140, Regs:
[x0=0x1,x1=0x5f5c8f3598,x2=0x1,x3=0x7fd3b201e8,x4=0x0,x5=0x1414d4c,x6=0x1414d4c,x7=0x0,x8=0x9b504536b1897347,x9=0x9b504536b1897347,x10=0x9b504536b1897347,x11=0x3e8,x12=0x3,x13=0x706f6f6c5f657469,x14=0x7c0fa4e280,x15=0x0,x16=0x5f5c8f5a00,x17=0x7c0c1d9700,x18=0x7c0f35c000,x19=0x5f5c8f470c,x20=0x1,x21=0x1,x22=0x7fd3b20218,x23=0x7fd3b20220,x24=0x0,x25=0x0,x26=0x0,x27=0x0,x28=0x0,x29=0x7fd3b20190,lr=0x5f5c8f4734,sp=0x7fd3b20180,pc=0x7c0c1d9700]
[15012|15012] event_addr:0x7c0c1d9700 hit_count:1141, Regs:
[x0=0x1,x1=0x5f5c8f3598,x2=0x1,x3=0x7fd3b201e8,x4=0x0,x5=0x1414d4c,x6=0x1414d4c,x7=0x0,x8=0x9b504536b1897347,x9=0x9b504536b1897347,x10=0x9b504536b1897347,x11=0x3e8,x12=0x3,x13=0x706f6f6c5f657469,x14=0x7c0fa4e280,x15=0x0,x16=0x5f5c8f5a00,x17=0x7c0c1d9700,x18=0x7c0f35c000,x19=0x5f5c8f470c,x20=0x1,x21=0x1,x22=0x7fd3b20218,x23=0x7fd3b20220,x24=0x0,x25=0x0,x26=0x0,x27=0x0,x28=0x0,x29=0x7fd3b20190,lr=0x5f5c8f4734,sp=0x7fd3b20180,pc=0x7c0c1d9700]
[15012|15012] event_addr:0x7c0c1d9700 hit_count:1142, Regs:
[x0=0x1,x1=0x5f5c8f3598,x2=0x1,x3=0x7fd3b201e8,x4=0x0,x5=0x1414d4c,x6=0x1414d4c,x7=0x0,x8=0x9b504536b1897347,x9=0x9b504536b1897347,x10=0x9b504536b1897347,x11=0x3e8,x12=0x3,x13=0x706f6f6c5f657469,x14=0x7c0fa4e280,x15=0x0,x16=0x5f5c8f5a00,x17=0x7c0c1d9700,x18=0x7c0f35c000,x19=0x5f5c8f470c,x20=0x1,x21=0x1,x22=0x7fd3b20218,x23=0x7fd3b20220,x24=0x0,x25=0x0,x26=0x0,x27=0x0,x28=0x0,x29=0x7fd3b20190,lr=0x5f5c8f4734,sp=0x7fd3b20180,pc=0x7c0c1d9700]
[15012|15012] event_addr:0x7c0c1d9700 hit_count:1143, Regs:
[x0=0x1,x1=0x5f5c8f3598,x2=0x1,x3=0x7fd3b201e8,x4=0x0,x5=0x1414d4c,x6=0x1414d4c,x7=0x0,x8=0x9b504536b1897347,x9=0x9b504536b1897347,x10=0x9b504536b1897347,x11=0x3e8,x12=0x3,x13=0x706f6f6c5f657469,x14=0x7c0fa4e280,x15=0x0,x16=0x5f5c8f5a00,x17=0x7c0c1d9700,x18=0x7c0f35c000,x19=0x5f5c8f470c,x20=0x1,x21=0x1,x22=0x7fd3b20218,x23=0x7fd3b20220,x24=0x0,x25=0x0,x26=0x0,x27=0x0,x28=0x0,x29=0x7fd3b20190,lr=0x5f5c8f4734,sp=0x7fd3b20180,pc=0x7c0c1d9700]
[15012|15012] event_addr:0x7c0c1d9700 hit_count:1144, Regs:
[x0=0x1,x1=0x5f5c8f3598,x2=0x1,x3=0x7fd3b201e8,x4=0x0,x5=0x1414d4c,x6=0x1414d4c,x7=0x0,x8=0x9b504536b1897347,x9=0x9b504536b1897347,x10=0x9b504536b1897347,x11=0x3e8,x12=0x3,x13=0x706f6f6c5f657469,x14=0x7c0fa4e280,x15=0x0,x16=0x5f5c8f5a00,x17=0x7c0c1d9700,x18=0x7c0f35c000,x19=0x5f5c8f470c,x20=0x1,x21=0x1,x22=0x7fd3b20218,x23=0x7fd3b20220,x24=0x0,x25=0x0,x26=0x0,x27=0x0,x28=0x0,x29=0x7fd3b20190,lr=0x5f5c8f4734,sp=0x7fd3b20180,pc=0x7c0c1d9700]
[15012|15012] event_addr:0x7c0c1d9700 hit_count:1145, Regs:
[x0=0x1,x1=0x5f5c8f3598,x2=0x1,x3=0x7fd3b201e8,x4=0x0,x5=0x1414d4c,x6=0x1414d4c,x7=0x0,x8=0x9b504536b1897347,x9=0x9b504536b1897347,x10=0x9b504536b1897347,x11=0x3e8,x12=0x3,x13=0x706f6f6c5f657469,x14=0x7c0fa4e280,x15=0x0,x16=0x5f5c8f5a00,x17=0x7c0c1d9700,x18=0x7c0f35c000,x19=0x5f5c8f470c,x20=0x1,x21=0x1,x22=0x7fd3b20218,x23=0x7fd3b20220,x24=0x0,x25=0x0,x26=0x0,x27=0x0,x28=0x0,x29=0x7fd3b20190,lr=0x5f5c8f4734,sp=0x7fd3b20180,pc=0x7c0c1d9700]
[15012|15012] event_addr:0x7c0c1d9700 hit_count:1146, Regs:
[x0=0x1,x1=0x5f5c8f3598,x2=0x1,x3=0x7fd3b201e8,x4=0x0,x5=0x1414d4c,x6=0x1414d4c,x7=0x0,x8=0x9b504536b1897347,x9=0x9b504536b1897347,x10=0x9b504536b1897347,x11=0x3e8,x12=0x3,x13=0x706f6f6c5f657469,x14=0x7c0fa4e280,x15=0x0,x16=0x5f5c8f5a00,x17=0x7c0c1d9700,x18=0x7c0f35c000,x19=0x5f5c8f470c,x20=0x1,x21=0x1,x22=0x7fd3b20218,x23=0x7fd3b20220,x24=0x0,x25=0x0,x26=0x0,x27=0x0,x28=0x0,x29=0x7fd3b20190,lr=0x5f5c8f4734,sp=0x7fd3b20180,pc=0x7c0c1d9700]
[15012|15012] event_addr:0x7c0c1d9700 hit_count:1147, Regs:
[x0=0x1,x1=0x5f5c8f3598,x2=0x1,x3=0x7fd3b201e8,x4=0x0,x5=0x1414d4c,x6=0x1414d4c,x7=0x0,x8=0x9b504536b1897347,x9=0x9b504536b1897347,x10=0x9b504536b1897347,x11=0x3e8,x12=0x3,x13=0x706f6f6c5f657469,x14=0x7c0fa4e280,x15=0x0,x16=0x5f5c8f5a00,x17=0x7c0c1d9700,x18=0x7c0f35c000,x19=0x5f5c8f470c,x20=0x1,x21=0x1,x22=0x7fd3b20218,x23=0x7fd3b20220,x24=0x0,x25=0x0,x26=0x0,x27=0x0,x28=0x0,x29=0x7fd3b20190,lr=0x5f5c8f4734,sp=0x7fd3b20180,pc=0x7c0c1d9700]
[15012|15012] event_addr:0x7c0c1d9700 hit_count:1148, Regs:
[x0=0x1,x1=0x5f5c8f3598,x2=0x1,x3=0x7fd3b201e8,x4=0x0,x5=0x1414d4c,x6=0x1414d4c,x7=0x0,x8=0x9b504536b1897347,x9=0x9b504536b1897347,x10=0x9b504536b1897347,x11=0x3e8,x12=0x3,x13=0x706f6f6c5f657469,x14=0x7c0fa4e280,x15=0x0,x16=0x5f5c8f5a00,x17=0x7c0c1d9700,x18=0x7c0f35c000,x19=0x5f5c8f470c,x20=0x1,x21=0x1,x22=0x7fd3b20218,x23=0x7fd3b20220,x24=0x0,x25=0x0,x26=0x0,x27=0x0,x28=0x0,x29=0x7fd3b20190,lr=0x5f5c8f4734,sp=0x7fd3b20180,pc=0x7c0c1d9700]
[15012|15012] event_addr:0x7c0c1d9700 hit_count:1149, Regs:
[x0=0x1,x1=0x5f5c8f3598,x2=0x1,x3=0x7fd3b201e8,x4=0x0,x5=0x1414d4c,x6=0x1414d4c,x7=0x0,x8=0x9b504536b1897347,x9=0x9b504536b1897347,x10=0x9b504536b1897347,x11=0x3e8,x12=0x3,x13=0x706f6f6c5f657469,x14=0x7c0fa4e280,x15=0x0,x16=0x5f5c8f5a00,x17=0x7c0c1d9700,x18=0x7c0f35c000,x19=0x5f5c8f470c,x20=0x1,x21=0x1,x22=0x7fd3b20218,x23=0x7fd3b20220,x24=0x0,x25=0x0,x26=0x0,x27=0x0,x28=0x0,x29=0x7fd3b20190,lr=0x5f5c8f4734,sp=0x7fd3b20180,pc=0x7c0c1d9700]
[15012|15012] event_addr:0x7c0c1d9700 hit_count:1150, Regs:
[x0=0x1,x1=0x5f5c8f3598,x2=0x1,x3=0x7fd3b201e8,x4=0x0,x5=0x1414d4c,x6=0x1414d4c,x7=0x0,x8=0x9b504536b1897347,x9=0x9b504536b1897347,x10=0x9b504536b1897347,x11=0x3e8,x12=0x3,x13=0x706f6f6c5f657469,x14=0x7c0fa4e280,x15=0x0,x16=0x5f5c8f5a00,x17=0x7c0c1d9700,x18=0x7c0f35c000,x19=0x5f5c8f470c,x20=0x1,x21=0x1,x22=0x7fd3b20218,x23=0x7fd3b20220,x24=0x0,x25=0x0,x26=0x0,x27=0x0,x28=0x0,x29=0x7fd3b20190,lr=0x5f5c8f4734,sp=0x7fd3b20180,pc=0x7c0c1d9700]
[15012|15012] event_addr:0x7c0c1d9700 hit_count:1151, Regs:
[x0=0x1,x1=0x5f5c8f3598,x2=0x1,x3=0x7fd3b201e8,x4=0x0,x5=0x1414d4c,x6=0x1414d4c,x7=0x0,x8=0x9b504536b1897347,x9=0x9b504536b1897347,x10=0x9b504536b1897347,x11=0x3e8,x12=0x3,x13=0x706f6f6c5f657469,x14=0x7c0fa4e280,x15=0x0,x16=0x5f5c8f5a00,x17=0x7c0c1d9700,x18=0x7c0f35c000,x19=0x5f5c8f470c,x20=0x1,x21=0x1,x22=0x7fd3b20218,x23=0x7fd3b20220,x24=0x0,x25=0x0,x26=0x0,x27=0x0,x28=0x0,x29=0x7fd3b20190,lr=0x5f5c8f4734,sp=0x7fd3b20180,pc=0x7c0c1d9700]
[15012|15012] event_addr:0x7c0c1d9700 hit_count:1152, Regs:
[x0=0x1,x1=0x5f5c8f3598,x2=0x1,x3=0x7fd3b201e8,x4=0x0,x5=0x1414d4c,x6=0x1414d4c,x7=0x0,x8=0x9b504536b1897347,x9=0x9b504536b1897347,x10=0x9b504536b1897347,x11=0x3e8,x12=0x3,x13=0x706f6f6c5f657469,x14=0x7c0fa4e280,x15=0x0,x16=0x5f5c8f5a00,x17=0x7c0c1d9700,x18=0x7c0f35c000,x19=0x5f5c8f470c,x20=0x1,x21=0x1,x22=0x7fd3b20218,x23=0x7fd3b20220,x24=0x0,x25=0x0,x26=0x0,x27=0x0,x28=0x0,x29=0x7fd3b20190,lr=0x5f5c8f4734,sp=0x7fd3b20180,pc=0x7c0c1d9700]
[15012|15012] event_addr:0x7c0c1d9700 hit_count:1153, Regs:
[x0=0x1,x1=0x5f5c8f3598,x2=0x1,x3=0x7fd3b201e8,x4=0x0,x5=0x1414d4c,x6=0x1414d4c,x7=0x0,x8=0x9b504536b1897347,x9=0x9b504536b1897347,x10=0x9b504536b1897347,x11=0x3e8,x12=0x3,x13=0x706f6f6c5f657469,x14=0x7c0fa4e280,x15=0x0,x16=0x5f5c8f5a00,x17=0x7c0c1d9700,x18=0x7c0f35c000,x19=0x5f5c8f470c,x20=0x1,x21=0x1,x22=0x7fd3b20218,x23=0x7fd3b20220,x24=0x0,x25=0x0,x26=0x0,x27=0x0,x28=0x0,x29=0x7fd3b20190,lr=0x5f5c8f4734,sp=0x7fd3b20180,pc=0x7c0c1d9700]
[15012|15012] event_addr:0x7c0c1d9700 hit_count:1154, Regs:
[x0=0x1,x1=0x5f5c8f3598,x2=0x1,x3=0x7fd3b201e8,x4=0x0,x5=0x1414d4c,x6=0x1414d4c,x7=0x0,x8=0x9b504536b1897347,x9=0x9b504536b1897347,x10=0x9b504536b1897347,x11=0x3e8,x12=0x3,x13=0x706f6f6c5f657469,x14=0x7c0fa4e280,x15=0x0,x16=0x5f5c8f5a00,x17=0x7c0c1d9700,x18=0x7c0f35c000,x19=0x5f5c8f470c,x20=0x1,x21=0x1,x22=0x7fd3b20218,x23=0x7fd3b20220,x24=0x0,x25=0x0,x26=0x0,x27=0x0,x28=0x0,x29=0x7fd3b20190,lr=0x5f5c8f4734,sp=0x7fd3b20180,pc=0x7c0c1d9700]
[15012|15012] event_addr:0x7c0c1d9700 hit_count:1155, Regs:
[x0=0x1,x1=0x5f5c8f3598,x2=0x1,x3=0x7fd3b201e8,x4=0x0,x5=0x1414d4c,x6=0x1414d4c,x7=0x0,x8=0x9b504536b1897347,x9=0x9b504536b1897347,x10=0x9b504536b1897347,x11=0x3e8,x12=0x3,x13=0x706f6f6c5f657469,x14=0x7c0fa4e280,x15=0x0,x16=0x5f5c8f5a00,x17=0x7c0c1d9700,x18=0x7c0f35c000,x19=0x5f5c8f470c,x20=0x1,x21=0x1,x22=0x7fd3b20218,x23=0x7fd3b20220,x24=0x0,x25=0x0,x26=0x0,x27=0x0,x28=0x0,x29=0x7fd3b20190,lr=0x5f5c8f4734,sp=0x7fd3b20180,pc=0x7c0c1d9700]
[15012|15012] event_addr:0x7c0c1d9700 hit_count:1156, Regs:
[x0=0x1,x1=0x5f5c8f3598,x2=0x1,x3=0x7fd3b201e8,x4=0x0,x5=0x1414d4c,x6=0x1414d4c,x7=0x0,x8=0x9b504536b1897347,x9=0x9b504536b1897347,x10=0x9b504536b1897347,x11=0x3e8,x12=0x3,x13=0x706f6f6c5f657469,x14=0x7c0fa4e280,x15=0x0,x16=0x5f5c8f5a00,x17=0x7c0c1d9700,x18=0x7c0f35c000,x19=0x5f5c8f470c,x20=0x1,x21=0x1,x22=0x7fd3b20218,x23=0x7fd3b20220,x24=0x0,x25=0x0,x26=0x0,x27=0x0,x28=0x0,x29=0x7fd3b20190,lr=0x5f5c8f4734,sp=0x7fd3b20180,pc=0x7c0c1d9700]
[15012|15012] event_addr:0x7c0c1d9700 hit_count:1157, Regs:
[x0=0x1,x1=0x5f5c8f3598,x2=0x1,x3=0x7fd3b201e8,x4=0x0,x5=0x1414d4c,x6=0x1414d4c,x7=0x0,x8=0x9b504536b1897347,x9=0x9b504536b1897347,x10=0x9b504536b1897347,x11=0x3e8,x12=0x3,x13=0x706f6f6c5f657469,x14=0x7c0fa4e280,x15=0x0,x16=0x5f5c8f5a00,x17=0x7c0c1d9700,x18=0x7c0f35c000,x19=0x5f5c8f470c,x20=0x1,x21=0x1,x22=0x7fd3b20218,x23=0x7fd3b20220,x24=0x0,x25=0x0,x26=0x0,x27=0x0,x28=0x0,x29=0x7fd3b20190,lr=0x5f5c8f4734,sp=0x7fd3b20180,pc=0x7c0c1d9700]
[15012|15012] event_addr:0x7c0c1d9700 hit_count:1158, Regs:
[x0=0x1,x1=0x5f5c8f3598,x2=0x1,x3=0x7fd3b201e8,x4=0x0,x5=0x1414d4c,x6=0x1414d4c,x7=0x0,x8=0x9b504536b1897347,x9=0x9b504536b1897347,x10=0x9b504536b1897347,x11=0x3e8,x12=0x3,x13=0x706f6f6c5f657469,x14=0x7c0fa4e280,x15=0x0,x16=0x5f5c8f5a00,x17=0x7c0c1d9700,x18=0x7c0f35c000,x19=0x5f5c8f470c,x20=0x1,x21=0x1,x22=0x7fd3b20218,x23=0x7fd3b20220,x24=0x0,x25=0x0,x26=0x0,x27=0x0,x28=0x0,x29=0x7fd3b20190,lr=0x5f5c8f4734,sp=0x7fd3b20180,pc=0x7c0c1d9700]
[15012|15012] event_addr:0x7c0c1d9700 hit_count:1159, Regs:
[x0=0x1,x1=0x5f5c8f3598,x2=0x1,x3=0x7fd3b201e8,x4=0x0,x5=0x1414d4c,x6=0x1414d4c,x7=0x0,x8=0x9b504536b1897347,x9=0x9b504536b1897347,x10=0x9b504536b1897347,x11=0x3e8,x12=0x3,x13=0x706f6f6c5f657469,x14=0x7c0fa4e280,x15=0x0,x16=0x5f5c8f5a00,x17=0x7c0c1d9700,x18=0x7c0f35c000,x19=0x5f5c8f470c,x20=0x1,x21=0x1,x22=0x7fd3b20218,x23=0x7fd3b20220,x24=0x0,x25=0x0,x26=0x0,x27=0x0,x28=0x0,x29=0x7fd3b20190,lr=0x5f5c8f4734,sp=0x7fd3b20180,pc=0x7c0c1d9700]
[15012|15012] event_addr:0x7c0c1d9700 hit_count:1160, Regs:
[x0=0x1,x1=0x5f5c8f3598,x2=0x1,x3=0x7fd3b201e8,x4=0x0,x5=0x1414d4c,x6=0x1414d4c,x7=0x0,x8=0x9b504536b1897347,x9=0x9b504536b1897347,x10=0x9b504536b1897347,x11=0x3e8,x12=0x3,x13=0x706f6f6c5f657469,x14=0x7c0fa4e280,x15=0x0,x16=0x5f5c8f5a00,x17=0x7c0c1d9700,x18=0x7c0f35c000,x19=0x5f5c8f470c,x20=0x1,x21=0x1,x22=0x7fd3b20218,x23=0x7fd3b20220,x24=0x0,x25=0x0,x26=0x0,x27=0x0,x28=0x0,x29=0x7fd3b20190,lr=0x5f5c8f4734,sp=0x7fd3b20180,pc=0x7c0c1d9700]
[15012|15012] event_addr:0x7c0c1d9700 hit_count:1161, Regs:
[x0=0x1,x1=0x5f5c8f3598,x2=0x1,x3=0x7fd3b201e8,x4=0x0,x5=0x1414d4c,x6=0x1414d4c,x7=0x0,x8=0x9b504536b1897347,x9=0x9b504536b1897347,x10=0x9b504536b1897347,x11=0x3e8,x12=0x3,x13=0x706f6f6c5f657469,x14=0x7c0fa4e280,x15=0x0,x16=0x5f5c8f5a00,x17=0x7c0c1d9700,x18=0x7c0f35c000,x19=0x5f5c8f470c,x20=0x1,x21=0x1,x22=0x7fd3b20218,x23=0x7fd3b20220,x24=0x0,x25=0x0,x26=0x0,x27=0x0,x28=0x0,x29=0x7fd3b20190,lr=0x5f5c8f4734,sp=0x7fd3b20180,pc=0x7c0c1d9700]
[15012|15012] event_addr:0x7c0c1d9700 hit_count:1162, Regs:
[x0=0x1,x1=0x5f5c8f3598,x2=0x1,x3=0x7fd3b201e8,x4=0x0,x5=0x1414d4c,x6=0x1414d4c,x7=0x0,x8=0x9b504536b1897347,x9=0x9b504536b1897347,x10=0x9b504536b1897347,x11=0x3e8,x12=0x3,x13=0x706f6f6c5f657469,x14=0x7c0fa4e280,x15=0x0,x16=0x5f5c8f5a00,x17=0x7c0c1d9700,x18=0x7c0f35c000,x19=0x5f5c8f470c,x20=0x1,x21=0x1,x22=0x7fd3b20218,x23=0x7fd3b20220,x24=0x0,x25=0x0,x26=0x0,x27=0x0,x28=0x0,x29=0x7fd3b20190,lr=0x5f5c8f4734,sp=0x7fd3b20180,pc=0x7c0c1d9700]
[15012|15012] event_addr:0x7c0c1d9700 hit_count:1163, Regs:
[x0=0x1,x1=0x5f5c8f3598,x2=0x1,x3=0x7fd3b201e8,x4=0x0,x5=0x1414d4c,x6=0x1414d4c,x7=0x0,x8=0x9b504536b1897347,x9=0x9b504536b1897347,x10=0x9b504536b1897347,x11=0x3e8,x12=0x3,x13=0x706f6f6c5f657469,x14=0x7c0fa4e280,x15=0x0,x16=0x5f5c8f5a00,x17=0x7c0c1d9700,x18=0x7c0f35c000,x19=0x5f5c8f470c,x20=0x1,x21=0x1,x22=0x7fd3b20218,x23=0x7fd3b20220,x24=0x0,x25=0x0,x26=0x0,x27=0x0,x28=0x0,x29=0x7fd3b20190,lr=0x5f5c8f4734,sp=0x7fd3b20180,pc=0x7c0c1d9700]
[15012|15012] event_addr:0x7c0c1d9700 hit_count:1164, Regs:
[x0=0x1,x1=0x5f5c8f3598,x2=0x1,x3=0x7fd3b201e8,x4=0x0,x5=0x1414d4c,x6=0x1414d4c,x7=0x0,x8=0x9b504536b1897347,x9=0x9b504536b1897347,x10=0x9b504536b1897347,x11=0x3e8,x12=0x3,x13=0x706f6f6c5f657469,x14=0x7c0fa4e280,x15=0x0,x16=0x5f5c8f5a00,x17=0x7c0c1d9700,x18=0x7c0f35c000,x19=0x5f5c8f470c,x20=0x1,x21=0x1,x22=0x7fd3b20218,x23=0x7fd3b20220,x24=0x0,x25=0x0,x26=0x0,x27=0x0,x28=0x0,x29=0x7fd3b20190,lr=0x5f5c8f4734,sp=0x7fd3b20180,pc=0x7c0c1d9700]
[15012|15012] event_addr:0x7c0c1d9700 hit_count:1165, Regs:
[x0=0x1,x1=0x5f5c8f3598,x2=0x1,x3=0x7fd3b201e8,x4=0x0,x5=0x1414d4c,x6=0x1414d4c,x7=0x0,x8=0x9b504536b1897347,x9=0x9b504536b1897347,x10=0x9b504536b1897347,x11=0x3e8,x12=0x3,x13=0x706f6f6c5f657469,x14=0x7c0fa4e280,x15=0x0,x16=0x5f5c8f5a00,x17=0x7c0c1d9700,x18=0x7c0f35c000,x19=0x5f5c8f470c,x20=0x1,x21=0x1,x22=0x7fd3b20218,x23=0x7fd3b20220,x24=0x0,x25=0x0,x26=0x0,x27=0x0,x28=0x0,x29=0x7fd3b20190,lr=0x5f5c8f4734,sp=0x7fd3b20180,pc=0x7c0c1d9700]
[15012|15012] event_addr:0x7c0c1d9700 hit_count:1166, Regs:
[x0=0x1,x1=0x5f5c8f3598,x2=0x1,x3=0x7fd3b201e8,x4=0x0,x5=0x1414d4c,x6=0x1414d4c,x7=0x0,x8=0x9b504536b1897347,x9=0x9b504536b1897347,x10=0x9b504536b1897347,x11=0x3e8,x12=0x3,x13=0x706f6f6c5f657469,x14=0x7c0fa4e280,x15=0x0,x16=0x5f5c8f5a00,x17=0x7c0c1d9700,x18=0x7c0f35c000,x19=0x5f5c8f470c,x20=0x1,x21=0x1,x22=0x7fd3b20218,x23=0x7fd3b20220,x24=0x0,x25=0x0,x26=0x0,x27=0x0,x28=0x0,x29=0x7fd3b20190,lr=0x5f5c8f4734,sp=0x7fd3b20180,pc=0x7c0c1d9700]
[15012|15012] event_addr:0x7c0c1d9700 hit_count:1167, Regs:
[x0=0x1,x1=0x5f5c8f3598,x2=0x1,x3=0x7fd3b201e8,x4=0x0,x5=0x1414d4c,x6=0x1414d4c,x7=0x0,x8=0x9b504536b1897347,x9=0x9b504536b1897347,x10=0x9b504536b1897347,x11=0x3e8,x12=0x3,x13=0x706f6f6c5f657469,x14=0x7c0fa4e280,x15=0x0,x16=0x5f5c8f5a00,x17=0x7c0c1d9700,x18=0x7c0f35c000,x19=0x5f5c8f470c,x20=0x1,x21=0x1,x22=0x7fd3b20218,x23=0x7fd3b20220,x24=0x0,x25=0x0,x26=0x0,x27=0x0,x28=0x0,x29=0x7fd3b20190,lr=0x5f5c8f4734,sp=0x7fd3b20180,pc=0x7c0c1d9700]
[15012|15012] event_addr:0x7c0c1d9700 hit_count:1168, Regs:
[x0=0x1,x1=0x5f5c8f3598,x2=0x1,x3=0x7fd3b201e8,x4=0x0,x5=0x1414d4c,x6=0x1414d4c,x7=0x0,x8=0x9b504536b1897347,x9=0x9b504536b1897347,x10=0x9b504536b1897347,x11=0x3e8,x12=0x3,x13=0x706f6f6c5f657469,x14=0x7c0fa4e280,x15=0x0,x16=0x5f5c8f5a00,x17=0x7c0c1d9700,x18=0x7c0f35c000,x19=0x5f5c8f470c,x20=0x1,x21=0x1,x22=0x7fd3b20218,x23=0x7fd3b20220,x24=0x0,x25=0x0,x26=0x0,x27=0x0,x28=0x0,x29=0x7fd3b20190,lr=0x5f5c8f4734,sp=0x7fd3b20180,pc=0x7c0c1d9700]
[15012|15012] event_addr:0x7c0c1d9700 hit_count:1169, Regs:
[x0=0x1,x1=0x5f5c8f3598,x2=0x1,x3=0x7fd3b201e8,x4=0x0,x5=0x1414d4c,x6=0x1414d4c,x7=0x0,x8=0x9b504536b1897347,x9=0x9b504536b1897347,x10=0x9b504536b1897347,x11=0x3e8,x12=0x3,x13=0x706f6f6c5f657469,x14=0x7c0fa4e280,x15=0x0,x16=0x5f5c8f5a00,x17=0x7c0c1d9700,x18=0x7c0f35c000,x19=0x5f5c8f470c,x20=0x1,x21=0x1,x22=0x7fd3b20218,x23=0x7fd3b20220,x24=0x0,x25=0x0,x26=0x0,x27=0x0,x28=0x0,x29=0x7fd3b20190,lr=0x5f5c8f4734,sp=0x7fd3b20180,pc=0x7c0c1d9700]
[15012|15012] event_addr:0x7c0c1d9700 hit_count:1170, Regs:
[x0=0x1,x1=0x5f5c8f3598,x2=0x1,x3=0x7fd3b201e8,x4=0x0,x5=0x1414d4c,x6=0x1414d4c,x7=0x0,x8=0x9b504536b1897347,x9=0x9b504536b1897347,x10=0x9b504536b1897347,x11=0x3e8,x12=0x3,x13=0x706f6f6c5f657469,x14=0x7c0fa4e280,x15=0x0,x16=0x5f5c8f5a00,x17=0x7c0c1d9700,x18=0x7c0f35c000,x19=0x5f5c8f470c,x20=0x1,x21=0x1,x22=0x7fd3b20218,x23=0x7fd3b20220,x24=0x0,x25=0x0,x26=0x0,x27=0x0,x28=0x0,x29=0x7fd3b20190,lr=0x5f5c8f4734,sp=0x7fd3b20180,pc=0x7c0c1d9700]
[15012|15012] event_addr:0x7c0c1d9700 hit_count:1171, Regs:
[x0=0x1,x1=0x5f5c8f3598,x2=0x1,x3=0x7fd3b201e8,x4=0x0,x5=0x1414d4c,x6=0x1414d4c,x7=0x0,x8=0x9b504536b1897347,x9=0x9b504536b1897347,x10=0x9b504536b1897347,x11=0x3e8,x12=0x3,x13=0x706f6f6c5f657469,x14=0x7c0fa4e280,x15=0x0,x16=0x5f5c8f5a00,x17=0x7c0c1d9700,x18=0x7c0f35c000,x19=0x5f5c8f470c,x20=0x1,x21=0x1,x22=0x7fd3b20218,x23=0x7fd3b20220,x24=0x0,x25=0x0,x26=0x0,x27=0x0,x28=0x0,x29=0x7fd3b20190,lr=0x5f5c8f4734,sp=0x7fd3b20180,pc=0x7c0c1d9700]
[15012|15012] event_addr:0x7c0c1d9700 hit_count:1172, Regs:
[x0=0x1,x1=0x5f5c8f3598,x2=0x1,x3=0x7fd3b201e8,x4=0x0,x5=0x1414d4c,x6=0x1414d4c,x7=0x0,x8=0x9b504536b1897347,x9=0x9b504536b1897347,x10=0x9b504536b1897347,x11=0x3e8,x12=0x3,x13=0x706f6f6c5f657469,x14=0x7c0fa4e280,x15=0x0,x16=0x5f5c8f5a00,x17=0x7c0c1d9700,x18=0x7c0f35c000,x19=0x5f5c8f470c,x20=0x1,x21=0x1,x22=0x7fd3b20218,x23=0x7fd3b20220,x24=0x0,x25=0x0,x26=0x0,x27=0x0,x28=0x0,x29=0x7fd3b20190,lr=0x5f5c8f4734,sp=0x7fd3b20180,pc=0x7c0c1d9700]
[15012|15012] event_addr:0x7c0c1d9700 hit_count:1173, Regs:
[x0=0x1,x1=0x5f5c8f3598,x2=0x1,x3=0x7fd3b201e8,x4=0x0,x5=0x1414d4c,x6=0x1414d4c,x7=0x0,x8=0x9b504536b1897347,x9=0x9b504536b1897347,x10=0x9b504536b1897347,x11=0x3e8,x12=0x3,x13=0x706f6f6c5f657469,x14=0x7c0fa4e280,x15=0x0,x16=0x5f5c8f5a00,x17=0x7c0c1d9700,x18=0x7c0f35c000,x19=0x5f5c8f470c,x20=0x1,x21=0x1,x22=0x7fd3b20218,x23=0x7fd3b20220,x24=0x0,x25=0x0,x26=0x0,x27=0x0,x28=0x0,x29=0x7fd3b20190,lr=0x5f5c8f4734,sp=0x7fd3b20180,pc=0x7c0c1d9700]
[15012|15012] event_addr:0x7c0c1d9700 hit_count:1174, Regs:
[x0=0x1,x1=0x5f5c8f3598,x2=0x1,x3=0x7fd3b201e8,x4=0x0,x5=0x1414d4c,x6=0x1414d4c,x7=0x0,x8=0x9b504536b1897347,x9=0x9b504536b1897347,x10=0x9b504536b1897347,x11=0x3e8,x12=0x3,x13=0x706f6f6c5f657469,x14=0x7c0fa4e280,x15=0x0,x16=0x5f5c8f5a00,x17=0x7c0c1d9700,x18=0x7c0f35c000,x19=0x5f5c8f470c,x20=0x1,x21=0x1,x22=0x7fd3b20218,x23=0x7fd3b20220,x24=0x0,x25=0x0,x26=0x0,x27=0x0,x28=0x0,x29=0x7fd3b20190,lr=0x5f5c8f4734,sp=0x7fd3b20180,pc=0x7c0c1d9700]
[15012|15012] event_addr:0x7c0c1d9700 hit_count:1175, Regs:
[x0=0x1,x1=0x5f5c8f3598,x2=0x1,x3=0x7fd3b201e8,x4=0x0,x5=0x1414d4c,x6=0x1414d4c,x7=0x0,x8=0x9b504536b1897347,x9=0x9b504536b1897347,x10=0x9b504536b1897347,x11=0x3e8,x12=0x3,x13=0x706f6f6c5f657469,x14=0x7c0fa4e280,x15=0x0,x16=0x5f5c8f5a00,x17=0x7c0c1d9700,x18=0x7c0f35c000,x19=0x5f5c8f470c,x20=0x1,x21=0x1,x22=0x7fd3b20218,x23=0x7fd3b20220,x24=0x0,x25=0x0,x26=0x0,x27=0x0,x28=0x0,x29=0x7fd3b20190,lr=0x5f5c8f4734,sp=0x7fd3b20180,pc=0x7c0c1d9700]
[15012|15012] event_addr:0x7c0c1d9700 hit_count:1176, Regs:
[x0=0x1,x1=0x5f5c8f3598,x2=0x1,x3=0x7fd3b201e8,x4=0x0,x5=0x1414d4c,x6=0x1414d4c,x7=0x0,x8=0x9b504536b1897347,x9=0x9b504536b1897347,x10=0x9b504536b1897347,x11=0x3e8,x12=0x3,x13=0x706f6f6c5f657469,x14=0x7c0fa4e280,x15=0x0,x16=0x5f5c8f5a00,x17=0x7c0c1d9700,x18=0x7c0f35c000,x19=0x5f5c8f470c,x20=0x1,x21=0x1,x22=0x7fd3b20218,x23=0x7fd3b20220,x24=0x0,x25=0x0,x26=0x0,x27=0x0,x28=0x0,x29=0x7fd3b20190,lr=0x5f5c8f4734,sp=0x7fd3b20180,pc=0x7c0c1d9700]
[15012|15012] event_addr:0x7c0c1d9700 hit_count:1177, Regs:
[x0=0x1,x1=0x5f5c8f3598,x2=0x1,x3=0x7fd3b201e8,x4=0x0,x5=0x1414d4c,x6=0x1414d4c,x7=0x0,x8=0x9b504536b1897347,x9=0x9b504536b1897347,x10=0x9b504536b1897347,x11=0x3e8,x12=0x3,x13=0x706f6f6c5f657469,x14=0x7c0fa4e280,x15=0x0,x16=0x5f5c8f5a00,x17=0x7c0c1d9700,x18=0x7c0f35c000,x19=0x5f5c8f470c,x20=0x1,x21=0x1,x22=0x7fd3b20218,x23=0x7fd3b20220,x24=0x0,x25=0x0,x26=0x0,x27=0x0,x28=0x0,x29=0x7fd3b20190,lr=0x5f5c8f4734,sp=0x7fd3b20180,pc=0x7c0c1d9700]
[15012|15012] event_addr:0x7c0c1d9700 hit_count:1178, Regs:
[x0=0x1,x1=0x5f5c8f3598,x2=0x1,x3=0x7fd3b201e8,x4=0x0,x5=0x1414d4c,x6=0x1414d4c,x7=0x0,x8=0x9b504536b1897347,x9=0x9b504536b1897347,x10=0x9b504536b1897347,x11=0x3e8,x12=0x3,x13=0x706f6f6c5f657469,x14=0x7c0fa4e280,x15=0x0,x16=0x5f5c8f5a00,x17=0x7c0c1d9700,x18=0x7c0f35c000,x19=0x5f5c8f470c,x20=0x1,x21=0x1,x22=0x7fd3b20218,x23=0x7fd3b20220,x24=0x0,x25=0x0,x26=0x0,x27=0x0,x28=0x0,x29=0x7fd3b20190,lr=0x5f5c8f4734,sp=0x7fd3b20180,pc=0x7c0c1d9700]
[15012|15012] event_addr:0x7c0c1d9700 hit_count:1179, Regs:
[x0=0x1,x1=0x5f5c8f3598,x2=0x1,x3=0x7fd3b201e8,x4=0x0,x5=0x1414d4c,x6=0x1414d4c,x7=0x0,x8=0x9b504536b1897347,x9=0x9b504536b1897347,x10=0x9b504536b1897347,x11=0x3e8,x12=0x3,x13=0x706f6f6c5f657469,x14=0x7c0fa4e280,x15=0x0,x16=0x5f5c8f5a00,x17=0x7c0c1d9700,x18=0x7c0f35c000,x19=0x5f5c8f470c,x20=0x1,x21=0x1,x22=0x7fd3b20218,x23=0x7fd3b20220,x24=0x0,x25=0x0,x26=0x0,x27=0x0,x28=0x0,x29=0x7fd3b20190,lr=0x5f5c8f4734,sp=0x7fd3b20180,pc=0x7c0c1d9700]
[15012|15012] event_addr:0x7c0c1d9700 hit_count:1180, Regs:
[x0=0x1,x1=0x5f5c8f3598,x2=0x1,x3=0x7fd3b201e8,x4=0x0,x5=0x1414d4c,x6=0x1414d4c,x7=0x0,x8=0x9b504536b1897347,x9=0x9b504536b1897347,x10=0x9b504536b1897347,x11=0x3e8,x12=0x3,x13=0x706f6f6c5f657469,x14=0x7c0fa4e280,x15=0x0,x16=0x5f5c8f5a00,x17=0x7c0c1d9700,x18=0x7c0f35c000,x19=0x5f5c8f470c,x20=0x1,x21=0x1,x22=0x7fd3b20218,x23=0x7fd3b20220,x24=0x0,x25=0x0,x26=0x0,x27=0x0,x28=0x0,x29=0x7fd3b20190,lr=0x5f5c8f4734,sp=0x7fd3b20180,pc=0x7c0c1d9700]
[15012|15012] event_addr:0x7c0c1d9700 hit_count:1181, Regs:
[x0=0x1,x1=0x5f5c8f3598,x2=0x1,x3=0x7fd3b201e8,x4=0x0,x5=0x1414d4c,x6=0x1414d4c,x7=0x0,x8=0x9b504536b1897347,x9=0x9b504536b1897347,x10=0x9b504536b1897347,x11=0x3e8,x12=0x3,x13=0x706f6f6c5f657469,x14=0x7c0fa4e280,x15=0x0,x16=0x5f5c8f5a00,x17=0x7c0c1d9700,x18=0x7c0f35c000,x19=0x5f5c8f470c,x20=0x1,x21=0x1,x22=0x7fd3b20218,x23=0x7fd3b20220,x24=0x0,x25=0x0,x26=0x0,x27=0x0,x28=0x0,x29=0x7fd3b20190,lr=0x5f5c8f4734,sp=0x7fd3b20180,pc=0x7c0c1d9700]
[15012|15012] event_addr:0x7c0c1d9700 hit_count:1182, Regs:
[x0=0x1,x1=0x5f5c8f3598,x2=0x1,x3=0x7fd3b201e8,x4=0x0,x5=0x1414d4c,x6=0x1414d4c,x7=0x0,x8=0x9b504536b1897347,x9=0x9b504536b1897347,x10=0x9b504536b1897347,x11=0x3e8,x12=0x3,x13=0x706f6f6c5f657469,x14=0x7c0fa4e280,x15=0x0,x16=0x5f5c8f5a00,x17=0x7c0c1d9700,x18=0x7c0f35c000,x19=0x5f5c8f470c,x20=0x1,x21=0x1,x22=0x7fd3b20218,x23=0x7fd3b20220,x24=0x0,x25=0x0,x26=0x0,x27=0x0,x28=0x0,x29=0x7fd3b20190,lr=0x5f5c8f4734,sp=0x7fd3b20180,pc=0x7c0c1d9700]
[15012|15012] event_addr:0x7c0c1d9700 hit_count:1183, Regs:
[x0=0x1,x1=0x5f5c8f3598,x2=0x1,x3=0x7fd3b201e8,x4=0x0,x5=0x1414d4c,x6=0x1414d4c,x7=0x0,x8=0x9b504536b1897347,x9=0x9b504536b1897347,x10=0x9b504536b1897347,x11=0x3e8,x12=0x3,x13=0x706f6f6c5f657469,x14=0x7c0fa4e280,x15=0x0,x16=0x5f5c8f5a00,x17=0x7c0c1d9700,x18=0x7c0f35c000,x19=0x5f5c8f470c,x20=0x1,x21=0x1,x22=0x7fd3b20218,x23=0x7fd3b20220,x24=0x0,x25=0x0,x26=0x0,x27=0x0,x28=0x0,x29=0x7fd3b20190,lr=0x5f5c8f4734,sp=0x7fd3b20180,pc=0x7c0c1d9700]
[15012|15012] event_addr:0x7c0c1d9700 hit_count:1184, Regs:
[x0=0x1,x1=0x5f5c8f3598,x2=0x1,x3=0x7fd3b201e8,x4=0x0,x5=0x1414d4c,x6=0x1414d4c,x7=0x0,x8=0x9b504536b1897347,x9=0x9b504536b1897347,x10=0x9b504536b1897347,x11=0x3e8,x12=0x3,x13=0x706f6f6c5f657469,x14=0x7c0fa4e280,x15=0x0,x16=0x5f5c8f5a00,x17=0x7c0c1d9700,x18=0x7c0f35c000,x19=0x5f5c8f470c,x20=0x1,x21=0x1,x22=0x7fd3b20218,x23=0x7fd3b20220,x24=0x0,x25=0x0,x26=0x0,x27=0x0,x28=0x0,x29=0x7fd3b20190,lr=0x5f5c8f4734,sp=0x7fd3b20180,pc=0x7c0c1d9700]
[15012|15012] event_addr:0x7c0c1d9700 hit_count:1185, Regs:
[x0=0x1,x1=0x5f5c8f3598,x2=0x1,x3=0x7fd3b201e8,x4=0x0,x5=0x1414d4c,x6=0x1414d4c,x7=0x0,x8=0x9b504536b1897347,x9=0x9b504536b1897347,x10=0x9b504536b1897347,x11=0x3e8,x12=0x3,x13=0x706f6f6c5f657469,x14=0x7c0fa4e280,x15=0x0,x16=0x5f5c8f5a00,x17=0x7c0c1d9700,x18=0x7c0f35c000,x19=0x5f5c8f470c,x20=0x1,x21=0x1,x22=0x7fd3b20218,x23=0x7fd3b20220,x24=0x0,x25=0x0,x26=0x0,x27=0x0,x28=0x0,x29=0x7fd3b20190,lr=0x5f5c8f4734,sp=0x7fd3b20180,pc=0x7c0c1d9700]
[15012|15012] event_addr:0x7c0c1d9700 hit_count:1186, Regs:
[x0=0x1,x1=0x5f5c8f3598,x2=0x1,x3=0x7fd3b201e8,x4=0x0,x5=0x1414d4c,x6=0x1414d4c,x7=0x0,x8=0x9b504536b1897347,x9=0x9b504536b1897347,x10=0x9b504536b1897347,x11=0x3e8,x12=0x3,x13=0x706f6f6c5f657469,x14=0x7c0fa4e280,x15=0x0,x16=0x5f5c8f5a00,x17=0x7c0c1d9700,x18=0x7c0f35c000,x19=0x5f5c8f470c,x20=0x1,x21=0x1,x22=0x7fd3b20218,x23=0x7fd3b20220,x24=0x0,x25=0x0,x26=0x0,x27=0x0,x28=0x0,x29=0x7fd3b20190,lr=0x5f5c8f4734,sp=0x7fd3b20180,pc=0x7c0c1d9700]
[15012|15012] event_addr:0x7c0c1d9700 hit_count:1187, Regs:
[x0=0x1,x1=0x5f5c8f3598,x2=0x1,x3=0x7fd3b201e8,x4=0x0,x5=0x1414d4c,x6=0x1414d4c,x7=0x0,x8=0x9b504536b1897347,x9=0x9b504536b1897347,x10=0x9b504536b1897347,x11=0x3e8,x12=0x3,x13=0x706f6f6c5f657469,x14=0x7c0fa4e280,x15=0x0,x16=0x5f5c8f5a00,x17=0x7c0c1d9700,x18=0x7c0f35c000,x19=0x5f5c8f470c,x20=0x1,x21=0x1,x22=0x7fd3b20218,x23=0x7fd3b20220,x24=0x0,x25=0x0,x26=0x0,x27=0x0,x28=0x0,x29=0x7fd3b20190,lr=0x5f5c8f4734,sp=0x7fd3b20180,pc=0x7c0c1d9700]
[15012|15012] event_addr:0x7c0c1d9700 hit_count:1188, Regs:
[x0=0x1,x1=0x5f5c8f3598,x2=0x1,x3=0x7fd3b201e8,x4=0x0,x5=0x1414d4c,x6=0x1414d4c,x7=0x0,x8=0x9b504536b1897347,x9=0x9b504536b1897347,x10=0x9b504536b1897347,x11=0x3e8,x12=0x3,x13=0x706f6f6c5f657469,x14=0x7c0fa4e280,x15=0x0,x16=0x5f5c8f5a00,x17=0x7c0c1d9700,x18=0x7c0f35c000,x19=0x5f5c8f470c,x20=0x1,x21=0x1,x22=0x7fd3b20218,x23=0x7fd3b20220,x24=0x0,x25=0x0,x26=0x0,x27=0x0,x28=0x0,x29=0x7fd3b20190,lr=0x5f5c8f4734,sp=0x7fd3b20180,pc=0x7c0c1d9700]
[15012|15012] event_addr:0x7c0c1d9700 hit_count:1189, Regs:
[x0=0x1,x1=0x5f5c8f3598,x2=0x1,x3=0x7fd3b201e8,x4=0x0,x5=0x1414d4c,x6=0x1414d4c,x7=0x0,x8=0x9b504536b1897347,x9=0x9b504536b1897347,x10=0x9b504536b1897347,x11=0x3e8,x12=0x3,x13=0x706f6f6c5f657469,x14=0x7c0fa4e280,x15=0x0,x16=0x5f5c8f5a00,x17=0x7c0c1d9700,x18=0x7c0f35c000,x19=0x5f5c8f470c,x20=0x1,x21=0x1,x22=0x7fd3b20218,x23=0x7fd3b20220,x24=0x0,x25=0x0,x26=0x0,x27=0x0,x28=0x0,x29=0x7fd3b20190,lr=0x5f5c8f4734,sp=0x7fd3b20180,pc=0x7c0c1d9700]
[15012|15012] event_addr:0x7c0c1d9700 hit_count:1190, Regs:
[x0=0x1,x1=0x5f5c8f3598,x2=0x1,x3=0x7fd3b201e8,x4=0x0,x5=0x1414d4c,x6=0x1414d4c,x7=0x0,x8=0x9b504536b1897347,x9=0x9b504536b1897347,x10=0x9b504536b1897347,x11=0x3e8,x12=0x3,x13=0x706f6f6c5f657469,x14=0x7c0fa4e280,x15=0x0,x16=0x5f5c8f5a00,x17=0x7c0c1d9700,x18=0x7c0f35c000,x19=0x5f5c8f470c,x20=0x1,x21=0x1,x22=0x7fd3b20218,x23=0x7fd3b20220,x24=0x0,x25=0x0,x26=0x0,x27=0x0,x28=0x0,x29=0x7fd3b20190,lr=0x5f5c8f4734,sp=0x7fd3b20180,pc=0x7c0c1d9700]
[15012|15012] event_addr:0x7c0c1d9700 hit_count:1191, Regs:
[x0=0x1,x1=0x5f5c8f3598,x2=0x1,x3=0x7fd3b201e8,x4=0x0,x5=0x1414d4c,x6=0x1414d4c,x7=0x0,x8=0x9b504536b1897347,x9=0x9b504536b1897347,x10=0x9b504536b1897347,x11=0x3e8,x12=0x3,x13=0x706f6f6c5f657469,x14=0x7c0fa4e280,x15=0x0,x16=0x5f5c8f5a00,x17=0x7c0c1d9700,x18=0x7c0f35c000,x19=0x5f5c8f470c,x20=0x1,x21=0x1,x22=0x7fd3b20218,x23=0x7fd3b20220,x24=0x0,x25=0x0,x26=0x0,x27=0x0,x28=0x0,x29=0x7fd3b20190,lr=0x5f5c8f4734,sp=0x7fd3b20180,pc=0x7c0c1d9700]
[15012|15012] event_addr:0x7c0c1d9700 hit_count:1192, Regs:
[x0=0x1,x1=0x5f5c8f3598,x2=0x1,x3=0x7fd3b201e8,x4=0x0,x5=0x1414d4c,x6=0x1414d4c,x7=0x0,x8=0x9b504536b1897347,x9=0x9b504536b1897347,x10=0x9b504536b1897347,x11=0x3e8,x12=0x3,x13=0x706f6f6c5f657469,x14=0x7c0fa4e280,x15=0x0,x16=0x5f5c8f5a00,x17=0x7c0c1d9700,x18=0x7c0f35c000,x19=0x5f5c8f470c,x20=0x1,x21=0x1,x22=0x7fd3b20218,x23=0x7fd3b20220,x24=0x0,x25=0x0,x26=0x0,x27=0x0,x28=0x0,x29=0x7fd3b20190,lr=0x5f5c8f4734,sp=0x7fd3b20180,pc=0x7c0c1d9700]
[15012|15012] event_addr:0x7c0c1d9700 hit_count:1193, Regs:
[x0=0x1,x1=0x5f5c8f3598,x2=0x1,x3=0x7fd3b201e8,x4=0x0,x5=0x1414d4c,x6=0x1414d4c,x7=0x0,x8=0x9b504536b1897347,x9=0x9b504536b1897347,x10=0x9b504536b1897347,x11=0x3e8,x12=0x3,x13=0x706f6f6c5f657469,x14=0x7c0fa4e280,x15=0x0,x16=0x5f5c8f5a00,x17=0x7c0c1d9700,x18=0x7c0f35c000,x19=0x5f5c8f470c,x20=0x1,x21=0x1,x22=0x7fd3b20218,x23=0x7fd3b20220,x24=0x0,x25=0x0,x26=0x0,x27=0x0,x28=0x0,x29=0x7fd3b20190,lr=0x5f5c8f4734,sp=0x7fd3b20180,pc=0x7c0c1d9700]
[15012|15012] event_addr:0x7c0c1d9700 hit_count:1194, Regs:
[x0=0x1,x1=0x5f5c8f3598,x2=0x1,x3=0x7fd3b201e8,x4=0x0,x5=0x1414d4c,x6=0x1414d4c,x7=0x0,x8=0x9b504536b1897347,x9=0x9b504536b1897347,x10=0x9b504536b1897347,x11=0x3e8,x12=0x3,x13=0x706f6f6c5f657469,x14=0x7c0fa4e280,x15=0x0,x16=0x5f5c8f5a00,x17=0x7c0c1d9700,x18=0x7c0f35c000,x19=0x5f5c8f470c,x20=0x1,x21=0x1,x22=0x7fd3b20218,x23=0x7fd3b20220,x24=0x0,x25=0x0,x26=0x0,x27=0x0,x28=0x0,x29=0x7fd3b20190,lr=0x5f5c8f4734,sp=0x7fd3b20180,pc=0x7c0c1d9700]
[15012|15012] event_addr:0x7c0c1d9700 hit_count:1195, Regs:
[x0=0x1,x1=0x5f5c8f3598,x2=0x1,x3=0x7fd3b201e8,x4=0x0,x5=0x1414d4c,x6=0x1414d4c,x7=0x0,x8=0x9b504536b1897347,x9=0x9b504536b1897347,x10=0x9b504536b1897347,x11=0x3e8,x12=0x3,x13=0x706f6f6c5f657469,x14=0x7c0fa4e280,x15=0x0,x16=0x5f5c8f5a00,x17=0x7c0c1d9700,x18=0x7c0f35c000,x19=0x5f5c8f470c,x20=0x1,x21=0x1,x22=0x7fd3b20218,x23=0x7fd3b20220,x24=0x0,x25=0x0,x26=0x0,x27=0x0,x28=0x0,x29=0x7fd3b20190,lr=0x5f5c8f4734,sp=0x7fd3b20180,pc=0x7c0c1d9700]
[15012|15012] event_addr:0x7c0c1d9700 hit_count:1196, Regs:
[x0=0x1,x1=0x5f5c8f3598,x2=0x1,x3=0x7fd3b201e8,x4=0x0,x5=0x1414d4c,x6=0x1414d4c,x7=0x0,x8=0x9b504536b1897347,x9=0x9b504536b1897347,x10=0x9b504536b1897347,x11=0x3e8,x12=0x3,x13=0x706f6f6c5f657469,x14=0x7c0fa4e280,x15=0x0,x16=0x5f5c8f5a00,x17=0x7c0c1d9700,x18=0x7c0f35c000,x19=0x5f5c8f470c,x20=0x1,x21=0x1,x22=0x7fd3b20218,x23=0x7fd3b20220,x24=0x0,x25=0x0,x26=0x0,x27=0x0,x28=0x0,x29=0x7fd3b20190,lr=0x5f5c8f4734,sp=0x7fd3b20180,pc=0x7c0c1d9700]
[15012|15012] event_addr:0x7c0c1d9700 hit_count:1197, Regs:
[x0=0x1,x1=0x5f5c8f3598,x2=0x1,x3=0x7fd3b201e8,x4=0x0,x5=0x1414d4c,x6=0x1414d4c,x7=0x0,x8=0x9b504536b1897347,x9=0x9b504536b1897347,x10=0x9b504536b1897347,x11=0x3e8,x12=0x3,x13=0x706f6f6c5f657469,x14=0x7c0fa4e280,x15=0x0,x16=0x5f5c8f5a00,x17=0x7c0c1d9700,x18=0x7c0f35c000,x19=0x5f5c8f470c,x20=0x1,x21=0x1,x22=0x7fd3b20218,x23=0x7fd3b20220,x24=0x0,x25=0x0,x26=0x0,x27=0x0,x28=0x0,x29=0x7fd3b20190,lr=0x5f5c8f4734,sp=0x7fd3b20180,pc=0x7c0c1d9700]
[15012|15012] event_addr:0x7c0c1d9700 hit_count:1198, Regs:
[x0=0x1,x1=0x5f5c8f3598,x2=0x1,x3=0x7fd3b201e8,x4=0x0,x5=0x1414d4c,x6=0x1414d4c,x7=0x0,x8=0x9b504536b1897347,x9=0x9b504536b1897347,x10=0x9b504536b1897347,x11=0x3e8,x12=0x3,x13=0x706f6f6c5f657469,x14=0x7c0fa4e280,x15=0x0,x16=0x5f5c8f5a00,x17=0x7c0c1d9700,x18=0x7c0f35c000,x19=0x5f5c8f470c,x20=0x1,x21=0x1,x22=0x7fd3b20218,x23=0x7fd3b20220,x24=0x0,x25=0x0,x26=0x0,x27=0x0,x28=0x0,x29=0x7fd3b20190,lr=0x5f5c8f4734,sp=0x7fd3b20180,pc=0x7c0c1d9700]
[15012|15012] event_addr:0x7c0c1d9700 hit_count:1199, Regs:
[x0=0x1,x1=0x5f5c8f3598,x2=0x1,x3=0x7fd3b201e8,x4=0x0,x5=0x1414d4c,x6=0x1414d4c,x7=0x0,x8=0x9b504536b1897347,x9=0x9b504536b1897347,x10=0x9b504536b1897347,x11=0x3e8,x12=0x3,x13=0x706f6f6c5f657469,x14=0x7c0fa4e280,x15=0x0,x16=0x5f5c8f5a00,x17=0x7c0c1d9700,x18=0x7c0f35c000,x19=0x5f5c8f470c,x20=0x1,x21=0x1,x22=0x7fd3b20218,x23=0x7fd3b20220,x24=0x0,x25=0x0,x26=0x0,x27=0x0,x28=0x0,x29=0x7fd3b20190,lr=0x5f5c8f4734,sp=0x7fd3b20180,pc=0x7c0c1d9700]
[15012|15012] event_addr:0x7c0c1d9700 hit_count:1200, Regs:
[x0=0x1,x1=0x5f5c8f3598,x2=0x1,x3=0x7fd3b201e8,x4=0x0,x5=0x1414d4c,x6=0x1414d4c,x7=0x0,x8=0x9b504536b1897347,x9=0x9b504536b1897347,x10=0x9b504536b1897347,x11=0x3e8,x12=0x3,x13=0x706f6f6c5f657469,x14=0x7c0fa4e280,x15=0x0,x16=0x5f5c8f5a00,x17=0x7c0c1d9700,x18=0x7c0f35c000,x19=0x5f5c8f470c,x20=0x1,x21=0x1,x22=0x7fd3b20218,x23=0x7fd3b20220,x24=0x0,x25=0x0,x26=0x0,x27=0x0,x28=0x0,x29=0x7fd3b20190,lr=0x5f5c8f4734,sp=0x7fd3b20180,pc=0x7c0c1d9700]
[15012|15012] event_addr:0x7c0c1d9700 hit_count:1201, Regs:
[x0=0x1,x1=0x5f5c8f3598,x2=0x1,x3=0x7fd3b201e8,x4=0x0,x5=0x1414d4c,x6=0x1414d4c,x7=0x0,x8=0x9b504536b1897347,x9=0x9b504536b1897347,x10=0x9b504536b1897347,x11=0x3e8,x12=0x3,x13=0x706f6f6c5f657469,x14=0x7c0fa4e280,x15=0x0,x16=0x5f5c8f5a00,x17=0x7c0c1d9700,x18=0x7c0f35c000,x19=0x5f5c8f470c,x20=0x1,x21=0x1,x22=0x7fd3b20218,x23=0x7fd3b20220,x24=0x0,x25=0x0,x26=0x0,x27=0x0,x28=0x0,x29=0x7fd3b20190,lr=0x5f5c8f4734,sp=0x7fd3b20180,pc=0x7c0c1d9700]
[15012|15012] event_addr:0x7c0c1d9700 hit_count:1202, Regs:
[x0=0x1,x1=0x5f5c8f3598,x2=0x1,x3=0x7fd3b201e8,x4=0x0,x5=0x1414d4c,x6=0x1414d4c,x7=0x0,x8=0x9b504536b1897347,x9=0x9b504536b1897347,x10=0x9b504536b1897347,x11=0x3e8,x12=0x3,x13=0x706f6f6c5f657469,x14=0x7c0fa4e280,x15=0x0,x16=0x5f5c8f5a00,x17=0x7c0c1d9700,x18=0x7c0f35c000,x19=0x5f5c8f470c,x20=0x1,x21=0x1,x22=0x7fd3b20218,x23=0x7fd3b20220,x24=0x0,x25=0x0,x26=0x0,x27=0x0,x28=0x0,x29=0x7fd3b20190,lr=0x5f5c8f4734,sp=0x7fd3b20180,pc=0x7c0c1d9700]
[15012|15012] event_addr:0x7c0c1d9700 hit_count:1203, Regs:
[x0=0x1,x1=0x5f5c8f3598,x2=0x1,x3=0x7fd3b201e8,x4=0x0,x5=0x1414d4c,x6=0x1414d4c,x7=0x0,x8=0x9b504536b1897347,x9=0x9b504536b1897347,x10=0x9b504536b1897347,x11=0x3e8,x12=0x3,x13=0x706f6f6c5f657469,x14=0x7c0fa4e280,x15=0x0,x16=0x5f5c8f5a00,x17=0x7c0c1d9700,x18=0x7c0f35c000,x19=0x5f5c8f470c,x20=0x1,x21=0x1,x22=0x7fd3b20218,x23=0x7fd3b20220,x24=0x0,x25=0x0,x26=0x0,x27=0x0,x28=0x0,x29=0x7fd3b20190,lr=0x5f5c8f4734,sp=0x7fd3b20180,pc=0x7c0c1d9700]
[15012|15012] event_addr:0x7c0c1d9700 hit_count:1204, Regs:
[x0=0x1,x1=0x5f5c8f3598,x2=0x1,x3=0x7fd3b201e8,x4=0x0,x5=0x1414d4c,x6=0x1414d4c,x7=0x0,x8=0x9b504536b1897347,x9=0x9b504536b1897347,x10=0x9b504536b1897347,x11=0x3e8,x12=0x3,x13=0x706f6f6c5f657469,x14=0x7c0fa4e280,x15=0x0,x16=0x5f5c8f5a00,x17=0x7c0c1d9700,x18=0x7c0f35c000,x19=0x5f5c8f470c,x20=0x1,x21=0x1,x22=0x7fd3b20218,x23=0x7fd3b20220,x24=0x0,x25=0x0,x26=0x0,x27=0x0,x28=0x0,x29=0x7fd3b20190,lr=0x5f5c8f4734,sp=0x7fd3b20180,pc=0x7c0c1d9700]
[15012|15012] event_addr:0x7c0c1d9700 hit_count:1205, Regs:
[x0=0x1,x1=0x5f5c8f3598,x2=0x1,x3=0x7fd3b201e8,x4=0x0,x5=0x1414d4c,x6=0x1414d4c,x7=0x0,x8=0x9b504536b1897347,x9=0x9b504536b1897347,x10=0x9b504536b1897347,x11=0x3e8,x12=0x3,x13=0x706f6f6c5f657469,x14=0x7c0fa4e280,x15=0x0,x16=0x5f5c8f5a00,x17=0x7c0c1d9700,x18=0x7c0f35c000,x19=0x5f5c8f470c,x20=0x1,x21=0x1,x22=0x7fd3b20218,x23=0x7fd3b20220,x24=0x0,x25=0x0,x26=0x0,x27=0x0,x28=0x0,x29=0x7fd3b20190,lr=0x5f5c8f4734,sp=0x7fd3b20180,pc=0x7c0c1d9700]
[15012|15012] event_addr:0x7c0c1d9700 hit_count:1206, Regs:
[x0=0x1,x1=0x5f5c8f3598,x2=0x1,x3=0x7fd3b201e8,x4=0x0,x5=0x1414d4c,x6=0x1414d4c,x7=0x0,x8=0x9b504536b1897347,x9=0x9b504536b1897347,x10=0x9b504536b1897347,x11=0x3e8,x12=0x3,x13=0x706f6f6c5f657469,x14=0x7c0fa4e280,x15=0x0,x16=0x5f5c8f5a00,x17=0x7c0c1d9700,x18=0x7c0f35c000,x19=0x5f5c8f470c,x20=0x1,x21=0x1,x22=0x7fd3b20218,x23=0x7fd3b20220,x24=0x0,x25=0x0,x26=0x0,x27=0x0,x28=0x0,x29=0x7fd3b20190,lr=0x5f5c8f4734,sp=0x7fd3b20180,pc=0x7c0c1d9700]
[15012|15012] event_addr:0x7c0c1d9700 hit_count:1207, Regs:
[x0=0x1,x1=0x5f5c8f3598,x2=0x1,x3=0x7fd3b201e8,x4=0x0,x5=0x1414d4c,x6=0x1414d4c,x7=0x0,x8=0x9b504536b1897347,x9=0x9b504536b1897347,x10=0x9b504536b1897347,x11=0x3e8,x12=0x3,x13=0x706f6f6c5f657469,x14=0x7c0fa4e280,x15=0x0,x16=0x5f5c8f5a00,x17=0x7c0c1d9700,x18=0x7c0f35c000,x19=0x5f5c8f470c,x20=0x1,x21=0x1,x22=0x7fd3b20218,x23=0x7fd3b20220,x24=0x0,x25=0x0,x26=0x0,x27=0x0,x28=0x0,x29=0x7fd3b20190,lr=0x5f5c8f4734,sp=0x7fd3b20180,pc=0x7c0c1d9700]
[15012|15012] event_addr:0x7c0c1d9700 hit_count:1208, Regs:
[x0=0x1,x1=0x5f5c8f3598,x2=0x1,x3=0x7fd3b201e8,x4=0x0,x5=0x1414d4c,x6=0x1414d4c,x7=0x0,x8=0x9b504536b1897347,x9=0x9b504536b1897347,x10=0x9b504536b1897347,x11=0x3e8,x12=0x3,x13=0x706f6f6c5f657469,x14=0x7c0fa4e280,x15=0x0,x16=0x5f5c8f5a00,x17=0x7c0c1d9700,x18=0x7c0f35c000,x19=0x5f5c8f470c,x20=0x1,x21=0x1,x22=0x7fd3b20218,x23=0x7fd3b20220,x24=0x0,x25=0x0,x26=0x0,x27=0x0,x28=0x0,x29=0x7fd3b20190,lr=0x5f5c8f4734,sp=0x7fd3b20180,pc=0x7c0c1d9700]
[15012|15012] event_addr:0x7c0c1d9700 hit_count:1209, Regs:
[x0=0x1,x1=0x5f5c8f3598,x2=0x1,x3=0x7fd3b201e8,x4=0x0,x5=0x1414d4c,x6=0x1414d4c,x7=0x0,x8=0x9b504536b1897347,x9=0x9b504536b1897347,x10=0x9b504536b1897347,x11=0x3e8,x12=0x3,x13=0x706f6f6c5f657469,x14=0x7c0fa4e280,x15=0x0,x16=0x5f5c8f5a00,x17=0x7c0c1d9700,x18=0x7c0f35c000,x19=0x5f5c8f470c,x20=0x1,x21=0x1,x22=0x7fd3b20218,x23=0x7fd3b20220,x24=0x0,x25=0x0,x26=0x0,x27=0x0,x28=0x0,x29=0x7fd3b20190,lr=0x5f5c8f4734,sp=0x7fd3b20180,pc=0x7c0c1d9700]
[15012|15012] event_addr:0x7c0c1d9700 hit_count:1210, Regs:
[x0=0x1,x1=0x5f5c8f3598,x2=0x1,x3=0x7fd3b201e8,x4=0x0,x5=0x1414d4c,x6=0x1414d4c,x7=0x0,x8=0x9b504536b1897347,x9=0x9b504536b1897347,x10=0x9b504536b1897347,x11=0x3e8,x12=0x3,x13=0x706f6f6c5f657469,x14=0x7c0fa4e280,x15=0x0,x16=0x5f5c8f5a00,x17=0x7c0c1d9700,x18=0x7c0f35c000,x19=0x5f5c8f470c,x20=0x1,x21=0x1,x22=0x7fd3b20218,x23=0x7fd3b20220,x24=0x0,x25=0x0,x26=0x0,x27=0x0,x28=0x0,x29=0x7fd3b20190,lr=0x5f5c8f4734,sp=0x7fd3b20180,pc=0x7c0c1d9700]
[15012|15012] event_addr:0x7c0c1d9700 hit_count:1211, Regs:
[x0=0x1,x1=0x5f5c8f3598,x2=0x1,x3=0x7fd3b201e8,x4=0x0,x5=0x1414d4c,x6=0x1414d4c,x7=0x0,x8=0x9b504536b1897347,x9=0x9b504536b1897347,x10=0x9b504536b1897347,x11=0x3e8,x12=0x3,x13=0x706f6f6c5f657469,x14=0x7c0fa4e280,x15=0x0,x16=0x5f5c8f5a00,x17=0x7c0c1d9700,x18=0x7c0f35c000,x19=0x5f5c8f470c,x20=0x1,x21=0x1,x22=0x7fd3b20218,x23=0x7fd3b20220,x24=0x0,x25=0x0,x26=0x0,x27=0x0,x28=0x0,x29=0x7fd3b20190,lr=0x5f5c8f4734,sp=0x7fd3b20180,pc=0x7c0c1d9700]
[15012|15012] event_addr:0x7c0c1d9700 hit_count:1212, Regs:
[x0=0x1,x1=0x5f5c8f3598,x2=0x1,x3=0x7fd3b201e8,x4=0x0,x5=0x1414d4c,x6=0x1414d4c,x7=0x0,x8=0x9b504536b1897347,x9=0x9b504536b1897347,x10=0x9b504536b1897347,x11=0x3e8,x12=0x3,x13=0x706f6f6c5f657469,x14=0x7c0fa4e280,x15=0x0,x16=0x5f5c8f5a00,x17=0x7c0c1d9700,x18=0x7c0f35c000,x19=0x5f5c8f470c,x20=0x1,x21=0x1,x22=0x7fd3b20218,x23=0x7fd3b20220,x24=0x0,x25=0x0,x26=0x0,x27=0x0,x28=0x0,x29=0x7fd3b20190,lr=0x5f5c8f4734,sp=0x7fd3b20180,pc=0x7c0c1d9700]
[15012|15012] event_addr:0x7c0c1d9700 hit_count:1213, Regs:
[x0=0x1,x1=0x5f5c8f3598,x2=0x1,x3=0x7fd3b201e8,x4=0x0,x5=0x1414d4c,x6=0x1414d4c,x7=0x0,x8=0x9b504536b1897347,x9=0x9b504536b1897347,x10=0x9b504536b1897347,x11=0x3e8,x12=0x3,x13=0x706f6f6c5f657469,x14=0x7c0fa4e280,x15=0x0,x16=0x5f5c8f5a00,x17=0x7c0c1d9700,x18=0x7c0f35c000,x19=0x5f5c8f470c,x20=0x1,x21=0x1,x22=0x7fd3b20218,x23=0x7fd3b20220,x24=0x0,x25=0x0,x26=0x0,x27=0x0,x28=0x0,x29=0x7fd3b20190,lr=0x5f5c8f4734,sp=0x7fd3b20180,pc=0x7c0c1d9700]
[15012|15012] event_addr:0x7c0c1d9700 hit_count:1214, Regs:
[x0=0x1,x1=0x5f5c8f3598,x2=0x1,x3=0x7fd3b201e8,x4=0x0,x5=0x1414d4c,x6=0x1414d4c,x7=0x0,x8=0x9b504536b1897347,x9=0x9b504536b1897347,x10=0x9b504536b1897347,x11=0x3e8,x12=0x3,x13=0x706f6f6c5f657469,x14=0x7c0fa4e280,x15=0x0,x16=0x5f5c8f5a00,x17=0x7c0c1d9700,x18=0x7c0f35c000,x19=0x5f5c8f470c,x20=0x1,x21=0x1,x22=0x7fd3b20218,x23=0x7fd3b20220,x24=0x0,x25=0x0,x26=0x0,x27=0x0,x28=0x0,x29=0x7fd3b20190,lr=0x5f5c8f4734,sp=0x7fd3b20180,pc=0x7c0c1d9700]
[15012|15012] event_addr:0x7c0c1d9700 hit_count:1215, Regs:
[x0=0x1,x1=0x5f5c8f3598,x2=0x1,x3=0x7fd3b201e8,x4=0x0,x5=0x1414d4c,x6=0x1414d4c,x7=0x0,x8=0x9b504536b1897347,x9=0x9b504536b1897347,x10=0x9b504536b1897347,x11=0x3e8,x12=0x3,x13=0x706f6f6c5f657469,x14=0x7c0fa4e280,x15=0x0,x16=0x5f5c8f5a00,x17=0x7c0c1d9700,x18=0x7c0f35c000,x19=0x5f5c8f470c,x20=0x1,x21=0x1,x22=0x7fd3b20218,x23=0x7fd3b20220,x24=0x0,x25=0x0,x26=0x0,x27=0x0,x28=0x0,x29=0x7fd3b20190,lr=0x5f5c8f4734,sp=0x7fd3b20180,pc=0x7c0c1d9700]
[15012|15012] event_addr:0x7c0c1d9700 hit_count:1216, Regs:
[x0=0x1,x1=0x5f5c8f3598,x2=0x1,x3=0x7fd3b201e8,x4=0x0,x5=0x1414d4c,x6=0x1414d4c,x7=0x0,x8=0x9b504536b1897347,x9=0x9b504536b1897347,x10=0x9b504536b1897347,x11=0x3e8,x12=0x3,x13=0x706f6f6c5f657469,x14=0x7c0fa4e280,x15=0x0,x16=0x5f5c8f5a00,x17=0x7c0c1d9700,x18=0x7c0f35c000,x19=0x5f5c8f470c,x20=0x1,x21=0x1,x22=0x7fd3b20218,x23=0x7fd3b20220,x24=0x0,x25=0x0,x26=0x0,x27=0x0,x28=0x0,x29=0x7fd3b20190,lr=0x5f5c8f4734,sp=0x7fd3b20180,pc=0x7c0c1d9700]
[15012|15012] event_addr:0x7c0c1d9700 hit_count:1217, Regs:
[x0=0x1,x1=0x5f5c8f3598,x2=0x1,x3=0x7fd3b201e8,x4=0x0,x5=0x1414d4c,x6=0x1414d4c,x7=0x0,x8=0x9b504536b1897347,x9=0x9b504536b1897347,x10=0x9b504536b1897347,x11=0x3e8,x12=0x3,x13=0x706f6f6c5f657469,x14=0x7c0fa4e280,x15=0x0,x16=0x5f5c8f5a00,x17=0x7c0c1d9700,x18=0x7c0f35c000,x19=0x5f5c8f470c,x20=0x1,x21=0x1,x22=0x7fd3b20218,x23=0x7fd3b20220,x24=0x0,x25=0x0,x26=0x0,x27=0x0,x28=0x0,x29=0x7fd3b20190,lr=0x5f5c8f4734,sp=0x7fd3b20180,pc=0x7c0c1d9700]
[15012|15012] event_addr:0x7c0c1d9700 hit_count:1218, Regs:
[x0=0x1,x1=0x5f5c8f3598,x2=0x1,x3=0x7fd3b201e8,x4=0x0,x5=0x1414d4c,x6=0x1414d4c,x7=0x0,x8=0x9b504536b1897347,x9=0x9b504536b1897347,x10=0x9b504536b1897347,x11=0x3e8,x12=0x3,x13=0x706f6f6c5f657469,x14=0x7c0fa4e280,x15=0x0,x16=0x5f5c8f5a00,x17=0x7c0c1d9700,x18=0x7c0f35c000,x19=0x5f5c8f470c,x20=0x1,x21=0x1,x22=0x7fd3b20218,x23=0x7fd3b20220,x24=0x0,x25=0x0,x26=0x0,x27=0x0,x28=0x0,x29=0x7fd3b20190,lr=0x5f5c8f4734,sp=0x7fd3b20180,pc=0x7c0c1d9700]
[15012|15012] event_addr:0x7c0c1d9700 hit_count:1219, Regs:
[x0=0x1,x1=0x5f5c8f3598,x2=0x1,x3=0x7fd3b201e8,x4=0x0,x5=0x1414d4c,x6=0x1414d4c,x7=0x0,x8=0x9b504536b1897347,x9=0x9b504536b1897347,x10=0x9b504536b1897347,x11=0x3e8,x12=0x3,x13=0x706f6f6c5f657469,x14=0x7c0fa4e280,x15=0x0,x16=0x5f5c8f5a00,x17=0x7c0c1d9700,x18=0x7c0f35c000,x19=0x5f5c8f470c,x20=0x1,x21=0x1,x22=0x7fd3b20218,x23=0x7fd3b20220,x24=0x0,x25=0x0,x26=0x0,x27=0x0,x28=0x0,x29=0x7fd3b20190,lr=0x5f5c8f4734,sp=0x7fd3b20180,pc=0x7c0c1d9700]
[15012|15012] event_addr:0x7c0c1d9700 hit_count:1220, Regs:
[x0=0x1,x1=0x5f5c8f3598,x2=0x1,x3=0x7fd3b201e8,x4=0x0,x5=0x1414d4c,x6=0x1414d4c,x7=0x0,x8=0x9b504536b1897347,x9=0x9b504536b1897347,x10=0x9b504536b1897347,x11=0x3e8,x12=0x3,x13=0x706f6f6c5f657469,x14=0x7c0fa4e280,x15=0x0,x16=0x5f5c8f5a00,x17=0x7c0c1d9700,x18=0x7c0f35c000,x19=0x5f5c8f470c,x20=0x1,x21=0x1,x22=0x7fd3b20218,x23=0x7fd3b20220,x24=0x0,x25=0x0,x26=0x0,x27=0x0,x28=0x0,x29=0x7fd3b20190,lr=0x5f5c8f4734,sp=0x7fd3b20180,pc=0x7c0c1d9700]
[15012|15012] event_addr:0x7c0c1d9700 hit_count:1221, Regs:
[x0=0x1,x1=0x5f5c8f3598,x2=0x1,x3=0x7fd3b201e8,x4=0x0,x5=0x1414d4c,x6=0x1414d4c,x7=0x0,x8=0x9b504536b1897347,x9=0x9b504536b1897347,x10=0x9b504536b1897347,x11=0x3e8,x12=0x3,x13=0x706f6f6c5f657469,x14=0x7c0fa4e280,x15=0x0,x16=0x5f5c8f5a00,x17=0x7c0c1d9700,x18=0x7c0f35c000,x19=0x5f5c8f470c,x20=0x1,x21=0x1,x22=0x7fd3b20218,x23=0x7fd3b20220,x24=0x0,x25=0x0,x26=0x0,x27=0x0,x28=0x0,x29=0x7fd3b20190,lr=0x5f5c8f4734,sp=0x7fd3b20180,pc=0x7c0c1d9700]
[15012|15012] event_addr:0x7c0c1d9700 hit_count:1222, Regs:
[x0=0x1,x1=0x5f5c8f3598,x2=0x1,x3=0x7fd3b201e8,x4=0x0,x5=0x1414d4c,x6=0x1414d4c,x7=0x0,x8=0x9b504536b1897347,x9=0x9b504536b1897347,x10=0x9b504536b1897347,x11=0x3e8,x12=0x3,x13=0x706f6f6c5f657469,x14=0x7c0fa4e280,x15=0x0,x16=0x5f5c8f5a00,x17=0x7c0c1d9700,x18=0x7c0f35c000,x19=0x5f5c8f470c,x20=0x1,x21=0x1,x22=0x7fd3b20218,x23=0x7fd3b20220,x24=0x0,x25=0x0,x26=0x0,x27=0x0,x28=0x0,x29=0x7fd3b20190,lr=0x5f5c8f4734,sp=0x7fd3b20180,pc=0x7c0c1d9700]
[15012|15012] event_addr:0x7c0c1d9700 hit_count:1223, Regs:
[x0=0x1,x1=0x5f5c8f3598,x2=0x1,x3=0x7fd3b201e8,x4=0x0,x5=0x1414d4c,x6=0x1414d4c,x7=0x0,x8=0x9b504536b1897347,x9=0x9b504536b1897347,x10=0x9b504536b1897347,x11=0x3e8,x12=0x3,x13=0x706f6f6c5f657469,x14=0x7c0fa4e280,x15=0x0,x16=0x5f5c8f5a00,x17=0x7c0c1d9700,x18=0x7c0f35c000,x19=0x5f5c8f470c,x20=0x1,x21=0x1,x22=0x7fd3b20218,x23=0x7fd3b20220,x24=0x0,x25=0x0,x26=0x0,x27=0x0,x28=0x0,x29=0x7fd3b20190,lr=0x5f5c8f4734,sp=0x7fd3b20180,pc=0x7c0c1d9700]
[15012|15012] event_addr:0x7c0c1d9700 hit_count:1224, Regs:
[x0=0x1,x1=0x5f5c8f3598,x2=0x1,x3=0x7fd3b201e8,x4=0x0,x5=0x1414d4c,x6=0x1414d4c,x7=0x0,x8=0x9b504536b1897347,x9=0x9b504536b1897347,x10=0x9b504536b1897347,x11=0x3e8,x12=0x3,x13=0x706f6f6c5f657469,x14=0x7c0fa4e280,x15=0x0,x16=0x5f5c8f5a00,x17=0x7c0c1d9700,x18=0x7c0f35c000,x19=0x5f5c8f470c,x20=0x1,x21=0x1,x22=0x7fd3b20218,x23=0x7fd3b20220,x24=0x0,x25=0x0,x26=0x0,x27=0x0,x28=0x0,x29=0x7fd3b20190,lr=0x5f5c8f4734,sp=0x7fd3b20180,pc=0x7c0c1d9700]
[15012|15012] event_addr:0x7c0c1d9700 hit_count:1225, Regs:
[x0=0x1,x1=0x5f5c8f3598,x2=0x1,x3=0x7fd3b201e8,x4=0x0,x5=0x1414d4c,x6=0x1414d4c,x7=0x0,x8=0x9b504536b1897347,x9=0x9b504536b1897347,x10=0x9b504536b1897347,x11=0x3e8,x12=0x3,x13=0x706f6f6c5f657469,x14=0x7c0fa4e280,x15=0x0,x16=0x5f5c8f5a00,x17=0x7c0c1d9700,x18=0x7c0f35c000,x19=0x5f5c8f470c,x20=0x1,x21=0x1,x22=0x7fd3b20218,x23=0x7fd3b20220,x24=0x0,x25=0x0,x26=0x0,x27=0x0,x28=0x0,x29=0x7fd3b20190,lr=0x5f5c8f4734,sp=0x7fd3b20180,pc=0x7c0c1d9700]
[15012|15012] event_addr:0x7c0c1d9700 hit_count:1226, Regs:
[x0=0x1,x1=0x5f5c8f3598,x2=0x1,x3=0x7fd3b201e8,x4=0x0,x5=0x1414d4c,x6=0x1414d4c,x7=0x0,x8=0x9b504536b1897347,x9=0x9b504536b1897347,x10=0x9b504536b1897347,x11=0x3e8,x12=0x3,x13=0x706f6f6c5f657469,x14=0x7c0fa4e280,x15=0x0,x16=0x5f5c8f5a00,x17=0x7c0c1d9700,x18=0x7c0f35c000,x19=0x5f5c8f470c,x20=0x1,x21=0x1,x22=0x7fd3b20218,x23=0x7fd3b20220,x24=0x0,x25=0x0,x26=0x0,x27=0x0,x28=0x0,x29=0x7fd3b20190,lr=0x5f5c8f4734,sp=0x7fd3b20180,pc=0x7c0c1d9700]
[15012|15012] event_addr:0x7c0c1d9700 hit_count:1227, Regs:
[x0=0x1,x1=0x5f5c8f3598,x2=0x1,x3=0x7fd3b201e8,x4=0x0,x5=0x1414d4c,x6=0x1414d4c,x7=0x0,x8=0x9b504536b1897347,x9=0x9b504536b1897347,x10=0x9b504536b1897347,x11=0x3e8,x12=0x3,x13=0x706f6f6c5f657469,x14=0x7c0fa4e280,x15=0x0,x16=0x5f5c8f5a00,x17=0x7c0c1d9700,x18=0x7c0f35c000,x19=0x5f5c8f470c,x20=0x1,x21=0x1,x22=0x7fd3b20218,x23=0x7fd3b20220,x24=0x0,x25=0x0,x26=0x0,x27=0x0,x28=0x0,x29=0x7fd3b20190,lr=0x5f5c8f4734,sp=0x7fd3b20180,pc=0x7c0c1d9700]
[15012|15012] event_addr:0x7c0c1d9700 hit_count:1228, Regs:
[x0=0x1,x1=0x5f5c8f3598,x2=0x1,x3=0x7fd3b201e8,x4=0x0,x5=0x1414d4c,x6=0x1414d4c,x7=0x0,x8=0x9b504536b1897347,x9=0x9b504536b1897347,x10=0x9b504536b1897347,x11=0x3e8,x12=0x3,x13=0x706f6f6c5f657469,x14=0x7c0fa4e280,x15=0x0,x16=0x5f5c8f5a00,x17=0x7c0c1d9700,x18=0x7c0f35c000,x19=0x5f5c8f470c,x20=0x1,x21=0x1,x22=0x7fd3b20218,x23=0x7fd3b20220,x24=0x0,x25=0x0,x26=0x0,x27=0x0,x28=0x0,x29=0x7fd3b20190,lr=0x5f5c8f4734,sp=0x7fd3b20180,pc=0x7c0c1d9700]
[15012|15012] event_addr:0x7c0c1d9700 hit_count:1229, Regs:
[x0=0x1,x1=0x5f5c8f3598,x2=0x1,x3=0x7fd3b201e8,x4=0x0,x5=0x1414d4c,x6=0x1414d4c,x7=0x0,x8=0x9b504536b1897347,x9=0x9b504536b1897347,x10=0x9b504536b1897347,x11=0x3e8,x12=0x3,x13=0x706f6f6c5f657469,x14=0x7c0fa4e280,x15=0x0,x16=0x5f5c8f5a00,x17=0x7c0c1d9700,x18=0x7c0f35c000,x19=0x5f5c8f470c,x20=0x1,x21=0x1,x22=0x7fd3b20218,x23=0x7fd3b20220,x24=0x0,x25=0x0,x26=0x0,x27=0x0,x28=0x0,x29=0x7fd3b20190,lr=0x5f5c8f4734,sp=0x7fd3b20180,pc=0x7c0c1d9700]
[15012|15012] event_addr:0x7c0c1d9700 hit_count:1230, Regs:
[x0=0x1,x1=0x5f5c8f3598,x2=0x1,x3=0x7fd3b201e8,x4=0x0,x5=0x1414d4c,x6=0x1414d4c,x7=0x0,x8=0x9b504536b1897347,x9=0x9b504536b1897347,x10=0x9b504536b1897347,x11=0x3e8,x12=0x3,x13=0x706f6f6c5f657469,x14=0x7c0fa4e280,x15=0x0,x16=0x5f5c8f5a00,x17=0x7c0c1d9700,x18=0x7c0f35c000,x19=0x5f5c8f470c,x20=0x1,x21=0x1,x22=0x7fd3b20218,x23=0x7fd3b20220,x24=0x0,x25=0x0,x26=0x0,x27=0x0,x28=0x0,x29=0x7fd3b20190,lr=0x5f5c8f4734,sp=0x7fd3b20180,pc=0x7c0c1d9700]
[15012|15012] event_addr:0x7c0c1d9700 hit_count:1231, Regs:
[x0=0x1,x1=0x5f5c8f3598,x2=0x1,x3=0x7fd3b201e8,x4=0x0,x5=0x1414d4c,x6=0x1414d4c,x7=0x0,x8=0x9b504536b1897347,x9=0x9b504536b1897347,x10=0x9b504536b1897347,x11=0x3e8,x12=0x3,x13=0x706f6f6c5f657469,x14=0x7c0fa4e280,x15=0x0,x16=0x5f5c8f5a00,x17=0x7c0c1d9700,x18=0x7c0f35c000,x19=0x5f5c8f470c,x20=0x1,x21=0x1,x22=0x7fd3b20218,x23=0x7fd3b20220,x24=0x0,x25=0x0,x26=0x0,x27=0x0,x28=0x0,x29=0x7fd3b20190,lr=0x5f5c8f4734,sp=0x7fd3b20180,pc=0x7c0c1d9700]
[15012|15012] event_addr:0x7c0c1d9700 hit_count:1232, Regs:
[x0=0x1,x1=0x5f5c8f3598,x2=0x1,x3=0x7fd3b201e8,x4=0x0,x5=0x1414d4c,x6=0x1414d4c,x7=0x0,x8=0x9b504536b1897347,x9=0x9b504536b1897347,x10=0x9b504536b1897347,x11=0x3e8,x12=0x3,x13=0x706f6f6c5f657469,x14=0x7c0fa4e280,x15=0x0,x16=0x5f5c8f5a00,x17=0x7c0c1d9700,x18=0x7c0f35c000,x19=0x5f5c8f470c,x20=0x1,x21=0x1,x22=0x7fd3b20218,x23=0x7fd3b20220,x24=0x0,x25=0x0,x26=0x0,x27=0x0,x28=0x0,x29=0x7fd3b20190,lr=0x5f5c8f4734,sp=0x7fd3b20180,pc=0x7c0c1d9700]
[15012|15012] event_addr:0x7c0c1d9700 hit_count:1233, Regs:
[x0=0x1,x1=0x5f5c8f3598,x2=0x1,x3=0x7fd3b201e8,x4=0x0,x5=0x1414d4c,x6=0x1414d4c,x7=0x0,x8=0x9b504536b1897347,x9=0x9b504536b1897347,x10=0x9b504536b1897347,x11=0x3e8,x12=0x3,x13=0x706f6f6c5f657469,x14=0x7c0fa4e280,x15=0x0,x16=0x5f5c8f5a00,x17=0x7c0c1d9700,x18=0x7c0f35c000,x19=0x5f5c8f470c,x20=0x1,x21=0x1,x22=0x7fd3b20218,x23=0x7fd3b20220,x24=0x0,x25=0x0,x26=0x0,x27=0x0,x28=0x0,x29=0x7fd3b20190,lr=0x5f5c8f4734,sp=0x7fd3b20180,pc=0x7c0c1d9700]
[15012|15012] event_addr:0x7c0c1d9700 hit_count:1234, Regs:
[x0=0x1,x1=0x5f5c8f3598,x2=0x1,x3=0x7fd3b201e8,x4=0x0,x5=0x1414d4c,x6=0x1414d4c,x7=0x0,x8=0x9b504536b1897347,x9=0x9b504536b1897347,x10=0x9b504536b1897347,x11=0x3e8,x12=0x3,x13=0x706f6f6c5f657469,x14=0x7c0fa4e280,x15=0x0,x16=0x5f5c8f5a00,x17=0x7c0c1d9700,x18=0x7c0f35c000,x19=0x5f5c8f470c,x20=0x1,x21=0x1,x22=0x7fd3b20218,x23=0x7fd3b20220,x24=0x0,x25=0x0,x26=0x0,x27=0x0,x28=0x0,x29=0x7fd3b20190,lr=0x5f5c8f4734,sp=0x7fd3b20180,pc=0x7c0c1d9700]
[15012|15012] event_addr:0x7c0c1d9700 hit_count:1235, Regs:
[x0=0x1,x1=0x5f5c8f3598,x2=0x1,x3=0x7fd3b201e8,x4=0x0,x5=0x1414d4c,x6=0x1414d4c,x7=0x0,x8=0x9b504536b1897347,x9=0x9b504536b1897347,x10=0x9b504536b1897347,x11=0x3e8,x12=0x3,x13=0x706f6f6c5f657469,x14=0x7c0fa4e280,x15=0x0,x16=0x5f5c8f5a00,x17=0x7c0c1d9700,x18=0x7c0f35c000,x19=0x5f5c8f470c,x20=0x1,x21=0x1,x22=0x7fd3b20218,x23=0x7fd3b20220,x24=0x0,x25=0x0,x26=0x0,x27=0x0,x28=0x0,x29=0x7fd3b20190,lr=0x5f5c8f4734,sp=0x7fd3b20180,pc=0x7c0c1d9700]
[15012|15012] event_addr:0x7c0c1d9700 hit_count:1236, Regs:
[x0=0x1,x1=0x5f5c8f3598,x2=0x1,x3=0x7fd3b201e8,x4=0x0,x5=0x1414d4c,x6=0x1414d4c,x7=0x0,x8=0x9b504536b1897347,x9=0x9b504536b1897347,x10=0x9b504536b1897347,x11=0x3e8,x12=0x3,x13=0x706f6f6c5f657469,x14=0x7c0fa4e280,x15=0x0,x16=0x5f5c8f5a00,x17=0x7c0c1d9700,x18=0x7c0f35c000,x19=0x5f5c8f470c,x20=0x1,x21=0x1,x22=0x7fd3b20218,x23=0x7fd3b20220,x24=0x0,x25=0x0,x26=0x0,x27=0x0,x28=0x0,x29=0x7fd3b20190,lr=0x5f5c8f4734,sp=0x7fd3b20180,pc=0x7c0c1d9700]
[15012|15012] event_addr:0x7c0c1d9700 hit_count:1237, Regs:
[x0=0x1,x1=0x5f5c8f3598,x2=0x1,x3=0x7fd3b201e8,x4=0x0,x5=0x1414d4c,x6=0x1414d4c,x7=0x0,x8=0x9b504536b1897347,x9=0x9b504536b1897347,x10=0x9b504536b1897347,x11=0x3e8,x12=0x3,x13=0x706f6f6c5f657469,x14=0x7c0fa4e280,x15=0x0,x16=0x5f5c8f5a00,x17=0x7c0c1d9700,x18=0x7c0f35c000,x19=0x5f5c8f470c,x20=0x1,x21=0x1,x22=0x7fd3b20218,x23=0x7fd3b20220,x24=0x0,x25=0x0,x26=0x0,x27=0x0,x28=0x0,x29=0x7fd3b20190,lr=0x5f5c8f4734,sp=0x7fd3b20180,pc=0x7c0c1d9700]
[15012|15012] event_addr:0x7c0c1d9700 hit_count:1238, Regs:
[x0=0x1,x1=0x5f5c8f3598,x2=0x1,x3=0x7fd3b201e8,x4=0x0,x5=0x1414d4c,x6=0x1414d4c,x7=0x0,x8=0x9b504536b1897347,x9=0x9b504536b1897347,x10=0x9b504536b1897347,x11=0x3e8,x12=0x3,x13=0x706f6f6c5f657469,x14=0x7c0fa4e280,x15=0x0,x16=0x5f5c8f5a00,x17=0x7c0c1d9700,x18=0x7c0f35c000,x19=0x5f5c8f470c,x20=0x1,x21=0x1,x22=0x7fd3b20218,x23=0x7fd3b20220,x24=0x0,x25=0x0,x26=0x0,x27=0x0,x28=0x0,x29=0x7fd3b20190,lr=0x5f5c8f4734,sp=0x7fd3b20180,pc=0x7c0c1d9700]
[15012|15012] event_addr:0x7c0c1d9700 hit_count:1239, Regs:
[x0=0x1,x1=0x5f5c8f3598,x2=0x1,x3=0x7fd3b201e8,x4=0x0,x5=0x1414d4c,x6=0x1414d4c,x7=0x0,x8=0x9b504536b1897347,x9=0x9b504536b1897347,x10=0x9b504536b1897347,x11=0x3e8,x12=0x3,x13=0x706f6f6c5f657469,x14=0x7c0fa4e280,x15=0x0,x16=0x5f5c8f5a00,x17=0x7c0c1d9700,x18=0x7c0f35c000,x19=0x5f5c8f470c,x20=0x1,x21=0x1,x22=0x7fd3b20218,x23=0x7fd3b20220,x24=0x0,x25=0x0,x26=0x0,x27=0x0,x28=0x0,x29=0x7fd3b20190,lr=0x5f5c8f4734,sp=0x7fd3b20180,pc=0x7c0c1d9700]
[15012|15012] event_addr:0x7c0c1d9700 hit_count:1240, Regs:
[x0=0x1,x1=0x5f5c8f3598,x2=0x1,x3=0x7fd3b201e8,x4=0x0,x5=0x1414d4c,x6=0x1414d4c,x7=0x0,x8=0x9b504536b1897347,x9=0x9b504536b1897347,x10=0x9b504536b1897347,x11=0x3e8,x12=0x3,x13=0x706f6f6c5f657469,x14=0x7c0fa4e280,x15=0x0,x16=0x5f5c8f5a00,x17=0x7c0c1d9700,x18=0x7c0f35c000,x19=0x5f5c8f470c,x20=0x1,x21=0x1,x22=0x7fd3b20218,x23=0x7fd3b20220,x24=0x0,x25=0x0,x26=0x0,x27=0x0,x28=0x0,x29=0x7fd3b20190,lr=0x5f5c8f4734,sp=0x7fd3b20180,pc=0x7c0c1d9700]
[15012|15012] event_addr:0x7c0c1d9700 hit_count:1241, Regs:
[x0=0x1,x1=0x5f5c8f3598,x2=0x1,x3=0x7fd3b201e8,x4=0x0,x5=0x1414d4c,x6=0x1414d4c,x7=0x0,x8=0x9b504536b1897347,x9=0x9b504536b1897347,x10=0x9b504536b1897347,x11=0x3e8,x12=0x3,x13=0x706f6f6c5f657469,x14=0x7c0fa4e280,x15=0x0,x16=0x5f5c8f5a00,x17=0x7c0c1d9700,x18=0x7c0f35c000,x19=0x5f5c8f470c,x20=0x1,x21=0x1,x22=0x7fd3b20218,x23=0x7fd3b20220,x24=0x0,x25=0x0,x26=0x0,x27=0x0,x28=0x0,x29=0x7fd3b20190,lr=0x5f5c8f4734,sp=0x7fd3b20180,pc=0x7c0c1d9700]
[15012|15012] event_addr:0x7c0c1d9700 hit_count:1242, Regs:
[x0=0x1,x1=0x5f5c8f3598,x2=0x1,x3=0x7fd3b201e8,x4=0x0,x5=0x1414d4c,x6=0x1414d4c,x7=0x0,x8=0x9b504536b1897347,x9=0x9b504536b1897347,x10=0x9b504536b1897347,x11=0x3e8,x12=0x3,x13=0x706f6f6c5f657469,x14=0x7c0fa4e280,x15=0x0,x16=0x5f5c8f5a00,x17=0x7c0c1d9700,x18=0x7c0f35c000,x19=0x5f5c8f470c,x20=0x1,x21=0x1,x22=0x7fd3b20218,x23=0x7fd3b20220,x24=0x0,x25=0x0,x26=0x0,x27=0x0,x28=0x0,x29=0x7fd3b20190,lr=0x5f5c8f4734,sp=0x7fd3b20180,pc=0x7c0c1d9700]
[15012|15012] event_addr:0x7c0c1d9700 hit_count:1243, Regs:
[x0=0x1,x1=0x5f5c8f3598,x2=0x1,x3=0x7fd3b201e8,x4=0x0,x5=0x1414d4c,x6=0x1414d4c,x7=0x0,x8=0x9b504536b1897347,x9=0x9b504536b1897347,x10=0x9b504536b1897347,x11=0x3e8,x12=0x3,x13=0x706f6f6c5f657469,x14=0x7c0fa4e280,x15=0x0,x16=0x5f5c8f5a00,x17=0x7c0c1d9700,x18=0x7c0f35c000,x19=0x5f5c8f470c,x20=0x1,x21=0x1,x22=0x7fd3b20218,x23=0x7fd3b20220,x24=0x0,x25=0x0,x26=0x0,x27=0x0,x28=0x0,x29=0x7fd3b20190,lr=0x5f5c8f4734,sp=0x7fd3b20180,pc=0x7c0c1d9700]
[15012|15012] event_addr:0x7c0c1d9700 hit_count:1244, Regs:
[x0=0x1,x1=0x5f5c8f3598,x2=0x1,x3=0x7fd3b201e8,x4=0x0,x5=0x1414d4c,x6=0x1414d4c,x7=0x0,x8=0x9b504536b1897347,x9=0x9b504536b1897347,x10=0x9b504536b1897347,x11=0x3e8,x12=0x3,x13=0x706f6f6c5f657469,x14=0x7c0fa4e280,x15=0x0,x16=0x5f5c8f5a00,x17=0x7c0c1d9700,x18=0x7c0f35c000,x19=0x5f5c8f470c,x20=0x1,x21=0x1,x22=0x7fd3b20218,x23=0x7fd3b20220,x24=0x0,x25=0x0,x26=0x0,x27=0x0,x28=0x0,x29=0x7fd3b20190,lr=0x5f5c8f4734,sp=0x7fd3b20180,pc=0x7c0c1d9700]
[15012|15012] event_addr:0x7c0c1d9700 hit_count:1245, Regs:
[x0=0x1,x1=0x5f5c8f3598,x2=0x1,x3=0x7fd3b201e8,x4=0x0,x5=0x1414d4c,x6=0x1414d4c,x7=0x0,x8=0x9b504536b1897347,x9=0x9b504536b1897347,x10=0x9b504536b1897347,x11=0x3e8,x12=0x3,x13=0x706f6f6c5f657469,x14=0x7c0fa4e280,x15=0x0,x16=0x5f5c8f5a00,x17=0x7c0c1d9700,x18=0x7c0f35c000,x19=0x5f5c8f470c,x20=0x1,x21=0x1,x22=0x7fd3b20218,x23=0x7fd3b20220,x24=0x0,x25=0x0,x26=0x0,x27=0x0,x28=0x0,x29=0x7fd3b20190,lr=0x5f5c8f4734,sp=0x7fd3b20180,pc=0x7c0c1d9700]
[15012|15012] event_addr:0x7c0c1d9700 hit_count:1246, Regs:
[x0=0x1,x1=0x5f5c8f3598,x2=0x1,x3=0x7fd3b201e8,x4=0x0,x5=0x1414d4c,x6=0x1414d4c,x7=0x0,x8=0x9b504536b1897347,x9=0x9b504536b1897347,x10=0x9b504536b1897347,x11=0x3e8,x12=0x3,x13=0x706f6f6c5f657469,x14=0x7c0fa4e280,x15=0x0,x16=0x5f5c8f5a00,x17=0x7c0c1d9700,x18=0x7c0f35c000,x19=0x5f5c8f470c,x20=0x1,x21=0x1,x22=0x7fd3b20218,x23=0x7fd3b20220,x24=0x0,x25=0x0,x26=0x0,x27=0x0,x28=0x0,x29=0x7fd3b20190,lr=0x5f5c8f4734,sp=0x7fd3b20180,pc=0x7c0c1d9700]
[15012|15012] event_addr:0x7c0c1d9700 hit_count:1247, Regs:
[x0=0x1,x1=0x5f5c8f3598,x2=0x1,x3=0x7fd3b201e8,x4=0x0,x5=0x1414d4c,x6=0x1414d4c,x7=0x0,x8=0x9b504536b1897347,x9=0x9b504536b1897347,x10=0x9b504536b1897347,x11=0x3e8,x12=0x3,x13=0x706f6f6c5f657469,x14=0x7c0fa4e280,x15=0x0,x16=0x5f5c8f5a00,x17=0x7c0c1d9700,x18=0x7c0f35c000,x19=0x5f5c8f470c,x20=0x1,x21=0x1,x22=0x7fd3b20218,x23=0x7fd3b20220,x24=0x0,x25=0x0,x26=0x0,x27=0x0,x28=0x0,x29=0x7fd3b20190,lr=0x5f5c8f4734,sp=0x7fd3b20180,pc=0x7c0c1d9700]
[15012|15012] event_addr:0x7c0c1d9700 hit_count:1248, Regs:
[x0=0x1,x1=0x5f5c8f3598,x2=0x1,x3=0x7fd3b201e8,x4=0x0,x5=0x1414d4c,x6=0x1414d4c,x7=0x0,x8=0x9b504536b1897347,x9=0x9b504536b1897347,x10=0x9b504536b1897347,x11=0x3e8,x12=0x3,x13=0x706f6f6c5f657469,x14=0x7c0fa4e280,x15=0x0,x16=0x5f5c8f5a00,x17=0x7c0c1d9700,x18=0x7c0f35c000,x19=0x5f5c8f470c,x20=0x1,x21=0x1,x22=0x7fd3b20218,x23=0x7fd3b20220,x24=0x0,x25=0x0,x26=0x0,x27=0x0,x28=0x0,x29=0x7fd3b20190,lr=0x5f5c8f4734,sp=0x7fd3b20180,pc=0x7c0c1d9700]
[15012|15012] event_addr:0x7c0c1d9700 hit_count:1249, Regs:
[x0=0x1,x1=0x5f5c8f3598,x2=0x1,x3=0x7fd3b201e8,x4=0x0,x5=0x1414d4c,x6=0x1414d4c,x7=0x0,x8=0x9b504536b1897347,x9=0x9b504536b1897347,x10=0x9b504536b1897347,x11=0x3e8,x12=0x3,x13=0x706f6f6c5f657469,x14=0x7c0fa4e280,x15=0x0,x16=0x5f5c8f5a00,x17=0x7c0c1d9700,x18=0x7c0f35c000,x19=0x5f5c8f470c,x20=0x1,x21=0x1,x22=0x7fd3b20218,x23=0x7fd3b20220,x24=0x0,x25=0x0,x26=0x0,x27=0x0,x28=0x0,x29=0x7fd3b20190,lr=0x5f5c8f4734,sp=0x7fd3b20180,pc=0x7c0c1d9700]
[15012|15012] event_addr:0x7c0c1d9700 hit_count:1250, Regs:
[x0=0x1,x1=0x5f5c8f3598,x2=0x1,x3=0x7fd3b201e8,x4=0x0,x5=0x1414d4c,x6=0x1414d4c,x7=0x0,x8=0x9b504536b1897347,x9=0x9b504536b1897347,x10=0x9b504536b1897347,x11=0x3e8,x12=0x3,x13=0x706f6f6c5f657469,x14=0x7c0fa4e280,x15=0x0,x16=0x5f5c8f5a00,x17=0x7c0c1d9700,x18=0x7c0f35c000,x19=0x5f5c8f470c,x20=0x1,x21=0x1,x22=0x7fd3b20218,x23=0x7fd3b20220,x24=0x0,x25=0x0,x26=0x0,x27=0x0,x28=0x0,x29=0x7fd3b20190,lr=0x5f5c8f4734,sp=0x7fd3b20180,pc=0x7c0c1d9700]
[15012|15012] event_addr:0x7c0c1d9700 hit_count:1251, Regs:
[x0=0x1,x1=0x5f5c8f3598,x2=0x1,x3=0x7fd3b201e8,x4=0x0,x5=0x1414d4c,x6=0x1414d4c,x7=0x0,x8=0x9b504536b1897347,x9=0x9b504536b1897347,x10=0x9b504536b1897347,x11=0x3e8,x12=0x3,x13=0x706f6f6c5f657469,x14=0x7c0fa4e280,x15=0x0,x16=0x5f5c8f5a00,x17=0x7c0c1d9700,x18=0x7c0f35c000,x19=0x5f5c8f470c,x20=0x1,x21=0x1,x22=0x7fd3b20218,x23=0x7fd3b20220,x24=0x0,x25=0x0,x26=0x0,x27=0x0,x28=0x0,x29=0x7fd3b20190,lr=0x5f5c8f4734,sp=0x7fd3b20180,pc=0x7c0c1d9700]
[15012|15012] event_addr:0x7c0c1d9700 hit_count:1252, Regs:
[x0=0x1,x1=0x5f5c8f3598,x2=0x1,x3=0x7fd3b201e8,x4=0x0,x5=0x1414d4c,x6=0x1414d4c,x7=0x0,x8=0x9b504536b1897347,x9=0x9b504536b1897347,x10=0x9b504536b1897347,x11=0x3e8,x12=0x3,x13=0x706f6f6c5f657469,x14=0x7c0fa4e280,x15=0x0,x16=0x5f5c8f5a00,x17=0x7c0c1d9700,x18=0x7c0f35c000,x19=0x5f5c8f470c,x20=0x1,x21=0x1,x22=0x7fd3b20218,x23=0x7fd3b20220,x24=0x0,x25=0x0,x26=0x0,x27=0x0,x28=0x0,x29=0x7fd3b20190,lr=0x5f5c8f4734,sp=0x7fd3b20180,pc=0x7c0c1d9700]
[15012|15012] event_addr:0x7c0c1d9700 hit_count:1253, Regs:
[x0=0x1,x1=0x5f5c8f3598,x2=0x1,x3=0x7fd3b201e8,x4=0x0,x5=0x1414d4c,x6=0x1414d4c,x7=0x0,x8=0x9b504536b1897347,x9=0x9b504536b1897347,x10=0x9b504536b1897347,x11=0x3e8,x12=0x3,x13=0x706f6f6c5f657469,x14=0x7c0fa4e280,x15=0x0,x16=0x5f5c8f5a00,x17=0x7c0c1d9700,x18=0x7c0f35c000,x19=0x5f5c8f470c,x20=0x1,x21=0x1,x22=0x7fd3b20218,x23=0x7fd3b20220,x24=0x0,x25=0x0,x26=0x0,x27=0x0,x28=0x0,x29=0x7fd3b20190,lr=0x5f5c8f4734,sp=0x7fd3b20180,pc=0x7c0c1d9700]
[15012|15012] event_addr:0x7c0c1d9700 hit_count:1254, Regs:
[x0=0x1,x1=0x5f5c8f3598,x2=0x1,x3=0x7fd3b201e8,x4=0x0,x5=0x1414d4c,x6=0x1414d4c,x7=0x0,x8=0x9b504536b1897347,x9=0x9b504536b1897347,x10=0x9b504536b1897347,x11=0x3e8,x12=0x3,x13=0x706f6f6c5f657469,x14=0x7c0fa4e280,x15=0x0,x16=0x5f5c8f5a00,x17=0x7c0c1d9700,x18=0x7c0f35c000,x19=0x5f5c8f470c,x20=0x1,x21=0x1,x22=0x7fd3b20218,x23=0x7fd3b20220,x24=0x0,x25=0x0,x26=0x0,x27=0x0,x28=0x0,x29=0x7fd3b20190,lr=0x5f5c8f4734,sp=0x7fd3b20180,pc=0x7c0c1d9700]
[15012|15012] event_addr:0x7c0c1d9700 hit_count:1255, Regs:
[x0=0x1,x1=0x5f5c8f3598,x2=0x1,x3=0x7fd3b201e8,x4=0x0,x5=0x1414d4c,x6=0x1414d4c,x7=0x0,x8=0x9b504536b1897347,x9=0x9b504536b1897347,x10=0x9b504536b1897347,x11=0x3e8,x12=0x3,x13=0x706f6f6c5f657469,x14=0x7c0fa4e280,x15=0x0,x16=0x5f5c8f5a00,x17=0x7c0c1d9700,x18=0x7c0f35c000,x19=0x5f5c8f470c,x20=0x1,x21=0x1,x22=0x7fd3b20218,x23=0x7fd3b20220,x24=0x0,x25=0x0,x26=0x0,x27=0x0,x28=0x0,x29=0x7fd3b20190,lr=0x5f5c8f4734,sp=0x7fd3b20180,pc=0x7c0c1d9700]
[15012|15012] event_addr:0x7c0c1d9700 hit_count:1256, Regs:
[x0=0x1,x1=0x5f5c8f3598,x2=0x1,x3=0x7fd3b201e8,x4=0x0,x5=0x1414d4c,x6=0x1414d4c,x7=0x0,x8=0x9b504536b1897347,x9=0x9b504536b1897347,x10=0x9b504536b1897347,x11=0x3e8,x12=0x3,x13=0x706f6f6c5f657469,x14=0x7c0fa4e280,x15=0x0,x16=0x5f5c8f5a00,x17=0x7c0c1d9700,x18=0x7c0f35c000,x19=0x5f5c8f470c,x20=0x1,x21=0x1,x22=0x7fd3b20218,x23=0x7fd3b20220,x24=0x0,x25=0x0,x26=0x0,x27=0x0,x28=0x0,x29=0x7fd3b20190,lr=0x5f5c8f4734,sp=0x7fd3b20180,pc=0x7c0c1d9700]
[15012|15012] event_addr:0x7c0c1d9700 hit_count:1257, Regs:
[x0=0x1,x1=0x5f5c8f3598,x2=0x1,x3=0x7fd3b201e8,x4=0x0,x5=0x1414d4c,x6=0x1414d4c,x7=0x0,x8=0x9b504536b1897347,x9=0x9b504536b1897347,x10=0x9b504536b1897347,x11=0x3e8,x12=0x3,x13=0x706f6f6c5f657469,x14=0x7c0fa4e280,x15=0x0,x16=0x5f5c8f5a00,x17=0x7c0c1d9700,x18=0x7c0f35c000,x19=0x5f5c8f470c,x20=0x1,x21=0x1,x22=0x7fd3b20218,x23=0x7fd3b20220,x24=0x0,x25=0x0,x26=0x0,x27=0x0,x28=0x0,x29=0x7fd3b20190,lr=0x5f5c8f4734,sp=0x7fd3b20180,pc=0x7c0c1d9700]
[15012|15012] event_addr:0x7c0c1d9700 hit_count:1258, Regs:
[x0=0x1,x1=0x5f5c8f3598,x2=0x1,x3=0x7fd3b201e8,x4=0x0,x5=0x1414d4c,x6=0x1414d4c,x7=0x0,x8=0x9b504536b1897347,x9=0x9b504536b1897347,x10=0x9b504536b1897347,x11=0x3e8,x12=0x3,x13=0x706f6f6c5f657469,x14=0x7c0fa4e280,x15=0x0,x16=0x5f5c8f5a00,x17=0x7c0c1d9700,x18=0x7c0f35c000,x19=0x5f5c8f470c,x20=0x1,x21=0x1,x22=0x7fd3b20218,x23=0x7fd3b20220,x24=0x0,x25=0x0,x26=0x0,x27=0x0,x28=0x0,x29=0x7fd3b20190,lr=0x5f5c8f4734,sp=0x7fd3b20180,pc=0x7c0c1d9700]
[15012|15012] event_addr:0x7c0c1d9700 hit_count:1259, Regs:
[x0=0x1,x1=0x5f5c8f3598,x2=0x1,x3=0x7fd3b201e8,x4=0x0,x5=0x1414d4c,x6=0x1414d4c,x7=0x0,x8=0x9b504536b1897347,x9=0x9b504536b1897347,x10=0x9b504536b1897347,x11=0x3e8,x12=0x3,x13=0x706f6f6c5f657469,x14=0x7c0fa4e280,x15=0x0,x16=0x5f5c8f5a00,x17=0x7c0c1d9700,x18=0x7c0f35c000,x19=0x5f5c8f470c,x20=0x1,x21=0x1,x22=0x7fd3b20218,x23=0x7fd3b20220,x24=0x0,x25=0x0,x26=0x0,x27=0x0,x28=0x0,x29=0x7fd3b20190,lr=0x5f5c8f4734,sp=0x7fd3b20180,pc=0x7c0c1d9700]
[15012|15012] event_addr:0x7c0c1d9700 hit_count:1260, Regs:
[x0=0x1,x1=0x5f5c8f3598,x2=0x1,x3=0x7fd3b201e8,x4=0x0,x5=0x1414d4c,x6=0x1414d4c,x7=0x0,x8=0x9b504536b1897347,x9=0x9b504536b1897347,x10=0x9b504536b1897347,x11=0x3e8,x12=0x3,x13=0x706f6f6c5f657469,x14=0x7c0fa4e280,x15=0x0,x16=0x5f5c8f5a00,x17=0x7c0c1d9700,x18=0x7c0f35c000,x19=0x5f5c8f470c,x20=0x1,x21=0x1,x22=0x7fd3b20218,x23=0x7fd3b20220,x24=0x0,x25=0x0,x26=0x0,x27=0x0,x28=0x0,x29=0x7fd3b20190,lr=0x5f5c8f4734,sp=0x7fd3b20180,pc=0x7c0c1d9700]
[15012|15012] event_addr:0x7c0c1d9700 hit_count:1261, Regs:
[x0=0x1,x1=0x5f5c8f3598,x2=0x1,x3=0x7fd3b201e8,x4=0x0,x5=0x1414d4c,x6=0x1414d4c,x7=0x0,x8=0x9b504536b1897347,x9=0x9b504536b1897347,x10=0x9b504536b1897347,x11=0x3e8,x12=0x3,x13=0x706f6f6c5f657469,x14=0x7c0fa4e280,x15=0x0,x16=0x5f5c8f5a00,x17=0x7c0c1d9700,x18=0x7c0f35c000,x19=0x5f5c8f470c,x20=0x1,x21=0x1,x22=0x7fd3b20218,x23=0x7fd3b20220,x24=0x0,x25=0x0,x26=0x0,x27=0x0,x28=0x0,x29=0x7fd3b20190,lr=0x5f5c8f4734,sp=0x7fd3b20180,pc=0x7c0c1d9700]
[15012|15012] event_addr:0x7c0c1d9700 hit_count:1262, Regs:
[x0=0x1,x1=0x5f5c8f3598,x2=0x1,x3=0x7fd3b201e8,x4=0x0,x5=0x1414d4c,x6=0x1414d4c,x7=0x0,x8=0x9b504536b1897347,x9=0x9b504536b1897347,x10=0x9b504536b1897347,x11=0x3e8,x12=0x3,x13=0x706f6f6c5f657469,x14=0x7c0fa4e280,x15=0x0,x16=0x5f5c8f5a00,x17=0x7c0c1d9700,x18=0x7c0f35c000,x19=0x5f5c8f470c,x20=0x1,x21=0x1,x22=0x7fd3b20218,x23=0x7fd3b20220,x24=0x0,x25=0x0,x26=0x0,x27=0x0,x28=0x0,x29=0x7fd3b20190,lr=0x5f5c8f4734,sp=0x7fd3b20180,pc=0x7c0c1d9700]
[15012|15012] event_addr:0x7c0c1d9700 hit_count:1263, Regs:
[x0=0x1,x1=0x5f5c8f3598,x2=0x1,x3=0x7fd3b201e8,x4=0x0,x5=0x1414d4c,x6=0x1414d4c,x7=0x0,x8=0x9b504536b1897347,x9=0x9b504536b1897347,x10=0x9b504536b1897347,x11=0x3e8,x12=0x3,x13=0x706f6f6c5f657469,x14=0x7c0fa4e280,x15=0x0,x16=0x5f5c8f5a00,x17=0x7c0c1d9700,x18=0x7c0f35c000,x19=0x5f5c8f470c,x20=0x1,x21=0x1,x22=0x7fd3b20218,x23=0x7fd3b20220,x24=0x0,x25=0x0,x26=0x0,x27=0x0,x28=0x0,x29=0x7fd3b20190,lr=0x5f5c8f4734,sp=0x7fd3b20180,pc=0x7c0c1d9700]
[15012|15012] event_addr:0x7c0c1d9700 hit_count:1264, Regs:
[x0=0x1,x1=0x5f5c8f3598,x2=0x1,x3=0x7fd3b201e8,x4=0x0,x5=0x1414d4c,x6=0x1414d4c,x7=0x0,x8=0x9b504536b1897347,x9=0x9b504536b1897347,x10=0x9b504536b1897347,x11=0x3e8,x12=0x3,x13=0x706f6f6c5f657469,x14=0x7c0fa4e280,x15=0x0,x16=0x5f5c8f5a00,x17=0x7c0c1d9700,x18=0x7c0f35c000,x19=0x5f5c8f470c,x20=0x1,x21=0x1,x22=0x7fd3b20218,x23=0x7fd3b20220,x24=0x0,x25=0x0,x26=0x0,x27=0x0,x28=0x0,x29=0x7fd3b20190,lr=0x5f5c8f4734,sp=0x7fd3b20180,pc=0x7c0c1d9700]
[15012|15012] event_addr:0x7c0c1d9700 hit_count:1265, Regs:
[x0=0x1,x1=0x5f5c8f3598,x2=0x1,x3=0x7fd3b201e8,x4=0x0,x5=0x1414d4c,x6=0x1414d4c,x7=0x0,x8=0x9b504536b1897347,x9=0x9b504536b1897347,x10=0x9b504536b1897347,x11=0x3e8,x12=0x3,x13=0x706f6f6c5f657469,x14=0x7c0fa4e280,x15=0x0,x16=0x5f5c8f5a00,x17=0x7c0c1d9700,x18=0x7c0f35c000,x19=0x5f5c8f470c,x20=0x1,x21=0x1,x22=0x7fd3b20218,x23=0x7fd3b20220,x24=0x0,x25=0x0,x26=0x0,x27=0x0,x28=0x0,x29=0x7fd3b20190,lr=0x5f5c8f4734,sp=0x7fd3b20180,pc=0x7c0c1d9700]
[15012|15012] event_addr:0x7c0c1d9700 hit_count:1266, Regs:
[x0=0x1,x1=0x5f5c8f3598,x2=0x1,x3=0x7fd3b201e8,x4=0x0,x5=0x1414d4c,x6=0x1414d4c,x7=0x0,x8=0x9b504536b1897347,x9=0x9b504536b1897347,x10=0x9b504536b1897347,x11=0x3e8,x12=0x3,x13=0x706f6f6c5f657469,x14=0x7c0fa4e280,x15=0x0,x16=0x5f5c8f5a00,x17=0x7c0c1d9700,x18=0x7c0f35c000,x19=0x5f5c8f470c,x20=0x1,x21=0x1,x22=0x7fd3b20218,x23=0x7fd3b20220,x24=0x0,x25=0x0,x26=0x0,x27=0x0,x28=0x0,x29=0x7fd3b20190,lr=0x5f5c8f4734,sp=0x7fd3b20180,pc=0x7c0c1d9700]
[15012|15012] event_addr:0x7c0c1d9700 hit_count:1267, Regs:
[x0=0x1,x1=0x5f5c8f3598,x2=0x1,x3=0x7fd3b201e8,x4=0x0,x5=0x1414d4c,x6=0x1414d4c,x7=0x0,x8=0x9b504536b1897347,x9=0x9b504536b1897347,x10=0x9b504536b1897347,x11=0x3e8,x12=0x3,x13=0x706f6f6c5f657469,x14=0x7c0fa4e280,x15=0x0,x16=0x5f5c8f5a00,x17=0x7c0c1d9700,x18=0x7c0f35c000,x19=0x5f5c8f470c,x20=0x1,x21=0x1,x22=0x7fd3b20218,x23=0x7fd3b20220,x24=0x0,x25=0x0,x26=0x0,x27=0x0,x28=0x0,x29=0x7fd3b20190,lr=0x5f5c8f4734,sp=0x7fd3b20180,pc=0x7c0c1d9700]
[15012|15012] event_addr:0x7c0c1d9700 hit_count:1268, Regs:
[x0=0x1,x1=0x5f5c8f3598,x2=0x1,x3=0x7fd3b201e8,x4=0x0,x5=0x1414d4c,x6=0x1414d4c,x7=0x0,x8=0x9b504536b1897347,x9=0x9b504536b1897347,x10=0x9b504536b1897347,x11=0x3e8,x12=0x3,x13=0x706f6f6c5f657469,x14=0x7c0fa4e280,x15=0x0,x16=0x5f5c8f5a00,x17=0x7c0c1d9700,x18=0x7c0f35c000,x19=0x5f5c8f470c,x20=0x1,x21=0x1,x22=0x7fd3b20218,x23=0x7fd3b20220,x24=0x0,x25=0x0,x26=0x0,x27=0x0,x28=0x0,x29=0x7fd3b20190,lr=0x5f5c8f4734,sp=0x7fd3b20180,pc=0x7c0c1d9700]
[15012|15012] event_addr:0x7c0c1d9700 hit_count:1269, Regs:
[x0=0x1,x1=0x5f5c8f3598,x2=0x1,x3=0x7fd3b201e8,x4=0x0,x5=0x1414d4c,x6=0x1414d4c,x7=0x0,x8=0x9b504536b1897347,x9=0x9b504536b1897347,x10=0x9b504536b1897347,x11=0x3e8,x12=0x3,x13=0x706f6f6c5f657469,x14=0x7c0fa4e280,x15=0x0,x16=0x5f5c8f5a00,x17=0x7c0c1d9700,x18=0x7c0f35c000,x19=0x5f5c8f470c,x20=0x1,x21=0x1,x22=0x7fd3b20218,x23=0x7fd3b20220,x24=0x0,x25=0x0,x26=0x0,x27=0x0,x28=0x0,x29=0x7fd3b20190,lr=0x5f5c8f4734,sp=0x7fd3b20180,pc=0x7c0c1d9700]
[15012|15012] event_addr:0x7c0c1d9700 hit_count:1270, Regs:
[x0=0x1,x1=0x5f5c8f3598,x2=0x1,x3=0x7fd3b201e8,x4=0x0,x5=0x1414d4c,x6=0x1414d4c,x7=0x0,x8=0x9b504536b1897347,x9=0x9b504536b1897347,x10=0x9b504536b1897347,x11=0x3e8,x12=0x3,x13=0x706f6f6c5f657469,x14=0x7c0fa4e280,x15=0x0,x16=0x5f5c8f5a00,x17=0x7c0c1d9700,x18=0x7c0f35c000,x19=0x5f5c8f470c,x20=0x1,x21=0x1,x22=0x7fd3b20218,x23=0x7fd3b20220,x24=0x0,x25=0x0,x26=0x0,x27=0x0,x28=0x0,x29=0x7fd3b20190,lr=0x5f5c8f4734,sp=0x7fd3b20180,pc=0x7c0c1d9700]
[15012|15012] event_addr:0x7c0c1d9700 hit_count:1271, Regs:
[x0=0x1,x1=0x5f5c8f3598,x2=0x1,x3=0x7fd3b201e8,x4=0x0,x5=0x1414d4c,x6=0x1414d4c,x7=0x0,x8=0x9b504536b1897347,x9=0x9b504536b1897347,x10=0x9b504536b1897347,x11=0x3e8,x12=0x3,x13=0x706f6f6c5f657469,x14=0x7c0fa4e280,x15=0x0,x16=0x5f5c8f5a00,x17=0x7c0c1d9700,x18=0x7c0f35c000,x19=0x5f5c8f470c,x20=0x1,x21=0x1,x22=0x7fd3b20218,x23=0x7fd3b20220,x24=0x0,x25=0x0,x26=0x0,x27=0x0,x28=0x0,x29=0x7fd3b20190,lr=0x5f5c8f4734,sp=0x7fd3b20180,pc=0x7c0c1d9700]
[15012|15012] event_addr:0x7c0c1d9700 hit_count:1272, Regs:
[x0=0x1,x1=0x5f5c8f3598,x2=0x1,x3=0x7fd3b201e8,x4=0x0,x5=0x1414d4c,x6=0x1414d4c,x7=0x0,x8=0x9b504536b1897347,x9=0x9b504536b1897347,x10=0x9b504536b1897347,x11=0x3e8,x12=0x3,x13=0x706f6f6c5f657469,x14=0x7c0fa4e280,x15=0x0,x16=0x5f5c8f5a00,x17=0x7c0c1d9700,x18=0x7c0f35c000,x19=0x5f5c8f470c,x20=0x1,x21=0x1,x22=0x7fd3b20218,x23=0x7fd3b20220,x24=0x0,x25=0x0,x26=0x0,x27=0x0,x28=0x0,x29=0x7fd3b20190,lr=0x5f5c8f4734,sp=0x7fd3b20180,pc=0x7c0c1d9700]
[15012|15012] event_addr:0x7c0c1d9700 hit_count:1273, Regs:
[x0=0x1,x1=0x5f5c8f3598,x2=0x1,x3=0x7fd3b201e8,x4=0x0,x5=0x1414d4c,x6=0x1414d4c,x7=0x0,x8=0x9b504536b1897347,x9=0x9b504536b1897347,x10=0x9b504536b1897347,x11=0x3e8,x12=0x3,x13=0x706f6f6c5f657469,x14=0x7c0fa4e280,x15=0x0,x16=0x5f5c8f5a00,x17=0x7c0c1d9700,x18=0x7c0f35c000,x19=0x5f5c8f470c,x20=0x1,x21=0x1,x22=0x7fd3b20218,x23=0x7fd3b20220,x24=0x0,x25=0x0,x26=0x0,x27=0x0,x28=0x0,x29=0x7fd3b20190,lr=0x5f5c8f4734,sp=0x7fd3b20180,pc=0x7c0c1d9700]
[15012|15012] event_addr:0x7c0c1d9700 hit_count:1274, Regs:
[x0=0x1,x1=0x5f5c8f3598,x2=0x1,x3=0x7fd3b201e8,x4=0x0,x5=0x1414d4c,x6=0x1414d4c,x7=0x0,x8=0x9b504536b1897347,x9=0x9b504536b1897347,x10=0x9b504536b1897347,x11=0x3e8,x12=0x3,x13=0x706f6f6c5f657469,x14=0x7c0fa4e280,x15=0x0,x16=0x5f5c8f5a00,x17=0x7c0c1d9700,x18=0x7c0f35c000,x19=0x5f5c8f470c,x20=0x1,x21=0x1,x22=0x7fd3b20218,x23=0x7fd3b20220,x24=0x0,x25=0x0,x26=0x0,x27=0x0,x28=0x0,x29=0x7fd3b20190,lr=0x5f5c8f4734,sp=0x7fd3b20180,pc=0x7c0c1d9700]
[15012|15012] event_addr:0x7c0c1d9700 hit_count:1275, Regs:
[x0=0x1,x1=0x5f5c8f3598,x2=0x1,x3=0x7fd3b201e8,x4=0x0,x5=0x1414d4c,x6=0x1414d4c,x7=0x0,x8=0x9b504536b1897347,x9=0x9b504536b1897347,x10=0x9b504536b1897347,x11=0x3e8,x12=0x3,x13=0x706f6f6c5f657469,x14=0x7c0fa4e280,x15=0x0,x16=0x5f5c8f5a00,x17=0x7c0c1d9700,x18=0x7c0f35c000,x19=0x5f5c8f470c,x20=0x1,x21=0x1,x22=0x7fd3b20218,x23=0x7fd3b20220,x24=0x0,x25=0x0,x26=0x0,x27=0x0,x28=0x0,x29=0x7fd3b20190,lr=0x5f5c8f4734,sp=0x7fd3b20180,pc=0x7c0c1d9700]
[15012|15012] event_addr:0x7c0c1d9700 hit_count:1276, Regs:
[x0=0x1,x1=0x5f5c8f3598,x2=0x1,x3=0x7fd3b201e8,x4=0x0,x5=0x1414d4c,x6=0x1414d4c,x7=0x0,x8=0x9b504536b1897347,x9=0x9b504536b1897347,x10=0x9b504536b1897347,x11=0x3e8,x12=0x3,x13=0x706f6f6c5f657469,x14=0x7c0fa4e280,x15=0x0,x16=0x5f5c8f5a00,x17=0x7c0c1d9700,x18=0x7c0f35c000,x19=0x5f5c8f470c,x20=0x1,x21=0x1,x22=0x7fd3b20218,x23=0x7fd3b20220,x24=0x0,x25=0x0,x26=0x0,x27=0x0,x28=0x0,x29=0x7fd3b20190,lr=0x5f5c8f4734,sp=0x7fd3b20180,pc=0x7c0c1d9700]
[15012|15012] event_addr:0x7c0c1d9700 hit_count:1277, Regs:
[x0=0x1,x1=0x5f5c8f3598,x2=0x1,x3=0x7fd3b201e8,x4=0x0,x5=0x1414d4c,x6=0x1414d4c,x7=0x0,x8=0x9b504536b1897347,x9=0x9b504536b1897347,x10=0x9b504536b1897347,x11=0x3e8,x12=0x3,x13=0x706f6f6c5f657469,x14=0x7c0fa4e280,x15=0x0,x16=0x5f5c8f5a00,x17=0x7c0c1d9700,x18=0x7c0f35c000,x19=0x5f5c8f470c,x20=0x1,x21=0x1,x22=0x7fd3b20218,x23=0x7fd3b20220,x24=0x0,x25=0x0,x26=0x0,x27=0x0,x28=0x0,x29=0x7fd3b20190,lr=0x5f5c8f4734,sp=0x7fd3b20180,pc=0x7c0c1d9700]
[15012|15012] event_addr:0x7c0c1d9700 hit_count:1278, Regs:
[x0=0x1,x1=0x5f5c8f3598,x2=0x1,x3=0x7fd3b201e8,x4=0x0,x5=0x1414d4c,x6=0x1414d4c,x7=0x0,x8=0x9b504536b1897347,x9=0x9b504536b1897347,x10=0x9b504536b1897347,x11=0x3e8,x12=0x3,x13=0x706f6f6c5f657469,x14=0x7c0fa4e280,x15=0x0,x16=0x5f5c8f5a00,x17=0x7c0c1d9700,x18=0x7c0f35c000,x19=0x5f5c8f470c,x20=0x1,x21=0x1,x22=0x7fd3b20218,x23=0x7fd3b20220,x24=0x0,x25=0x0,x26=0x0,x27=0x0,x28=0x0,x29=0x7fd3b20190,lr=0x5f5c8f4734,sp=0x7fd3b20180,pc=0x7c0c1d9700]
[15012|15012] event_addr:0x7c0c1d9700 hit_count:1279, Regs:
[x0=0x1,x1=0x5f5c8f3598,x2=0x1,x3=0x7fd3b201e8,x4=0x0,x5=0x1414d4c,x6=0x1414d4c,x7=0x0,x8=0x9b504536b1897347,x9=0x9b504536b1897347,x10=0x9b504536b1897347,x11=0x3e8,x12=0x3,x13=0x706f6f6c5f657469,x14=0x7c0fa4e280,x15=0x0,x16=0x5f5c8f5a00,x17=0x7c0c1d9700,x18=0x7c0f35c000,x19=0x5f5c8f470c,x20=0x1,x21=0x1,x22=0x7fd3b20218,x23=0x7fd3b20220,x24=0x0,x25=0x0,x26=0x0,x27=0x0,x28=0x0,x29=0x7fd3b20190,lr=0x5f5c8f4734,sp=0x7fd3b20180,pc=0x7c0c1d9700]
[15012|15012] event_addr:0x7c0c1d9700 hit_count:1280, Regs:
[x0=0x1,x1=0x5f5c8f3598,x2=0x1,x3=0x7fd3b201e8,x4=0x0,x5=0x1414d4c,x6=0x1414d4c,x7=0x0,x8=0x9b504536b1897347,x9=0x9b504536b1897347,x10=0x9b504536b1897347,x11=0x3e8,x12=0x3,x13=0x706f6f6c5f657469,x14=0x7c0fa4e280,x15=0x0,x16=0x5f5c8f5a00,x17=0x7c0c1d9700,x18=0x7c0f35c000,x19=0x5f5c8f470c,x20=0x1,x21=0x1,x22=0x7fd3b20218,x23=0x7fd3b20220,x24=0x0,x25=0x0,x26=0x0,x27=0x0,x28=0x0,x29=0x7fd3b20190,lr=0x5f5c8f4734,sp=0x7fd3b20180,pc=0x7c0c1d9700]
[15012|15012] event_addr:0x7c0c1d9700 hit_count:1281, Regs:
[x0=0x1,x1=0x5f5c8f3598,x2=0x1,x3=0x7fd3b201e8,x4=0x0,x5=0x1414d4c,x6=0x1414d4c,x7=0x0,x8=0x9b504536b1897347,x9=0x9b504536b1897347,x10=0x9b504536b1897347,x11=0x3e8,x12=0x3,x13=0x706f6f6c5f657469,x14=0x7c0fa4e280,x15=0x0,x16=0x5f5c8f5a00,x17=0x7c0c1d9700,x18=0x7c0f35c000,x19=0x5f5c8f470c,x20=0x1,x21=0x1,x22=0x7fd3b20218,x23=0x7fd3b20220,x24=0x0,x25=0x0,x26=0x0,x27=0x0,x28=0x0,x29=0x7fd3b20190,lr=0x5f5c8f4734,sp=0x7fd3b20180,pc=0x7c0c1d9700]
[15012|15012] event_addr:0x7c0c1d9700 hit_count:1282, Regs:
[x0=0x1,x1=0x5f5c8f3598,x2=0x1,x3=0x7fd3b201e8,x4=0x0,x5=0x1414d4c,x6=0x1414d4c,x7=0x0,x8=0x9b504536b1897347,x9=0x9b504536b1897347,x10=0x9b504536b1897347,x11=0x3e8,x12=0x3,x13=0x706f6f6c5f657469,x14=0x7c0fa4e280,x15=0x0,x16=0x5f5c8f5a00,x17=0x7c0c1d9700,x18=0x7c0f35c000,x19=0x5f5c8f470c,x20=0x1,x21=0x1,x22=0x7fd3b20218,x23=0x7fd3b20220,x24=0x0,x25=0x0,x26=0x0,x27=0x0,x28=0x0,x29=0x7fd3b20190,lr=0x5f5c8f4734,sp=0x7fd3b20180,pc=0x7c0c1d9700]
[15012|15012] event_addr:0x7c0c1d9700 hit_count:1283, Regs:
[x0=0x1,x1=0x5f5c8f3598,x2=0x1,x3=0x7fd3b201e8,x4=0x0,x5=0x1414d4c,x6=0x1414d4c,x7=0x0,x8=0x9b504536b1897347,x9=0x9b504536b1897347,x10=0x9b504536b1897347,x11=0x3e8,x12=0x3,x13=0x706f6f6c5f657469,x14=0x7c0fa4e280,x15=0x0,x16=0x5f5c8f5a00,x17=0x7c0c1d9700,x18=0x7c0f35c000,x19=0x5f5c8f470c,x20=0x1,x21=0x1,x22=0x7fd3b20218,x23=0x7fd3b20220,x24=0x0,x25=0x0,x26=0x0,x27=0x0,x28=0x0,x29=0x7fd3b20190,lr=0x5f5c8f4734,sp=0x7fd3b20180,pc=0x7c0c1d9700]
[15012|15012] event_addr:0x7c0c1d9700 hit_count:1284, Regs:
[x0=0x1,x1=0x5f5c8f3598,x2=0x1,x3=0x7fd3b201e8,x4=0x0,x5=0x1414d4c,x6=0x1414d4c,x7=0x0,x8=0x9b504536b1897347,x9=0x9b504536b1897347,x10=0x9b504536b1897347,x11=0x3e8,x12=0x3,x13=0x706f6f6c5f657469,x14=0x7c0fa4e280,x15=0x0,x16=0x5f5c8f5a00,x17=0x7c0c1d9700,x18=0x7c0f35c000,x19=0x5f5c8f470c,x20=0x1,x21=0x1,x22=0x7fd3b20218,x23=0x7fd3b20220,x24=0x0,x25=0x0,x26=0x0,x27=0x0,x28=0x0,x29=0x7fd3b20190,lr=0x5f5c8f4734,sp=0x7fd3b20180,pc=0x7c0c1d9700]
[15012|15012] event_addr:0x7c0c1d9700 hit_count:1285, Regs:
[x0=0x1,x1=0x5f5c8f3598,x2=0x1,x3=0x7fd3b201e8,x4=0x0,x5=0x1414d4c,x6=0x1414d4c,x7=0x0,x8=0x9b504536b1897347,x9=0x9b504536b1897347,x10=0x9b504536b1897347,x11=0x3e8,x12=0x3,x13=0x706f6f6c5f657469,x14=0x7c0fa4e280,x15=0x0,x16=0x5f5c8f5a00,x17=0x7c0c1d9700,x18=0x7c0f35c000,x19=0x5f5c8f470c,x20=0x1,x21=0x1,x22=0x7fd3b20218,x23=0x7fd3b20220,x24=0x0,x25=0x0,x26=0x0,x27=0x0,x28=0x0,x29=0x7fd3b20190,lr=0x5f5c8f4734,sp=0x7fd3b20180,pc=0x7c0c1d9700]
[15012|15012] event_addr:0x7c0c1d9700 hit_count:1286, Regs:
[x0=0x1,x1=0x5f5c8f3598,x2=0x1,x3=0x7fd3b201e8,x4=0x0,x5=0x1414d4c,x6=0x1414d4c,x7=0x0,x8=0x9b504536b1897347,x9=0x9b504536b1897347,x10=0x9b504536b1897347,x11=0x3e8,x12=0x3,x13=0x706f6f6c5f657469,x14=0x7c0fa4e280,x15=0x0,x16=0x5f5c8f5a00,x17=0x7c0c1d9700,x18=0x7c0f35c000,x19=0x5f5c8f470c,x20=0x1,x21=0x1,x22=0x7fd3b20218,x23=0x7fd3b20220,x24=0x0,x25=0x0,x26=0x0,x27=0x0,x28=0x0,x29=0x7fd3b20190,lr=0x5f5c8f4734,sp=0x7fd3b20180,pc=0x7c0c1d9700]
[15012|15012] event_addr:0x7c0c1d9700 hit_count:1287, Regs:
[x0=0x1,x1=0x5f5c8f3598,x2=0x1,x3=0x7fd3b201e8,x4=0x0,x5=0x1414d4c,x6=0x1414d4c,x7=0x0,x8=0x9b504536b1897347,x9=0x9b504536b1897347,x10=0x9b504536b1897347,x11=0x3e8,x12=0x3,x13=0x706f6f6c5f657469,x14=0x7c0fa4e280,x15=0x0,x16=0x5f5c8f5a00,x17=0x7c0c1d9700,x18=0x7c0f35c000,x19=0x5f5c8f470c,x20=0x1,x21=0x1,x22=0x7fd3b20218,x23=0x7fd3b20220,x24=0x0,x25=0x0,x26=0x0,x27=0x0,x28=0x0,x29=0x7fd3b20190,lr=0x5f5c8f4734,sp=0x7fd3b20180,pc=0x7c0c1d9700]
[15012|15012] event_addr:0x7c0c1d9700 hit_count:1288, Regs:
[x0=0x1,x1=0x5f5c8f3598,x2=0x1,x3=0x7fd3b201e8,x4=0x0,x5=0x1414d4c,x6=0x1414d4c,x7=0x0,x8=0x9b504536b1897347,x9=0x9b504536b1897347,x10=0x9b504536b1897347,x11=0x3e8,x12=0x3,x13=0x706f6f6c5f657469,x14=0x7c0fa4e280,x15=0x0,x16=0x5f5c8f5a00,x17=0x7c0c1d9700,x18=0x7c0f35c000,x19=0x5f5c8f470c,x20=0x1,x21=0x1,x22=0x7fd3b20218,x23=0x7fd3b20220,x24=0x0,x25=0x0,x26=0x0,x27=0x0,x28=0x0,x29=0x7fd3b20190,lr=0x5f5c8f4734,sp=0x7fd3b20180,pc=0x7c0c1d9700]
[15012|15012] event_addr:0x7c0c1d9700 hit_count:1289, Regs:
[x0=0x1,x1=0x5f5c8f3598,x2=0x1,x3=0x7fd3b201e8,x4=0x0,x5=0x1414d4c,x6=0x1414d4c,x7=0x0,x8=0x9b504536b1897347,x9=0x9b504536b1897347,x10=0x9b504536b1897347,x11=0x3e8,x12=0x3,x13=0x706f6f6c5f657469,x14=0x7c0fa4e280,x15=0x0,x16=0x5f5c8f5a00,x17=0x7c0c1d9700,x18=0x7c0f35c000,x19=0x5f5c8f470c,x20=0x1,x21=0x1,x22=0x7fd3b20218,x23=0x7fd3b20220,x24=0x0,x25=0x0,x26=0x0,x27=0x0,x28=0x0,x29=0x7fd3b20190,lr=0x5f5c8f4734,sp=0x7fd3b20180,pc=0x7c0c1d9700]
[15012|15012] event_addr:0x7c0c1d9700 hit_count:1290, Regs:
[x0=0x1,x1=0x5f5c8f3598,x2=0x1,x3=0x7fd3b201e8,x4=0x0,x5=0x1414d4c,x6=0x1414d4c,x7=0x0,x8=0x9b504536b1897347,x9=0x9b504536b1897347,x10=0x9b504536b1897347,x11=0x3e8,x12=0x3,x13=0x706f6f6c5f657469,x14=0x7c0fa4e280,x15=0x0,x16=0x5f5c8f5a00,x17=0x7c0c1d9700,x18=0x7c0f35c000,x19=0x5f5c8f470c,x20=0x1,x21=0x1,x22=0x7fd3b20218,x23=0x7fd3b20220,x24=0x0,x25=0x0,x26=0x0,x27=0x0,x28=0x0,x29=0x7fd3b20190,lr=0x5f5c8f4734,sp=0x7fd3b20180,pc=0x7c0c1d9700]
[15012|15012] event_addr:0x7c0c1d9700 hit_count:1291, Regs:
[x0=0x1,x1=0x5f5c8f3598,x2=0x1,x3=0x7fd3b201e8,x4=0x0,x5=0x1414d4c,x6=0x1414d4c,x7=0x0,x8=0x9b504536b1897347,x9=0x9b504536b1897347,x10=0x9b504536b1897347,x11=0x3e8,x12=0x3,x13=0x706f6f6c5f657469,x14=0x7c0fa4e280,x15=0x0,x16=0x5f5c8f5a00,x17=0x7c0c1d9700,x18=0x7c0f35c000,x19=0x5f5c8f470c,x20=0x1,x21=0x1,x22=0x7fd3b20218,x23=0x7fd3b20220,x24=0x0,x25=0x0,x26=0x0,x27=0x0,x28=0x0,x29=0x7fd3b20190,lr=0x5f5c8f4734,sp=0x7fd3b20180,pc=0x7c0c1d9700]
[15012|15012] event_addr:0x7c0c1d9700 hit_count:1292, Regs:
[x0=0x1,x1=0x5f5c8f3598,x2=0x1,x3=0x7fd3b201e8,x4=0x0,x5=0x1414d4c,x6=0x1414d4c,x7=0x0,x8=0x9b504536b1897347,x9=0x9b504536b1897347,x10=0x9b504536b1897347,x11=0x3e8,x12=0x3,x13=0x706f6f6c5f657469,x14=0x7c0fa4e280,x15=0x0,x16=0x5f5c8f5a00,x17=0x7c0c1d9700,x18=0x7c0f35c000,x19=0x5f5c8f470c,x20=0x1,x21=0x1,x22=0x7fd3b20218,x23=0x7fd3b20220,x24=0x0,x25=0x0,x26=0x0,x27=0x0,x28=0x0,x29=0x7fd3b20190,lr=0x5f5c8f4734,sp=0x7fd3b20180,pc=0x7c0c1d9700]
[15012|15012] event_addr:0x7c0c1d9700 hit_count:1293, Regs:
[x0=0x1,x1=0x5f5c8f3598,x2=0x1,x3=0x7fd3b201e8,x4=0x0,x5=0x1414d4c,x6=0x1414d4c,x7=0x0,x8=0x9b504536b1897347,x9=0x9b504536b1897347,x10=0x9b504536b1897347,x11=0x3e8,x12=0x3,x13=0x706f6f6c5f657469,x14=0x7c0fa4e280,x15=0x0,x16=0x5f5c8f5a00,x17=0x7c0c1d9700,x18=0x7c0f35c000,x19=0x5f5c8f470c,x20=0x1,x21=0x1,x22=0x7fd3b20218,x23=0x7fd3b20220,x24=0x0,x25=0x0,x26=0x0,x27=0x0,x28=0x0,x29=0x7fd3b20190,lr=0x5f5c8f4734,sp=0x7fd3b20180,pc=0x7c0c1d9700]
[15012|15012] event_addr:0x7c0c1d9700 hit_count:1294, Regs:
[x0=0x1,x1=0x5f5c8f3598,x2=0x1,x3=0x7fd3b201e8,x4=0x0,x5=0x1414d4c,x6=0x1414d4c,x7=0x0,x8=0x9b504536b1897347,x9=0x9b504536b1897347,x10=0x9b504536b1897347,x11=0x3e8,x12=0x3,x13=0x706f6f6c5f657469,x14=0x7c0fa4e280,x15=0x0,x16=0x5f5c8f5a00,x17=0x7c0c1d9700,x18=0x7c0f35c000,x19=0x5f5c8f470c,x20=0x1,x21=0x1,x22=0x7fd3b20218,x23=0x7fd3b20220,x24=0x0,x25=0x0,x26=0x0,x27=0x0,x28=0x0,x29=0x7fd3b20190,lr=0x5f5c8f4734,sp=0x7fd3b20180,pc=0x7c0c1d9700]
[15012|15012] event_addr:0x7c0c1d9700 hit_count:1295, Regs:
[x0=0x1,x1=0x5f5c8f3598,x2=0x1,x3=0x7fd3b201e8,x4=0x0,x5=0x1414d4c,x6=0x1414d4c,x7=0x0,x8=0x9b504536b1897347,x9=0x9b504536b1897347,x10=0x9b504536b1897347,x11=0x3e8,x12=0x3,x13=0x706f6f6c5f657469,x14=0x7c0fa4e280,x15=0x0,x16=0x5f5c8f5a00,x17=0x7c0c1d9700,x18=0x7c0f35c000,x19=0x5f5c8f470c,x20=0x1,x21=0x1,x22=0x7fd3b20218,x23=0x7fd3b20220,x24=0x0,x25=0x0,x26=0x0,x27=0x0,x28=0x0,x29=0x7fd3b20190,lr=0x5f5c8f4734,sp=0x7fd3b20180,pc=0x7c0c1d9700]
[15012|15012] event_addr:0x7c0c1d9700 hit_count:1296, Regs:
[x0=0x1,x1=0x5f5c8f3598,x2=0x1,x3=0x7fd3b201e8,x4=0x0,x5=0x1414d4c,x6=0x1414d4c,x7=0x0,x8=0x9b504536b1897347,x9=0x9b504536b1897347,x10=0x9b504536b1897347,x11=0x3e8,x12=0x3,x13=0x706f6f6c5f657469,x14=0x7c0fa4e280,x15=0x0,x16=0x5f5c8f5a00,x17=0x7c0c1d9700,x18=0x7c0f35c000,x19=0x5f5c8f470c,x20=0x1,x21=0x1,x22=0x7fd3b20218,x23=0x7fd3b20220,x24=0x0,x25=0x0,x26=0x0,x27=0x0,x28=0x0,x29=0x7fd3b20190,lr=0x5f5c8f4734,sp=0x7fd3b20180,pc=0x7c0c1d9700]
[15012|15012] event_addr:0x7c0c1d9700 hit_count:1297, Regs:
[x0=0x1,x1=0x5f5c8f3598,x2=0x1,x3=0x7fd3b201e8,x4=0x0,x5=0x1414d4c,x6=0x1414d4c,x7=0x0,x8=0x9b504536b1897347,x9=0x9b504536b1897347,x10=0x9b504536b1897347,x11=0x3e8,x12=0x3,x13=0x706f6f6c5f657469,x14=0x7c0fa4e280,x15=0x0,x16=0x5f5c8f5a00,x17=0x7c0c1d9700,x18=0x7c0f35c000,x19=0x5f5c8f470c,x20=0x1,x21=0x1,x22=0x7fd3b20218,x23=0x7fd3b20220,x24=0x0,x25=0x0,x26=0x0,x27=0x0,x28=0x0,x29=0x7fd3b20190,lr=0x5f5c8f4734,sp=0x7fd3b20180,pc=0x7c0c1d9700]
[15012|15012] event_addr:0x7c0c1d9700 hit_count:1298, Regs:
[x0=0x1,x1=0x5f5c8f3598,x2=0x1,x3=0x7fd3b201e8,x4=0x0,x5=0x1414d4c,x6=0x1414d4c,x7=0x0,x8=0x9b504536b1897347,x9=0x9b504536b1897347,x10=0x9b504536b1897347,x11=0x3e8,x12=0x3,x13=0x706f6f6c5f657469,x14=0x7c0fa4e280,x15=0x0,x16=0x5f5c8f5a00,x17=0x7c0c1d9700,x18=0x7c0f35c000,x19=0x5f5c8f470c,x20=0x1,x21=0x1,x22=0x7fd3b20218,x23=0x7fd3b20220,x24=0x0,x25=0x0,x26=0x0,x27=0x0,x28=0x0,x29=0x7fd3b20190,lr=0x5f5c8f4734,sp=0x7fd3b20180,pc=0x7c0c1d9700]
[15012|15012] event_addr:0x7c0c1d9700 hit_count:1299, Regs:
[x0=0x1,x1=0x5f5c8f3598,x2=0x1,x3=0x7fd3b201e8,x4=0x0,x5=0x1414d4c,x6=0x1414d4c,x7=0x0,x8=0x9b504536b1897347,x9=0x9b504536b1897347,x10=0x9b504536b1897347,x11=0x3e8,x12=0x3,x13=0x706f6f6c5f657469,x14=0x7c0fa4e280,x15=0x0,x16=0x5f5c8f5a00,x17=0x7c0c1d9700,x18=0x7c0f35c000,x19=0x5f5c8f470c,x20=0x1,x21=0x1,x22=0x7fd3b20218,x23=0x7fd3b20220,x24=0x0,x25=0x0,x26=0x0,x27=0x0,x28=0x0,x29=0x7fd3b20190,lr=0x5f5c8f4734,sp=0x7fd3b20180,pc=0x7c0c1d9700]
[15012|15012] event_addr:0x7c0c1d9700 hit_count:1300, Regs:
[x0=0x1,x1=0x5f5c8f3598,x2=0x1,x3=0x7fd3b201e8,x4=0x0,x5=0x1414d4c,x6=0x1414d4c,x7=0x0,x8=0x9b504536b1897347,x9=0x9b504536b1897347,x10=0x9b504536b1897347,x11=0x3e8,x12=0x3,x13=0x706f6f6c5f657469,x14=0x7c0fa4e280,x15=0x0,x16=0x5f5c8f5a00,x17=0x7c0c1d9700,x18=0x7c0f35c000,x19=0x5f5c8f470c,x20=0x1,x21=0x1,x22=0x7fd3b20218,x23=0x7fd3b20220,x24=0x0,x25=0x0,x26=0x0,x27=0x0,x28=0x0,x29=0x7fd3b20190,lr=0x5f5c8f4734,sp=0x7fd3b20180,pc=0x7c0c1d9700]
[15012|15012] event_addr:0x7c0c1d9700 hit_count:1301, Regs:
[x0=0x1,x1=0x5f5c8f3598,x2=0x1,x3=0x7fd3b201e8,x4=0x0,x5=0x1414d4c,x6=0x1414d4c,x7=0x0,x8=0x9b504536b1897347,x9=0x9b504536b1897347,x10=0x9b504536b1897347,x11=0x3e8,x12=0x3,x13=0x706f6f6c5f657469,x14=0x7c0fa4e280,x15=0x0,x16=0x5f5c8f5a00,x17=0x7c0c1d9700,x18=0x7c0f35c000,x19=0x5f5c8f470c,x20=0x1,x21=0x1,x22=0x7fd3b20218,x23=0x7fd3b20220,x24=0x0,x25=0x0,x26=0x0,x27=0x0,x28=0x0,x29=0x7fd3b20190,lr=0x5f5c8f4734,sp=0x7fd3b20180,pc=0x7c0c1d9700]
[15012|15012] event_addr:0x7c0c1d9700 hit_count:1302, Regs:
[x0=0x1,x1=0x5f5c8f3598,x2=0x1,x3=0x7fd3b201e8,x4=0x0,x5=0x1414d4c,x6=0x1414d4c,x7=0x0,x8=0x9b504536b1897347,x9=0x9b504536b1897347,x10=0x9b504536b1897347,x11=0x3e8,x12=0x3,x13=0x706f6f6c5f657469,x14=0x7c0fa4e280,x15=0x0,x16=0x5f5c8f5a00,x17=0x7c0c1d9700,x18=0x7c0f35c000,x19=0x5f5c8f470c,x20=0x1,x21=0x1,x22=0x7fd3b20218,x23=0x7fd3b20220,x24=0x0,x25=0x0,x26=0x0,x27=0x0,x28=0x0,x29=0x7fd3b20190,lr=0x5f5c8f4734,sp=0x7fd3b20180,pc=0x7c0c1d9700]
[15012|15012] event_addr:0x7c0c1d9700 hit_count:1303, Regs:
[x0=0x1,x1=0x5f5c8f3598,x2=0x1,x3=0x7fd3b201e8,x4=0x0,x5=0x1414d4c,x6=0x1414d4c,x7=0x0,x8=0x9b504536b1897347,x9=0x9b504536b1897347,x10=0x9b504536b1897347,x11=0x3e8,x12=0x3,x13=0x706f6f6c5f657469,x14=0x7c0fa4e280,x15=0x0,x16=0x5f5c8f5a00,x17=0x7c0c1d9700,x18=0x7c0f35c000,x19=0x5f5c8f470c,x20=0x1,x21=0x1,x22=0x7fd3b20218,x23=0x7fd3b20220,x24=0x0,x25=0x0,x26=0x0,x27=0x0,x28=0x0,x29=0x7fd3b20190,lr=0x5f5c8f4734,sp=0x7fd3b20180,pc=0x7c0c1d9700]
[15012|15012] event_addr:0x7c0c1d9700 hit_count:1304, Regs:
[x0=0x1,x1=0x5f5c8f3598,x2=0x1,x3=0x7fd3b201e8,x4=0x0,x5=0x1414d4c,x6=0x1414d4c,x7=0x0,x8=0x9b504536b1897347,x9=0x9b504536b1897347,x10=0x9b504536b1897347,x11=0x3e8,x12=0x3,x13=0x706f6f6c5f657469,x14=0x7c0fa4e280,x15=0x0,x16=0x5f5c8f5a00,x17=0x7c0c1d9700,x18=0x7c0f35c000,x19=0x5f5c8f470c,x20=0x1,x21=0x1,x22=0x7fd3b20218,x23=0x7fd3b20220,x24=0x0,x25=0x0,x26=0x0,x27=0x0,x28=0x0,x29=0x7fd3b20190,lr=0x5f5c8f4734,sp=0x7fd3b20180,pc=0x7c0c1d9700]
[15012|15012] event_addr:0x7c0c1d9700 hit_count:1305, Regs:
[x0=0x1,x1=0x5f5c8f3598,x2=0x1,x3=0x7fd3b201e8,x4=0x0,x5=0x1414d4c,x6=0x1414d4c,x7=0x0,x8=0x9b504536b1897347,x9=0x9b504536b1897347,x10=0x9b504536b1897347,x11=0x3e8,x12=0x3,x13=0x706f6f6c5f657469,x14=0x7c0fa4e280,x15=0x0,x16=0x5f5c8f5a00,x17=0x7c0c1d9700,x18=0x7c0f35c000,x19=0x5f5c8f470c,x20=0x1,x21=0x1,x22=0x7fd3b20218,x23=0x7fd3b20220,x24=0x0,x25=0x0,x26=0x0,x27=0x0,x28=0x0,x29=0x7fd3b20190,lr=0x5f5c8f4734,sp=0x7fd3b20180,pc=0x7c0c1d9700]
[15012|15012] event_addr:0x7c0c1d9700 hit_count:1306, Regs:
[x0=0x1,x1=0x5f5c8f3598,x2=0x1,x3=0x7fd3b201e8,x4=0x0,x5=0x1414d4c,x6=0x1414d4c,x7=0x0,x8=0x9b504536b1897347,x9=0x9b504536b1897347,x10=0x9b504536b1897347,x11=0x3e8,x12=0x3,x13=0x706f6f6c5f657469,x14=0x7c0fa4e280,x15=0x0,x16=0x5f5c8f5a00,x17=0x7c0c1d9700,x18=0x7c0f35c000,x19=0x5f5c8f470c,x20=0x1,x21=0x1,x22=0x7fd3b20218,x23=0x7fd3b20220,x24=0x0,x25=0x0,x26=0x0,x27=0x0,x28=0x0,x29=0x7fd3b20190,lr=0x5f5c8f4734,sp=0x7fd3b20180,pc=0x7c0c1d9700]
[15012|15012] event_addr:0x7c0c1d9700 hit_count:1307, Regs:
[x0=0x1,x1=0x5f5c8f3598,x2=0x1,x3=0x7fd3b201e8,x4=0x0,x5=0x1414d4c,x6=0x1414d4c,x7=0x0,x8=0x9b504536b1897347,x9=0x9b504536b1897347,x10=0x9b504536b1897347,x11=0x3e8,x12=0x3,x13=0x706f6f6c5f657469,x14=0x7c0fa4e280,x15=0x0,x16=0x5f5c8f5a00,x17=0x7c0c1d9700,x18=0x7c0f35c000,x19=0x5f5c8f470c,x20=0x1,x21=0x1,x22=0x7fd3b20218,x23=0x7fd3b20220,x24=0x0,x25=0x0,x26=0x0,x27=0x0,x28=0x0,x29=0x7fd3b20190,lr=0x5f5c8f4734,sp=0x7fd3b20180,pc=0x7c0c1d9700]
[15012|15012] event_addr:0x7c0c1d9700 hit_count:1308, Regs:
[x0=0x1,x1=0x5f5c8f3598,x2=0x1,x3=0x7fd3b201e8,x4=0x0,x5=0x1414d4c,x6=0x1414d4c,x7=0x0,x8=0x9b504536b1897347,x9=0x9b504536b1897347,x10=0x9b504536b1897347,x11=0x3e8,x12=0x3,x13=0x706f6f6c5f657469,x14=0x7c0fa4e280,x15=0x0,x16=0x5f5c8f5a00,x17=0x7c0c1d9700,x18=0x7c0f35c000,x19=0x5f5c8f470c,x20=0x1,x21=0x1,x22=0x7fd3b20218,x23=0x7fd3b20220,x24=0x0,x25=0x0,x26=0x0,x27=0x0,x28=0x0,x29=0x7fd3b20190,lr=0x5f5c8f4734,sp=0x7fd3b20180,pc=0x7c0c1d9700]
[15012|15012] event_addr:0x7c0c1d9700 hit_count:1309, Regs:
[x0=0x1,x1=0x5f5c8f3598,x2=0x1,x3=0x7fd3b201e8,x4=0x0,x5=0x1414d4c,x6=0x1414d4c,x7=0x0,x8=0x9b504536b1897347,x9=0x9b504536b1897347,x10=0x9b504536b1897347,x11=0x3e8,x12=0x3,x13=0x706f6f6c5f657469,x14=0x7c0fa4e280,x15=0x0,x16=0x5f5c8f5a00,x17=0x7c0c1d9700,x18=0x7c0f35c000,x19=0x5f5c8f470c,x20=0x1,x21=0x1,x22=0x7fd3b20218,x23=0x7fd3b20220,x24=0x0,x25=0x0,x26=0x0,x27=0x0,x28=0x0,x29=0x7fd3b20190,lr=0x5f5c8f4734,sp=0x7fd3b20180,pc=0x7c0c1d9700]
[15012|15012] event_addr:0x7c0c1d9700 hit_count:1310, Regs:
[x0=0x1,x1=0x5f5c8f3598,x2=0x1,x3=0x7fd3b201e8,x4=0x0,x5=0x1414d4c,x6=0x1414d4c,x7=0x0,x8=0x9b504536b1897347,x9=0x9b504536b1897347,x10=0x9b504536b1897347,x11=0x3e8,x12=0x3,x13=0x706f6f6c5f657469,x14=0x7c0fa4e280,x15=0x0,x16=0x5f5c8f5a00,x17=0x7c0c1d9700,x18=0x7c0f35c000,x19=0x5f5c8f470c,x20=0x1,x21=0x1,x22=0x7fd3b20218,x23=0x7fd3b20220,x24=0x0,x25=0x0,x26=0x0,x27=0x0,x28=0x0,x29=0x7fd3b20190,lr=0x5f5c8f4734,sp=0x7fd3b20180,pc=0x7c0c1d9700]
[15012|15012] event_addr:0x7c0c1d9700 hit_count:1311, Regs:
[x0=0x1,x1=0x5f5c8f3598,x2=0x1,x3=0x7fd3b201e8,x4=0x0,x5=0x1414d4c,x6=0x1414d4c,x7=0x0,x8=0x9b504536b1897347,x9=0x9b504536b1897347,x10=0x9b504536b1897347,x11=0x3e8,x12=0x3,x13=0x706f6f6c5f657469,x14=0x7c0fa4e280,x15=0x0,x16=0x5f5c8f5a00,x17=0x7c0c1d9700,x18=0x7c0f35c000,x19=0x5f5c8f470c,x20=0x1,x21=0x1,x22=0x7fd3b20218,x23=0x7fd3b20220,x24=0x0,x25=0x0,x26=0x0,x27=0x0,x28=0x0,x29=0x7fd3b20190,lr=0x5f5c8f4734,sp=0x7fd3b20180,pc=0x7c0c1d9700]
[15012|15012] event_addr:0x7c0c1d9700 hit_count:1312, Regs:
[x0=0x1,x1=0x5f5c8f3598,x2=0x1,x3=0x7fd3b201e8,x4=0x0,x5=0x1414d4c,x6=0x1414d4c,x7=0x0,x8=0x9b504536b1897347,x9=0x9b504536b1897347,x10=0x9b504536b1897347,x11=0x3e8,x12=0x3,x13=0x706f6f6c5f657469,x14=0x7c0fa4e280,x15=0x0,x16=0x5f5c8f5a00,x17=0x7c0c1d9700,x18=0x7c0f35c000,x19=0x5f5c8f470c,x20=0x1,x21=0x1,x22=0x7fd3b20218,x23=0x7fd3b20220,x24=0x0,x25=0x0,x26=0x0,x27=0x0,x28=0x0,x29=0x7fd3b20190,lr=0x5f5c8f4734,sp=0x7fd3b20180,pc=0x7c0c1d9700]
[15012|15012] event_addr:0x7c0c1d9700 hit_count:1313, Regs:
[x0=0x1,x1=0x5f5c8f3598,x2=0x1,x3=0x7fd3b201e8,x4=0x0,x5=0x1414d4c,x6=0x1414d4c,x7=0x0,x8=0x9b504536b1897347,x9=0x9b504536b1897347,x10=0x9b504536b1897347,x11=0x3e8,x12=0x3,x13=0x706f6f6c5f657469,x14=0x7c0fa4e280,x15=0x0,x16=0x5f5c8f5a00,x17=0x7c0c1d9700,x18=0x7c0f35c000,x19=0x5f5c8f470c,x20=0x1,x21=0x1,x22=0x7fd3b20218,x23=0x7fd3b20220,x24=0x0,x25=0x0,x26=0x0,x27=0x0,x28=0x0,x29=0x7fd3b20190,lr=0x5f5c8f4734,sp=0x7fd3b20180,pc=0x7c0c1d9700]
[15012|15012] event_addr:0x7c0c1d9700 hit_count:1314, Regs:
[x0=0x1,x1=0x5f5c8f3598,x2=0x1,x3=0x7fd3b201e8,x4=0x0,x5=0x1414d4c,x6=0x1414d4c,x7=0x0,x8=0x9b504536b1897347,x9=0x9b504536b1897347,x10=0x9b504536b1897347,x11=0x3e8,x12=0x3,x13=0x706f6f6c5f657469,x14=0x7c0fa4e280,x15=0x0,x16=0x5f5c8f5a00,x17=0x7c0c1d9700,x18=0x7c0f35c000,x19=0x5f5c8f470c,x20=0x1,x21=0x1,x22=0x7fd3b20218,x23=0x7fd3b20220,x24=0x0,x25=0x0,x26=0x0,x27=0x0,x28=0x0,x29=0x7fd3b20190,lr=0x5f5c8f4734,sp=0x7fd3b20180,pc=0x7c0c1d9700]
[15012|15012] event_addr:0x7c0c1d9700 hit_count:1315, Regs:
[x0=0x1,x1=0x5f5c8f3598,x2=0x1,x3=0x7fd3b201e8,x4=0x0,x5=0x1414d4c,x6=0x1414d4c,x7=0x0,x8=0x9b504536b1897347,x9=0x9b504536b1897347,x10=0x9b504536b1897347,x11=0x3e8,x12=0x3,x13=0x706f6f6c5f657469,x14=0x7c0fa4e280,x15=0x0,x16=0x5f5c8f5a00,x17=0x7c0c1d9700,x18=0x7c0f35c000,x19=0x5f5c8f470c,x20=0x1,x21=0x1,x22=0x7fd3b20218,x23=0x7fd3b20220,x24=0x0,x25=0x0,x26=0x0,x27=0x0,x28=0x0,x29=0x7fd3b20190,lr=0x5f5c8f4734,sp=0x7fd3b20180,pc=0x7c0c1d9700]
[15012|15012] event_addr:0x7c0c1d9700 hit_count:1316, Regs:
[x0=0x1,x1=0x5f5c8f3598,x2=0x1,x3=0x7fd3b201e8,x4=0x0,x5=0x1414d4c,x6=0x1414d4c,x7=0x0,x8=0x9b504536b1897347,x9=0x9b504536b1897347,x10=0x9b504536b1897347,x11=0x3e8,x12=0x3,x13=0x706f6f6c5f657469,x14=0x7c0fa4e280,x15=0x0,x16=0x5f5c8f5a00,x17=0x7c0c1d9700,x18=0x7c0f35c000,x19=0x5f5c8f470c,x20=0x1,x21=0x1,x22=0x7fd3b20218,x23=0x7fd3b20220,x24=0x0,x25=0x0,x26=0x0,x27=0x0,x28=0x0,x29=0x7fd3b20190,lr=0x5f5c8f4734,sp=0x7fd3b20180,pc=0x7c0c1d9700]
[15012|15012] event_addr:0x7c0c1d9700 hit_count:1317, Regs:
[x0=0x1,x1=0x5f5c8f3598,x2=0x1,x3=0x7fd3b201e8,x4=0x0,x5=0x1414d4c,x6=0x1414d4c,x7=0x0,x8=0x9b504536b1897347,x9=0x9b504536b1897347,x10=0x9b504536b1897347,x11=0x3e8,x12=0x3,x13=0x706f6f6c5f657469,x14=0x7c0fa4e280,x15=0x0,x16=0x5f5c8f5a00,x17=0x7c0c1d9700,x18=0x7c0f35c000,x19=0x5f5c8f470c,x20=0x1,x21=0x1,x22=0x7fd3b20218,x23=0x7fd3b20220,x24=0x0,x25=0x0,x26=0x0,x27=0x0,x28=0x0,x29=0x7fd3b20190,lr=0x5f5c8f4734,sp=0x7fd3b20180,pc=0x7c0c1d9700]
[15012|15012] event_addr:0x7c0c1d9700 hit_count:1318, Regs:
[x0=0x1,x1=0x5f5c8f3598,x2=0x1,x3=0x7fd3b201e8,x4=0x0,x5=0x1414d4c,x6=0x1414d4c,x7=0x0,x8=0x9b504536b1897347,x9=0x9b504536b1897347,x10=0x9b504536b1897347,x11=0x3e8,x12=0x3,x13=0x706f6f6c5f657469,x14=0x7c0fa4e280,x15=0x0,x16=0x5f5c8f5a00,x17=0x7c0c1d9700,x18=0x7c0f35c000,x19=0x5f5c8f470c,x20=0x1,x21=0x1,x22=0x7fd3b20218,x23=0x7fd3b20220,x24=0x0,x25=0x0,x26=0x0,x27=0x0,x28=0x0,x29=0x7fd3b20190,lr=0x5f5c8f4734,sp=0x7fd3b20180,pc=0x7c0c1d9700]
[15012|15012] event_addr:0x7c0c1d9700 hit_count:1319, Regs:
[x0=0x1,x1=0x5f5c8f3598,x2=0x1,x3=0x7fd3b201e8,x4=0x0,x5=0x1414d4c,x6=0x1414d4c,x7=0x0,x8=0x9b504536b1897347,x9=0x9b504536b1897347,x10=0x9b504536b1897347,x11=0x3e8,x12=0x3,x13=0x706f6f6c5f657469,x14=0x7c0fa4e280,x15=0x0,x16=0x5f5c8f5a00,x17=0x7c0c1d9700,x18=0x7c0f35c000,x19=0x5f5c8f470c,x20=0x1,x21=0x1,x22=0x7fd3b20218,x23=0x7fd3b20220,x24=0x0,x25=0x0,x26=0x0,x27=0x0,x28=0x0,x29=0x7fd3b20190,lr=0x5f5c8f4734,sp=0x7fd3b20180,pc=0x7c0c1d9700]
[15012|15012] event_addr:0x7c0c1d9700 hit_count:1321, Regs:
[x0=0x1,x1=0x5f5c8f3598,x2=0x1,x3=0x7fd3b201e8,x4=0x0,x5=0x1414d4c,x6=0x1414d4c,x7=0x0,x8=0x9b504536b1897347,x9=0x9b504536b1897347,x10=0x9b504536b1897347,x11=0x3e8,x12=0x3,x13=0x706f6f6c5f657469,x14=0x7c0fa4e280,x15=0x0,x16=0x5f5c8f5a00,x17=0x7c0c1d9700,x18=0x7c0f35c000,x19=0x5f5c8f470c,x20=0x1,x21=0x1,x22=0x7fd3b20218,x23=0x7fd3b20220,x24=0x0,x25=0x0,x26=0x0,x27=0x0,x28=0x0,x29=0x7fd3b20190,lr=0x5f5c8f4734,sp=0x7fd3b20180,pc=0x7c0c1d9700]
[15012|15012] event_addr:0x7c0c1d9700 hit_count:1321, Regs:
[x0=0x1,x1=0x5f5c8f3598,x2=0x1,x3=0x7fd3b201e8,x4=0x0,x5=0x1414d4c,x6=0x1414d4c,x7=0x0,x8=0x9b504536b1897347,x9=0x9b504536b1897347,x10=0x9b504536b1897347,x11=0x3e8,x12=0x3,x13=0x706f6f6c5f657469,x14=0x7c0fa4e280,x15=0x0,x16=0x5f5c8f5a00,x17=0x7c0c1d9700,x18=0x7c0f35c000,x19=0x5f5c8f470c,x20=0x1,x21=0x1,x22=0x7fd3b20218,x23=0x7fd3b20220,x24=0x0,x25=0x0,x26=0x0,x27=0x0,x28=0x0,x29=0x7fd3b20190,lr=0x5f5c8f4734,sp=0x7fd3b20180,pc=0x7c0c1d9700]
[15012|15012] event_addr:0x7c0c1d9700 hit_count:1322, Regs:
[x0=0x1,x1=0x5f5c8f3598,x2=0x1,x3=0x7fd3b201e8,x4=0x0,x5=0x1414d4c,x6=0x1414d4c,x7=0x0,x8=0x9b504536b1897347,x9=0x9b504536b1897347,x10=0x9b504536b1897347,x11=0x3e8,x12=0x3,x13=0x706f6f6c5f657469,x14=0x7c0fa4e280,x15=0x0,x16=0x5f5c8f5a00,x17=0x7c0c1d9700,x18=0x7c0f35c000,x19=0x5f5c8f470c,x20=0x1,x21=0x1,x22=0x7fd3b20218,x23=0x7fd3b20220,x24=0x0,x25=0x0,x26=0x0,x27=0x0,x28=0x0,x29=0x7fd3b20190,lr=0x5f5c8f4734,sp=0x7fd3b20180,pc=0x7c0c1d9700]
[15012|15012] event_addr:0x7c0c1d9700 hit_count:1323, Regs:
[x0=0x1,x1=0x5f5c8f3598,x2=0x1,x3=0x7fd3b201e8,x4=0x0,x5=0x1414d4c,x6=0x1414d4c,x7=0x0,x8=0x9b504536b1897347,x9=0x9b504536b1897347,x10=0x9b504536b1897347,x11=0x3e8,x12=0x3,x13=0x706f6f6c5f657469,x14=0x7c0fa4e280,x15=0x0,x16=0x5f5c8f5a00,x17=0x7c0c1d9700,x18=0x7c0f35c000,x19=0x5f5c8f470c,x20=0x1,x21=0x1,x22=0x7fd3b20218,x23=0x7fd3b20220,x24=0x0,x25=0x0,x26=0x0,x27=0x0,x28=0x0,x29=0x7fd3b20190,lr=0x5f5c8f4734,sp=0x7fd3b20180,pc=0x7c0c1d9700]
[15012|15012] event_addr:0x7c0c1d9700 hit_count:1324, Regs:
[x0=0x1,x1=0x5f5c8f3598,x2=0x1,x3=0x7fd3b201e8,x4=0x0,x5=0x1414d4c,x6=0x1414d4c,x7=0x0,x8=0x9b504536b1897347,x9=0x9b504536b1897347,x10=0x9b504536b1897347,x11=0x3e8,x12=0x3,x13=0x706f6f6c5f657469,x14=0x7c0fa4e280,x15=0x0,x16=0x5f5c8f5a00,x17=0x7c0c1d9700,x18=0x7c0f35c000,x19=0x5f5c8f470c,x20=0x1,x21=0x1,x22=0x7fd3b20218,x23=0x7fd3b20220,x24=0x0,x25=0x0,x26=0x0,x27=0x0,x28=0x0,x29=0x7fd3b20190,lr=0x5f5c8f4734,sp=0x7fd3b20180,pc=0x7c0c1d9700]
[15012|15012] event_addr:0x7c0c1d9700 hit_count:1325, Regs:
[x0=0x1,x1=0x5f5c8f3598,x2=0x1,x3=0x7fd3b201e8,x4=0x0,x5=0x1414d4c,x6=0x1414d4c,x7=0x0,x8=0x9b504536b1897347,x9=0x9b504536b1897347,x10=0x9b504536b1897347,x11=0x3e8,x12=0x3,x13=0x706f6f6c5f657469,x14=0x7c0fa4e280,x15=0x0,x16=0x5f5c8f5a00,x17=0x7c0c1d9700,x18=0x7c0f35c000,x19=0x5f5c8f470c,x20=0x1,x21=0x1,x22=0x7fd3b20218,x23=0x7fd3b20220,x24=0x0,x25=0x0,x26=0x0,x27=0x0,x28=0x0,x29=0x7fd3b20190,lr=0x5f5c8f4734,sp=0x7fd3b20180,pc=0x7c0c1d9700]
[15012|15012] event_addr:0x7c0c1d9700 hit_count:1326, Regs:
[x0=0x1,x1=0x5f5c8f3598,x2=0x1,x3=0x7fd3b201e8,x4=0x0,x5=0x1414d4c,x6=0x1414d4c,x7=0x0,x8=0x9b504536b1897347,x9=0x9b504536b1897347,x10=0x9b504536b1897347,x11=0x3e8,x12=0x3,x13=0x706f6f6c5f657469,x14=0x7c0fa4e280,x15=0x0,x16=0x5f5c8f5a00,x17=0x7c0c1d9700,x18=0x7c0f35c000,x19=0x5f5c8f470c,x20=0x1,x21=0x1,x22=0x7fd3b20218,x23=0x7fd3b20220,x24=0x0,x25=0x0,x26=0x0,x27=0x0,x28=0x0,x29=0x7fd3b20190,lr=0x5f5c8f4734,sp=0x7fd3b20180,pc=0x7c0c1d9700]
[15012|15012] event_addr:0x7c0c1d9700 hit_count:1327, Regs:
[x0=0x1,x1=0x5f5c8f3598,x2=0x1,x3=0x7fd3b201e8,x4=0x0,x5=0x1414d4c,x6=0x1414d4c,x7=0x0,x8=0x9b504536b1897347,x9=0x9b504536b1897347,x10=0x9b504536b1897347,x11=0x3e8,x12=0x3,x13=0x706f6f6c5f657469,x14=0x7c0fa4e280,x15=0x0,x16=0x5f5c8f5a00,x17=0x7c0c1d9700,x18=0x7c0f35c000,x19=0x5f5c8f470c,x20=0x1,x21=0x1,x22=0x7fd3b20218,x23=0x7fd3b20220,x24=0x0,x25=0x0,x26=0x0,x27=0x0,x28=0x0,x29=0x7fd3b20190,lr=0x5f5c8f4734,sp=0x7fd3b20180,pc=0x7c0c1d9700]
[15012|15012] event_addr:0x7c0c1d9700 hit_count:1328, Regs:
[x0=0x1,x1=0x5f5c8f3598,x2=0x1,x3=0x7fd3b201e8,x4=0x0,x5=0x1414d4c,x6=0x1414d4c,x7=0x0,x8=0x9b504536b1897347,x9=0x9b504536b1897347,x10=0x9b504536b1897347,x11=0x3e8,x12=0x3,x13=0x706f6f6c5f657469,x14=0x7c0fa4e280,x15=0x0,x16=0x5f5c8f5a00,x17=0x7c0c1d9700,x18=0x7c0f35c000,x19=0x5f5c8f470c,x20=0x1,x21=0x1,x22=0x7fd3b20218,x23=0x7fd3b20220,x24=0x0,x25=0x0,x26=0x0,x27=0x0,x28=0x0,x29=0x7fd3b20190,lr=0x5f5c8f4734,sp=0x7fd3b20180,pc=0x7c0c1d9700]
[15012|15012] event_addr:0x7c0c1d9700 hit_count:1329, Regs:
[x0=0x1,x1=0x5f5c8f3598,x2=0x1,x3=0x7fd3b201e8,x4=0x0,x5=0x1414d4c,x6=0x1414d4c,x7=0x0,x8=0x9b504536b1897347,x9=0x9b504536b1897347,x10=0x9b504536b1897347,x11=0x3e8,x12=0x3,x13=0x706f6f6c5f657469,x14=0x7c0fa4e280,x15=0x0,x16=0x5f5c8f5a00,x17=0x7c0c1d9700,x18=0x7c0f35c000,x19=0x5f5c8f470c,x20=0x1,x21=0x1,x22=0x7fd3b20218,x23=0x7fd3b20220,x24=0x0,x25=0x0,x26=0x0,x27=0x0,x28=0x0,x29=0x7fd3b20190,lr=0x5f5c8f4734,sp=0x7fd3b20180,pc=0x7c0c1d9700]
[15012|15012] event_addr:0x7c0c1d9700 hit_count:1330, Regs:
[x0=0x1,x1=0x5f5c8f3598,x2=0x1,x3=0x7fd3b201e8,x4=0x0,x5=0x1414d4c,x6=0x1414d4c,x7=0x0,x8=0x9b504536b1897347,x9=0x9b504536b1897347,x10=0x9b504536b1897347,x11=0x3e8,x12=0x3,x13=0x706f6f6c5f657469,x14=0x7c0fa4e280,x15=0x0,x16=0x5f5c8f5a00,x17=0x7c0c1d9700,x18=0x7c0f35c000,x19=0x5f5c8f470c,x20=0x1,x21=0x1,x22=0x7fd3b20218,x23=0x7fd3b20220,x24=0x0,x25=0x0,x26=0x0,x27=0x0,x28=0x0,x29=0x7fd3b20190,lr=0x5f5c8f4734,sp=0x7fd3b20180,pc=0x7c0c1d9700]
[15012|15012] event_addr:0x7c0c1d9700 hit_count:1331, Regs:
[x0=0x1,x1=0x5f5c8f3598,x2=0x1,x3=0x7fd3b201e8,x4=0x0,x5=0x1414d4c,x6=0x1414d4c,x7=0x0,x8=0x9b504536b1897347,x9=0x9b504536b1897347,x10=0x9b504536b1897347,x11=0x3e8,x12=0x3,x13=0x706f6f6c5f657469,x14=0x7c0fa4e280,x15=0x0,x16=0x5f5c8f5a00,x17=0x7c0c1d9700,x18=0x7c0f35c000,x19=0x5f5c8f470c,x20=0x1,x21=0x1,x22=0x7fd3b20218,x23=0x7fd3b20220,x24=0x0,x25=0x0,x26=0x0,x27=0x0,x28=0x0,x29=0x7fd3b20190,lr=0x5f5c8f4734,sp=0x7fd3b20180,pc=0x7c0c1d9700]
[15012|15012] event_addr:0x7c0c1d9700 hit_count:1332, Regs:
[x0=0x1,x1=0x5f5c8f3598,x2=0x1,x3=0x7fd3b201e8,x4=0x0,x5=0x1414d4c,x6=0x1414d4c,x7=0x0,x8=0x9b504536b1897347,x9=0x9b504536b1897347,x10=0x9b504536b1897347,x11=0x3e8,x12=0x3,x13=0x706f6f6c5f657469,x14=0x7c0fa4e280,x15=0x0,x16=0x5f5c8f5a00,x17=0x7c0c1d9700,x18=0x7c0f35c000,x19=0x5f5c8f470c,x20=0x1,x21=0x1,x22=0x7fd3b20218,x23=0x7fd3b20220,x24=0x0,x25=0x0,x26=0x0,x27=0x0,x28=0x0,x29=0x7fd3b20190,lr=0x5f5c8f4734,sp=0x7fd3b20180,pc=0x7c0c1d9700]
[15012|15012] event_addr:0x7c0c1d9700 hit_count:1333, Regs:
[x0=0x1,x1=0x5f5c8f3598,x2=0x1,x3=0x7fd3b201e8,x4=0x0,x5=0x1414d4c,x6=0x1414d4c,x7=0x0,x8=0x9b504536b1897347,x9=0x9b504536b1897347,x10=0x9b504536b1897347,x11=0x3e8,x12=0x3,x13=0x706f6f6c5f657469,x14=0x7c0fa4e280,x15=0x0,x16=0x5f5c8f5a00,x17=0x7c0c1d9700,x18=0x7c0f35c000,x19=0x5f5c8f470c,x20=0x1,x21=0x1,x22=0x7fd3b20218,x23=0x7fd3b20220,x24=0x0,x25=0x0,x26=0x0,x27=0x0,x28=0x0,x29=0x7fd3b20190,lr=0x5f5c8f4734,sp=0x7fd3b20180,pc=0x7c0c1d9700]
[15012|15012] event_addr:0x7c0c1d9700 hit_count:1334, Regs:
[x0=0x1,x1=0x5f5c8f3598,x2=0x1,x3=0x7fd3b201e8,x4=0x0,x5=0x1414d4c,x6=0x1414d4c,x7=0x0,x8=0x9b504536b1897347,x9=0x9b504536b1897347,x10=0x9b504536b1897347,x11=0x3e8,x12=0x3,x13=0x706f6f6c5f657469,x14=0x7c0fa4e280,x15=0x0,x16=0x5f5c8f5a00,x17=0x7c0c1d9700,x18=0x7c0f35c000,x19=0x5f5c8f470c,x20=0x1,x21=0x1,x22=0x7fd3b20218,x23=0x7fd3b20220,x24=0x0,x25=0x0,x26=0x0,x27=0x0,x28=0x0,x29=0x7fd3b20190,lr=0x5f5c8f4734,sp=0x7fd3b20180,pc=0x7c0c1d9700]
[15012|15012] event_addr:0x7c0c1d9700 hit_count:1335, Regs:
[x0=0x1,x1=0x5f5c8f3598,x2=0x1,x3=0x7fd3b201e8,x4=0x0,x5=0x1414d4c,x6=0x1414d4c,x7=0x0,x8=0x9b504536b1897347,x9=0x9b504536b1897347,x10=0x9b504536b1897347,x11=0x3e8,x12=0x3,x13=0x706f6f6c5f657469,x14=0x7c0fa4e280,x15=0x0,x16=0x5f5c8f5a00,x17=0x7c0c1d9700,x18=0x7c0f35c000,x19=0x5f5c8f470c,x20=0x1,x21=0x1,x22=0x7fd3b20218,x23=0x7fd3b20220,x24=0x0,x25=0x0,x26=0x0,x27=0x0,x28=0x0,x29=0x7fd3b20190,lr=0x5f5c8f4734,sp=0x7fd3b20180,pc=0x7c0c1d9700]
[15012|15012] event_addr:0x7c0c1d9700 hit_count:1336, Regs:
[x0=0x1,x1=0x5f5c8f3598,x2=0x1,x3=0x7fd3b201e8,x4=0x0,x5=0x1414d4c,x6=0x1414d4c,x7=0x0,x8=0x9b504536b1897347,x9=0x9b504536b1897347,x10=0x9b504536b1897347,x11=0x3e8,x12=0x3,x13=0x706f6f6c5f657469,x14=0x7c0fa4e280,x15=0x0,x16=0x5f5c8f5a00,x17=0x7c0c1d9700,x18=0x7c0f35c000,x19=0x5f5c8f470c,x20=0x1,x21=0x1,x22=0x7fd3b20218,x23=0x7fd3b20220,x24=0x0,x25=0x0,x26=0x0,x27=0x0,x28=0x0,x29=0x7fd3b20190,lr=0x5f5c8f4734,sp=0x7fd3b20180,pc=0x7c0c1d9700]
[15012|15012] event_addr:0x7c0c1d9700 hit_count:1337, Regs:
[x0=0x1,x1=0x5f5c8f3598,x2=0x1,x3=0x7fd3b201e8,x4=0x0,x5=0x1414d4c,x6=0x1414d4c,x7=0x0,x8=0x9b504536b1897347,x9=0x9b504536b1897347,x10=0x9b504536b1897347,x11=0x3e8,x12=0x3,x13=0x706f6f6c5f657469,x14=0x7c0fa4e280,x15=0x0,x16=0x5f5c8f5a00,x17=0x7c0c1d9700,x18=0x7c0f35c000,x19=0x5f5c8f470c,x20=0x1,x21=0x1,x22=0x7fd3b20218,x23=0x7fd3b20220,x24=0x0,x25=0x0,x26=0x0,x27=0x0,x28=0x0,x29=0x7fd3b20190,lr=0x5f5c8f4734,sp=0x7fd3b20180,pc=0x7c0c1d9700]
[15012|15012] event_addr:0x7c0c1d9700 hit_count:1338, Regs:
[x0=0x1,x1=0x5f5c8f3598,x2=0x1,x3=0x7fd3b201e8,x4=0x0,x5=0x1414d4c,x6=0x1414d4c,x7=0x0,x8=0x9b504536b1897347,x9=0x9b504536b1897347,x10=0x9b504536b1897347,x11=0x3e8,x12=0x3,x13=0x706f6f6c5f657469,x14=0x7c0fa4e280,x15=0x0,x16=0x5f5c8f5a00,x17=0x7c0c1d9700,x18=0x7c0f35c000,x19=0x5f5c8f470c,x20=0x1,x21=0x1,x22=0x7fd3b20218,x23=0x7fd3b20220,x24=0x0,x25=0x0,x26=0x0,x27=0x0,x28=0x0,x29=0x7fd3b20190,lr=0x5f5c8f4734,sp=0x7fd3b20180,pc=0x7c0c1d9700]
[15012|15012] event_addr:0x7c0c1d9700 hit_count:1339, Regs:
[x0=0x1,x1=0x5f5c8f3598,x2=0x1,x3=0x7fd3b201e8,x4=0x0,x5=0x1414d4c,x6=0x1414d4c,x7=0x0,x8=0x9b504536b1897347,x9=0x9b504536b1897347,x10=0x9b504536b1897347,x11=0x3e8,x12=0x3,x13=0x706f6f6c5f657469,x14=0x7c0fa4e280,x15=0x0,x16=0x5f5c8f5a00,x17=0x7c0c1d9700,x18=0x7c0f35c000,x19=0x5f5c8f470c,x20=0x1,x21=0x1,x22=0x7fd3b20218,x23=0x7fd3b20220,x24=0x0,x25=0x0,x26=0x0,x27=0x0,x28=0x0,x29=0x7fd3b20190,lr=0x5f5c8f4734,sp=0x7fd3b20180,pc=0x7c0c1d9700]
[15012|15012] event_addr:0x7c0c1d9700 hit_count:1340, Regs:
[x0=0x1,x1=0x5f5c8f3598,x2=0x1,x3=0x7fd3b201e8,x4=0x0,x5=0x1414d4c,x6=0x1414d4c,x7=0x0,x8=0x9b504536b1897347,x9=0x9b504536b1897347,x10=0x9b504536b1897347,x11=0x3e8,x12=0x3,x13=0x706f6f6c5f657469,x14=0x7c0fa4e280,x15=0x0,x16=0x5f5c8f5a00,x17=0x7c0c1d9700,x18=0x7c0f35c000,x19=0x5f5c8f470c,x20=0x1,x21=0x1,x22=0x7fd3b20218,x23=0x7fd3b20220,x24=0x0,x25=0x0,x26=0x0,x27=0x0,x28=0x0,x29=0x7fd3b20190,lr=0x5f5c8f4734,sp=0x7fd3b20180,pc=0x7c0c1d9700]
[15012|15012] event_addr:0x7c0c1d9700 hit_count:1341, Regs:
[x0=0x1,x1=0x5f5c8f3598,x2=0x1,x3=0x7fd3b201e8,x4=0x0,x5=0x1414d4c,x6=0x1414d4c,x7=0x0,x8=0x9b504536b1897347,x9=0x9b504536b1897347,x10=0x9b504536b1897347,x11=0x3e8,x12=0x3,x13=0x706f6f6c5f657469,x14=0x7c0fa4e280,x15=0x0,x16=0x5f5c8f5a00,x17=0x7c0c1d9700,x18=0x7c0f35c000,x19=0x5f5c8f470c,x20=0x1,x21=0x1,x22=0x7fd3b20218,x23=0x7fd3b20220,x24=0x0,x25=0x0,x26=0x0,x27=0x0,x28=0x0,x29=0x7fd3b20190,lr=0x5f5c8f4734,sp=0x7fd3b20180,pc=0x7c0c1d9700]
[15012|15012] event_addr:0x7c0c1d9700 hit_count:1342, Regs:
[x0=0x1,x1=0x5f5c8f3598,x2=0x1,x3=0x7fd3b201e8,x4=0x0,x5=0x1414d4c,x6=0x1414d4c,x7=0x0,x8=0x9b504536b1897347,x9=0x9b504536b1897347,x10=0x9b504536b1897347,x11=0x3e8,x12=0x3,x13=0x706f6f6c5f657469,x14=0x7c0fa4e280,x15=0x0,x16=0x5f5c8f5a00,x17=0x7c0c1d9700,x18=0x7c0f35c000,x19=0x5f5c8f470c,x20=0x1,x21=0x1,x22=0x7fd3b20218,x23=0x7fd3b20220,x24=0x0,x25=0x0,x26=0x0,x27=0x0,x28=0x0,x29=0x7fd3b20190,lr=0x5f5c8f4734,sp=0x7fd3b20180,pc=0x7c0c1d9700]
[15012|15012] event_addr:0x7c0c1d9700 hit_count:1343, Regs:
[x0=0x1,x1=0x5f5c8f3598,x2=0x1,x3=0x7fd3b201e8,x4=0x0,x5=0x1414d4c,x6=0x1414d4c,x7=0x0,x8=0x9b504536b1897347,x9=0x9b504536b1897347,x10=0x9b504536b1897347,x11=0x3e8,x12=0x3,x13=0x706f6f6c5f657469,x14=0x7c0fa4e280,x15=0x0,x16=0x5f5c8f5a00,x17=0x7c0c1d9700,x18=0x7c0f35c000,x19=0x5f5c8f470c,x20=0x1,x21=0x1,x22=0x7fd3b20218,x23=0x7fd3b20220,x24=0x0,x25=0x0,x26=0x0,x27=0x0,x28=0x0,x29=0x7fd3b20190,lr=0x5f5c8f4734,sp=0x7fd3b20180,pc=0x7c0c1d9700]
[15012|15012] event_addr:0x7c0c1d9700 hit_count:1344, Regs:
[x0=0x1,x1=0x5f5c8f3598,x2=0x1,x3=0x7fd3b201e8,x4=0x0,x5=0x1414d4c,x6=0x1414d4c,x7=0x0,x8=0x9b504536b1897347,x9=0x9b504536b1897347,x10=0x9b504536b1897347,x11=0x3e8,x12=0x3,x13=0x706f6f6c5f657469,x14=0x7c0fa4e280,x15=0x0,x16=0x5f5c8f5a00,x17=0x7c0c1d9700,x18=0x7c0f35c000,x19=0x5f5c8f470c,x20=0x1,x21=0x1,x22=0x7fd3b20218,x23=0x7fd3b20220,x24=0x0,x25=0x0,x26=0x0,x27=0x0,x28=0x0,x29=0x7fd3b20190,lr=0x5f5c8f4734,sp=0x7fd3b20180,pc=0x7c0c1d9700]
[15012|15012] event_addr:0x7c0c1d9700 hit_count:1345, Regs:
[x0=0x1,x1=0x5f5c8f3598,x2=0x1,x3=0x7fd3b201e8,x4=0x0,x5=0x1414d4c,x6=0x1414d4c,x7=0x0,x8=0x9b504536b1897347,x9=0x9b504536b1897347,x10=0x9b504536b1897347,x11=0x3e8,x12=0x3,x13=0x706f6f6c5f657469,x14=0x7c0fa4e280,x15=0x0,x16=0x5f5c8f5a00,x17=0x7c0c1d9700,x18=0x7c0f35c000,x19=0x5f5c8f470c,x20=0x1,x21=0x1,x22=0x7fd3b20218,x23=0x7fd3b20220,x24=0x0,x25=0x0,x26=0x0,x27=0x0,x28=0x0,x29=0x7fd3b20190,lr=0x5f5c8f4734,sp=0x7fd3b20180,pc=0x7c0c1d9700]
[15012|15012] event_addr:0x7c0c1d9700 hit_count:1346, Regs:
[x0=0x1,x1=0x5f5c8f3598,x2=0x1,x3=0x7fd3b201e8,x4=0x0,x5=0x1414d4c,x6=0x1414d4c,x7=0x0,x8=0x9b504536b1897347,x9=0x9b504536b1897347,x10=0x9b504536b1897347,x11=0x3e8,x12=0x3,x13=0x706f6f6c5f657469,x14=0x7c0fa4e280,x15=0x0,x16=0x5f5c8f5a00,x17=0x7c0c1d9700,x18=0x7c0f35c000,x19=0x5f5c8f470c,x20=0x1,x21=0x1,x22=0x7fd3b20218,x23=0x7fd3b20220,x24=0x0,x25=0x0,x26=0x0,x27=0x0,x28=0x0,x29=0x7fd3b20190,lr=0x5f5c8f4734,sp=0x7fd3b20180,pc=0x7c0c1d9700]
[15012|15012] event_addr:0x7c0c1d9700 hit_count:1347, Regs:
[x0=0x1,x1=0x5f5c8f3598,x2=0x1,x3=0x7fd3b201e8,x4=0x0,x5=0x1414d4c,x6=0x1414d4c,x7=0x0,x8=0x9b504536b1897347,x9=0x9b504536b1897347,x10=0x9b504536b1897347,x11=0x3e8,x12=0x3,x13=0x706f6f6c5f657469,x14=0x7c0fa4e280,x15=0x0,x16=0x5f5c8f5a00,x17=0x7c0c1d9700,x18=0x7c0f35c000,x19=0x5f5c8f470c,x20=0x1,x21=0x1,x22=0x7fd3b20218,x23=0x7fd3b20220,x24=0x0,x25=0x0,x26=0x0,x27=0x0,x28=0x0,x29=0x7fd3b20190,lr=0x5f5c8f4734,sp=0x7fd3b20180,pc=0x7c0c1d9700]
[15012|15012] event_addr:0x7c0c1d9700 hit_count:1348, Regs:
[x0=0x1,x1=0x5f5c8f3598,x2=0x1,x3=0x7fd3b201e8,x4=0x0,x5=0x1414d4c,x6=0x1414d4c,x7=0x0,x8=0x9b504536b1897347,x9=0x9b504536b1897347,x10=0x9b504536b1897347,x11=0x3e8,x12=0x3,x13=0x706f6f6c5f657469,x14=0x7c0fa4e280,x15=0x0,x16=0x5f5c8f5a00,x17=0x7c0c1d9700,x18=0x7c0f35c000,x19=0x5f5c8f470c,x20=0x1,x21=0x1,x22=0x7fd3b20218,x23=0x7fd3b20220,x24=0x0,x25=0x0,x26=0x0,x27=0x0,x28=0x0,x29=0x7fd3b20190,lr=0x5f5c8f4734,sp=0x7fd3b20180,pc=0x7c0c1d9700]
[15012|15012] event_addr:0x7c0c1d9700 hit_count:1349, Regs:
[x0=0x1,x1=0x5f5c8f3598,x2=0x1,x3=0x7fd3b201e8,x4=0x0,x5=0x1414d4c,x6=0x1414d4c,x7=0x0,x8=0x9b504536b1897347,x9=0x9b504536b1897347,x10=0x9b504536b1897347,x11=0x3e8,x12=0x3,x13=0x706f6f6c5f657469,x14=0x7c0fa4e280,x15=0x0,x16=0x5f5c8f5a00,x17=0x7c0c1d9700,x18=0x7c0f35c000,x19=0x5f5c8f470c,x20=0x1,x21=0x1,x22=0x7fd3b20218,x23=0x7fd3b20220,x24=0x0,x25=0x0,x26=0x0,x27=0x0,x28=0x0,x29=0x7fd3b20190,lr=0x5f5c8f4734,sp=0x7fd3b20180,pc=0x7c0c1d9700]
[15012|15012] event_addr:0x7c0c1d9700 hit_count:1350, Regs:
[x0=0x1,x1=0x5f5c8f3598,x2=0x1,x3=0x7fd3b201e8,x4=0x0,x5=0x1414d4c,x6=0x1414d4c,x7=0x0,x8=0x9b504536b1897347,x9=0x9b504536b1897347,x10=0x9b504536b1897347,x11=0x3e8,x12=0x3,x13=0x706f6f6c5f657469,x14=0x7c0fa4e280,x15=0x0,x16=0x5f5c8f5a00,x17=0x7c0c1d9700,x18=0x7c0f35c000,x19=0x5f5c8f470c,x20=0x1,x21=0x1,x22=0x7fd3b20218,x23=0x7fd3b20220,x24=0x0,x25=0x0,x26=0x0,x27=0x0,x28=0x0,x29=0x7fd3b20190,lr=0x5f5c8f4734,sp=0x7fd3b20180,pc=0x7c0c1d9700]
[15012|15012] event_addr:0x7c0c1d9700 hit_count:1351, Regs:
[x0=0x1,x1=0x5f5c8f3598,x2=0x1,x3=0x7fd3b201e8,x4=0x0,x5=0x1414d4c,x6=0x1414d4c,x7=0x0,x8=0x9b504536b1897347,x9=0x9b504536b1897347,x10=0x9b504536b1897347,x11=0x3e8,x12=0x3,x13=0x706f6f6c5f657469,x14=0x7c0fa4e280,x15=0x0,x16=0x5f5c8f5a00,x17=0x7c0c1d9700,x18=0x7c0f35c000,x19=0x5f5c8f470c,x20=0x1,x21=0x1,x22=0x7fd3b20218,x23=0x7fd3b20220,x24=0x0,x25=0x0,x26=0x0,x27=0x0,x28=0x0,x29=0x7fd3b20190,lr=0x5f5c8f4734,sp=0x7fd3b20180,pc=0x7c0c1d9700]
[15012|15012] event_addr:0x7c0c1d9700 hit_count:1352, Regs:
[x0=0x1,x1=0x5f5c8f3598,x2=0x1,x3=0x7fd3b201e8,x4=0x0,x5=0x1414d4c,x6=0x1414d4c,x7=0x0,x8=0x9b504536b1897347,x9=0x9b504536b1897347,x10=0x9b504536b1897347,x11=0x3e8,x12=0x3,x13=0x706f6f6c5f657469,x14=0x7c0fa4e280,x15=0x0,x16=0x5f5c8f5a00,x17=0x7c0c1d9700,x18=0x7c0f35c000,x19=0x5f5c8f470c,x20=0x1,x21=0x1,x22=0x7fd3b20218,x23=0x7fd3b20220,x24=0x0,x25=0x0,x26=0x0,x27=0x0,x28=0x0,x29=0x7fd3b20190,lr=0x5f5c8f4734,sp=0x7fd3b20180,pc=0x7c0c1d9700]
[15012|15012] event_addr:0x7c0c1d9700 hit_count:1353, Regs:
[x0=0x1,x1=0x5f5c8f3598,x2=0x1,x3=0x7fd3b201e8,x4=0x0,x5=0x1414d4c,x6=0x1414d4c,x7=0x0,x8=0x9b504536b1897347,x9=0x9b504536b1897347,x10=0x9b504536b1897347,x11=0x3e8,x12=0x3,x13=0x706f6f6c5f657469,x14=0x7c0fa4e280,x15=0x0,x16=0x5f5c8f5a00,x17=0x7c0c1d9700,x18=0x7c0f35c000,x19=0x5f5c8f470c,x20=0x1,x21=0x1,x22=0x7fd3b20218,x23=0x7fd3b20220,x24=0x0,x25=0x0,x26=0x0,x27=0x0,x28=0x0,x29=0x7fd3b20190,lr=0x5f5c8f4734,sp=0x7fd3b20180,pc=0x7c0c1d9700]
[15012|15012] event_addr:0x7c0c1d9700 hit_count:1354, Regs:
[x0=0x1,x1=0x5f5c8f3598,x2=0x1,x3=0x7fd3b201e8,x4=0x0,x5=0x1414d4c,x6=0x1414d4c,x7=0x0,x8=0x9b504536b1897347,x9=0x9b504536b1897347,x10=0x9b504536b1897347,x11=0x3e8,x12=0x3,x13=0x706f6f6c5f657469,x14=0x7c0fa4e280,x15=0x0,x16=0x5f5c8f5a00,x17=0x7c0c1d9700,x18=0x7c0f35c000,x19=0x5f5c8f470c,x20=0x1,x21=0x1,x22=0x7fd3b20218,x23=0x7fd3b20220,x24=0x0,x25=0x0,x26=0x0,x27=0x0,x28=0x0,x29=0x7fd3b20190,lr=0x5f5c8f4734,sp=0x7fd3b20180,pc=0x7c0c1d9700]
[15012|15012] event_addr:0x7c0c1d9700 hit_count:1355, Regs:
[x0=0x1,x1=0x5f5c8f3598,x2=0x1,x3=0x7fd3b201e8,x4=0x0,x5=0x1414d4c,x6=0x1414d4c,x7=0x0,x8=0x9b504536b1897347,x9=0x9b504536b1897347,x10=0x9b504536b1897347,x11=0x3e8,x12=0x3,x13=0x706f6f6c5f657469,x14=0x7c0fa4e280,x15=0x0,x16=0x5f5c8f5a00,x17=0x7c0c1d9700,x18=0x7c0f35c000,x19=0x5f5c8f470c,x20=0x1,x21=0x1,x22=0x7fd3b20218,x23=0x7fd3b20220,x24=0x0,x25=0x0,x26=0x0,x27=0x0,x28=0x0,x29=0x7fd3b20190,lr=0x5f5c8f4734,sp=0x7fd3b20180,pc=0x7c0c1d9700]
[15012|15012] event_addr:0x7c0c1d9700 hit_count:1356, Regs:
[x0=0x1,x1=0x5f5c8f3598,x2=0x1,x3=0x7fd3b201e8,x4=0x0,x5=0x1414d4c,x6=0x1414d4c,x7=0x0,x8=0x9b504536b1897347,x9=0x9b504536b1897347,x10=0x9b504536b1897347,x11=0x3e8,x12=0x3,x13=0x706f6f6c5f657469,x14=0x7c0fa4e280,x15=0x0,x16=0x5f5c8f5a00,x17=0x7c0c1d9700,x18=0x7c0f35c000,x19=0x5f5c8f470c,x20=0x1,x21=0x1,x22=0x7fd3b20218,x23=0x7fd3b20220,x24=0x0,x25=0x0,x26=0x0,x27=0x0,x28=0x0,x29=0x7fd3b20190,lr=0x5f5c8f4734,sp=0x7fd3b20180,pc=0x7c0c1d9700]
[15012|15012] event_addr:0x7c0c1d9700 hit_count:1357, Regs:
[x0=0x1,x1=0x5f5c8f3598,x2=0x1,x3=0x7fd3b201e8,x4=0x0,x5=0x1414d4c,x6=0x1414d4c,x7=0x0,x8=0x9b504536b1897347,x9=0x9b504536b1897347,x10=0x9b504536b1897347,x11=0x3e8,x12=0x3,x13=0x706f6f6c5f657469,x14=0x7c0fa4e280,x15=0x0,x16=0x5f5c8f5a00,x17=0x7c0c1d9700,x18=0x7c0f35c000,x19=0x5f5c8f470c,x20=0x1,x21=0x1,x22=0x7fd3b20218,x23=0x7fd3b20220,x24=0x0,x25=0x0,x26=0x0,x27=0x0,x28=0x0,x29=0x7fd3b20190,lr=0x5f5c8f4734,sp=0x7fd3b20180,pc=0x7c0c1d9700]
[15012|15012] event_addr:0x7c0c1d9700 hit_count:1358, Regs:
[x0=0x1,x1=0x5f5c8f3598,x2=0x1,x3=0x7fd3b201e8,x4=0x0,x5=0x1414d4c,x6=0x1414d4c,x7=0x0,x8=0x9b504536b1897347,x9=0x9b504536b1897347,x10=0x9b504536b1897347,x11=0x3e8,x12=0x3,x13=0x706f6f6c5f657469,x14=0x7c0fa4e280,x15=0x0,x16=0x5f5c8f5a00,x17=0x7c0c1d9700,x18=0x7c0f35c000,x19=0x5f5c8f470c,x20=0x1,x21=0x1,x22=0x7fd3b20218,x23=0x7fd3b20220,x24=0x0,x25=0x0,x26=0x0,x27=0x0,x28=0x0,x29=0x7fd3b20190,lr=0x5f5c8f4734,sp=0x7fd3b20180,pc=0x7c0c1d9700]
[15012|15012] event_addr:0x7c0c1d9700 hit_count:1359, Regs:
[x0=0x1,x1=0x5f5c8f3598,x2=0x1,x3=0x7fd3b201e8,x4=0x0,x5=0x1414d4c,x6=0x1414d4c,x7=0x0,x8=0x9b504536b1897347,x9=0x9b504536b1897347,x10=0x9b504536b1897347,x11=0x3e8,x12=0x3,x13=0x706f6f6c5f657469,x14=0x7c0fa4e280,x15=0x0,x16=0x5f5c8f5a00,x17=0x7c0c1d9700,x18=0x7c0f35c000,x19=0x5f5c8f470c,x20=0x1,x21=0x1,x22=0x7fd3b20218,x23=0x7fd3b20220,x24=0x0,x25=0x0,x26=0x0,x27=0x0,x28=0x0,x29=0x7fd3b20190,lr=0x5f5c8f4734,sp=0x7fd3b20180,pc=0x7c0c1d9700]
[15012|15012] event_addr:0x7c0c1d9700 hit_count:1360, Regs:
[x0=0x1,x1=0x5f5c8f3598,x2=0x1,x3=0x7fd3b201e8,x4=0x0,x5=0x1414d4c,x6=0x1414d4c,x7=0x0,x8=0x9b504536b1897347,x9=0x9b504536b1897347,x10=0x9b504536b1897347,x11=0x3e8,x12=0x3,x13=0x706f6f6c5f657469,x14=0x7c0fa4e280,x15=0x0,x16=0x5f5c8f5a00,x17=0x7c0c1d9700,x18=0x7c0f35c000,x19=0x5f5c8f470c,x20=0x1,x21=0x1,x22=0x7fd3b20218,x23=0x7fd3b20220,x24=0x0,x25=0x0,x26=0x0,x27=0x0,x28=0x0,x29=0x7fd3b20190,lr=0x5f5c8f4734,sp=0x7fd3b20180,pc=0x7c0c1d9700]
[15012|15012] event_addr:0x7c0c1d9700 hit_count:1361, Regs:
[x0=0x1,x1=0x5f5c8f3598,x2=0x1,x3=0x7fd3b201e8,x4=0x0,x5=0x1414d4c,x6=0x1414d4c,x7=0x0,x8=0x9b504536b1897347,x9=0x9b504536b1897347,x10=0x9b504536b1897347,x11=0x3e8,x12=0x3,x13=0x706f6f6c5f657469,x14=0x7c0fa4e280,x15=0x0,x16=0x5f5c8f5a00,x17=0x7c0c1d9700,x18=0x7c0f35c000,x19=0x5f5c8f470c,x20=0x1,x21=0x1,x22=0x7fd3b20218,x23=0x7fd3b20220,x24=0x0,x25=0x0,x26=0x0,x27=0x0,x28=0x0,x29=0x7fd3b20190,lr=0x5f5c8f4734,sp=0x7fd3b20180,pc=0x7c0c1d9700]
[15012|15012] event_addr:0x7c0c1d9700 hit_count:1362, Regs:
[x0=0x1,x1=0x5f5c8f3598,x2=0x1,x3=0x7fd3b201e8,x4=0x0,x5=0x1414d4c,x6=0x1414d4c,x7=0x0,x8=0x9b504536b1897347,x9=0x9b504536b1897347,x10=0x9b504536b1897347,x11=0x3e8,x12=0x3,x13=0x706f6f6c5f657469,x14=0x7c0fa4e280,x15=0x0,x16=0x5f5c8f5a00,x17=0x7c0c1d9700,x18=0x7c0f35c000,x19=0x5f5c8f470c,x20=0x1,x21=0x1,x22=0x7fd3b20218,x23=0x7fd3b20220,x24=0x0,x25=0x0,x26=0x0,x27=0x0,x28=0x0,x29=0x7fd3b20190,lr=0x5f5c8f4734,sp=0x7fd3b20180,pc=0x7c0c1d9700]
[15012|15012] event_addr:0x7c0c1d9700 hit_count:1363, Regs:
[x0=0x1,x1=0x5f5c8f3598,x2=0x1,x3=0x7fd3b201e8,x4=0x0,x5=0x1414d4c,x6=0x1414d4c,x7=0x0,x8=0x9b504536b1897347,x9=0x9b504536b1897347,x10=0x9b504536b1897347,x11=0x3e8,x12=0x3,x13=0x706f6f6c5f657469,x14=0x7c0fa4e280,x15=0x0,x16=0x5f5c8f5a00,x17=0x7c0c1d9700,x18=0x7c0f35c000,x19=0x5f5c8f470c,x20=0x1,x21=0x1,x22=0x7fd3b20218,x23=0x7fd3b20220,x24=0x0,x25=0x0,x26=0x0,x27=0x0,x28=0x0,x29=0x7fd3b20190,lr=0x5f5c8f4734,sp=0x7fd3b20180,pc=0x7c0c1d9700]
[15012|15012] event_addr:0x7c0c1d9700 hit_count:1364, Regs:
[x0=0x1,x1=0x5f5c8f3598,x2=0x1,x3=0x7fd3b201e8,x4=0x0,x5=0x1414d4c,x6=0x1414d4c,x7=0x0,x8=0x9b504536b1897347,x9=0x9b504536b1897347,x10=0x9b504536b1897347,x11=0x3e8,x12=0x3,x13=0x706f6f6c5f657469,x14=0x7c0fa4e280,x15=0x0,x16=0x5f5c8f5a00,x17=0x7c0c1d9700,x18=0x7c0f35c000,x19=0x5f5c8f470c,x20=0x1,x21=0x1,x22=0x7fd3b20218,x23=0x7fd3b20220,x24=0x0,x25=0x0,x26=0x0,x27=0x0,x28=0x0,x29=0x7fd3b20190,lr=0x5f5c8f4734,sp=0x7fd3b20180,pc=0x7c0c1d9700]
[15012|15012] event_addr:0x7c0c1d9700 hit_count:1365, Regs:
[x0=0x1,x1=0x5f5c8f3598,x2=0x1,x3=0x7fd3b201e8,x4=0x0,x5=0x1414d4c,x6=0x1414d4c,x7=0x0,x8=0x9b504536b1897347,x9=0x9b504536b1897347,x10=0x9b504536b1897347,x11=0x3e8,x12=0x3,x13=0x706f6f6c5f657469,x14=0x7c0fa4e280,x15=0x0,x16=0x5f5c8f5a00,x17=0x7c0c1d9700,x18=0x7c0f35c000,x19=0x5f5c8f470c,x20=0x1,x21=0x1,x22=0x7fd3b20218,x23=0x7fd3b20220,x24=0x0,x25=0x0,x26=0x0,x27=0x0,x28=0x0,x29=0x7fd3b20190,lr=0x5f5c8f4734,sp=0x7fd3b20180,pc=0x7c0c1d9700]
[15012|15012] event_addr:0x7c0c1d9700 hit_count:1366, Regs:
[x0=0x1,x1=0x5f5c8f3598,x2=0x1,x3=0x7fd3b201e8,x4=0x0,x5=0x1414d4c,x6=0x1414d4c,x7=0x0,x8=0x9b504536b1897347,x9=0x9b504536b1897347,x10=0x9b504536b1897347,x11=0x3e8,x12=0x3,x13=0x706f6f6c5f657469,x14=0x7c0fa4e280,x15=0x0,x16=0x5f5c8f5a00,x17=0x7c0c1d9700,x18=0x7c0f35c000,x19=0x5f5c8f470c,x20=0x1,x21=0x1,x22=0x7fd3b20218,x23=0x7fd3b20220,x24=0x0,x25=0x0,x26=0x0,x27=0x0,x28=0x0,x29=0x7fd3b20190,lr=0x5f5c8f4734,sp=0x7fd3b20180,pc=0x7c0c1d9700]
[15012|15012] event_addr:0x7c0c1d9700 hit_count:1367, Regs:
[x0=0x1,x1=0x5f5c8f3598,x2=0x1,x3=0x7fd3b201e8,x4=0x0,x5=0x1414d4c,x6=0x1414d4c,x7=0x0,x8=0x9b504536b1897347,x9=0x9b504536b1897347,x10=0x9b504536b1897347,x11=0x3e8,x12=0x3,x13=0x706f6f6c5f657469,x14=0x7c0fa4e280,x15=0x0,x16=0x5f5c8f5a00,x17=0x7c0c1d9700,x18=0x7c0f35c000,x19=0x5f5c8f470c,x20=0x1,x21=0x1,x22=0x7fd3b20218,x23=0x7fd3b20220,x24=0x0,x25=0x0,x26=0x0,x27=0x0,x28=0x0,x29=0x7fd3b20190,lr=0x5f5c8f4734,sp=0x7fd3b20180,pc=0x7c0c1d9700]
[15012|15012] event_addr:0x7c0c1d9700 hit_count:1368, Regs:
[x0=0x1,x1=0x5f5c8f3598,x2=0x1,x3=0x7fd3b201e8,x4=0x0,x5=0x1414d4c,x6=0x1414d4c,x7=0x0,x8=0x9b504536b1897347,x9=0x9b504536b1897347,x10=0x9b504536b1897347,x11=0x3e8,x12=0x3,x13=0x706f6f6c5f657469,x14=0x7c0fa4e280,x15=0x0,x16=0x5f5c8f5a00,x17=0x7c0c1d9700,x18=0x7c0f35c000,x19=0x5f5c8f470c,x20=0x1,x21=0x1,x22=0x7fd3b20218,x23=0x7fd3b20220,x24=0x0,x25=0x0,x26=0x0,x27=0x0,x28=0x0,x29=0x7fd3b20190,lr=0x5f5c8f4734,sp=0x7fd3b20180,pc=0x7c0c1d9700]
[15012|15012] event_addr:0x7c0c1d9700 hit_count:1369, Regs:
[x0=0x1,x1=0x5f5c8f3598,x2=0x1,x3=0x7fd3b201e8,x4=0x0,x5=0x1414d4c,x6=0x1414d4c,x7=0x0,x8=0x9b504536b1897347,x9=0x9b504536b1897347,x10=0x9b504536b1897347,x11=0x3e8,x12=0x3,x13=0x706f6f6c5f657469,x14=0x7c0fa4e280,x15=0x0,x16=0x5f5c8f5a00,x17=0x7c0c1d9700,x18=0x7c0f35c000,x19=0x5f5c8f470c,x20=0x1,x21=0x1,x22=0x7fd3b20218,x23=0x7fd3b20220,x24=0x0,x25=0x0,x26=0x0,x27=0x0,x28=0x0,x29=0x7fd3b20190,lr=0x5f5c8f4734,sp=0x7fd3b20180,pc=0x7c0c1d9700]
[15012|15012] event_addr:0x7c0c1d9700 hit_count:1370, Regs:
[x0=0x1,x1=0x5f5c8f3598,x2=0x1,x3=0x7fd3b201e8,x4=0x0,x5=0x1414d4c,x6=0x1414d4c,x7=0x0,x8=0x9b504536b1897347,x9=0x9b504536b1897347,x10=0x9b504536b1897347,x11=0x3e8,x12=0x3,x13=0x706f6f6c5f657469,x14=0x7c0fa4e280,x15=0x0,x16=0x5f5c8f5a00,x17=0x7c0c1d9700,x18=0x7c0f35c000,x19=0x5f5c8f470c,x20=0x1,x21=0x1,x22=0x7fd3b20218,x23=0x7fd3b20220,x24=0x0,x25=0x0,x26=0x0,x27=0x0,x28=0x0,x29=0x7fd3b20190,lr=0x5f5c8f4734,sp=0x7fd3b20180,pc=0x7c0c1d9700]
[15012|15012] event_addr:0x7c0c1d9700 hit_count:1371, Regs:
[x0=0x1,x1=0x5f5c8f3598,x2=0x1,x3=0x7fd3b201e8,x4=0x0,x5=0x1414d4c,x6=0x1414d4c,x7=0x0,x8=0x9b504536b1897347,x9=0x9b504536b1897347,x10=0x9b504536b1897347,x11=0x3e8,x12=0x3,x13=0x706f6f6c5f657469,x14=0x7c0fa4e280,x15=0x0,x16=0x5f5c8f5a00,x17=0x7c0c1d9700,x18=0x7c0f35c000,x19=0x5f5c8f470c,x20=0x1,x21=0x1,x22=0x7fd3b20218,x23=0x7fd3b20220,x24=0x0,x25=0x0,x26=0x0,x27=0x0,x28=0x0,x29=0x7fd3b20190,lr=0x5f5c8f4734,sp=0x7fd3b20180,pc=0x7c0c1d9700]
[15012|15012] event_addr:0x7c0c1d9700 hit_count:1372, Regs:
[x0=0x1,x1=0x5f5c8f3598,x2=0x1,x3=0x7fd3b201e8,x4=0x0,x5=0x1414d4c,x6=0x1414d4c,x7=0x0,x8=0x9b504536b1897347,x9=0x9b504536b1897347,x10=0x9b504536b1897347,x11=0x3e8,x12=0x3,x13=0x706f6f6c5f657469,x14=0x7c0fa4e280,x15=0x0,x16=0x5f5c8f5a00,x17=0x7c0c1d9700,x18=0x7c0f35c000,x19=0x5f5c8f470c,x20=0x1,x21=0x1,x22=0x7fd3b20218,x23=0x7fd3b20220,x24=0x0,x25=0x0,x26=0x0,x27=0x0,x28=0x0,x29=0x7fd3b20190,lr=0x5f5c8f4734,sp=0x7fd3b20180,pc=0x7c0c1d9700]
[15012|15012] event_addr:0x7c0c1d9700 hit_count:1373, Regs:
[x0=0x1,x1=0x5f5c8f3598,x2=0x1,x3=0x7fd3b201e8,x4=0x0,x5=0x1414d4c,x6=0x1414d4c,x7=0x0,x8=0x9b504536b1897347,x9=0x9b504536b1897347,x10=0x9b504536b1897347,x11=0x3e8,x12=0x3,x13=0x706f6f6c5f657469,x14=0x7c0fa4e280,x15=0x0,x16=0x5f5c8f5a00,x17=0x7c0c1d9700,x18=0x7c0f35c000,x19=0x5f5c8f470c,x20=0x1,x21=0x1,x22=0x7fd3b20218,x23=0x7fd3b20220,x24=0x0,x25=0x0,x26=0x0,x27=0x0,x28=0x0,x29=0x7fd3b20190,lr=0x5f5c8f4734,sp=0x7fd3b20180,pc=0x7c0c1d9700]
[15012|15012] event_addr:0x7c0c1d9700 hit_count:1374, Regs:
[x0=0x1,x1=0x5f5c8f3598,x2=0x1,x3=0x7fd3b201e8,x4=0x0,x5=0x1414d4c,x6=0x1414d4c,x7=0x0,x8=0x9b504536b1897347,x9=0x9b504536b1897347,x10=0x9b504536b1897347,x11=0x3e8,x12=0x3,x13=0x706f6f6c5f657469,x14=0x7c0fa4e280,x15=0x0,x16=0x5f5c8f5a00,x17=0x7c0c1d9700,x18=0x7c0f35c000,x19=0x5f5c8f470c,x20=0x1,x21=0x1,x22=0x7fd3b20218,x23=0x7fd3b20220,x24=0x0,x25=0x0,x26=0x0,x27=0x0,x28=0x0,x29=0x7fd3b20190,lr=0x5f5c8f4734,sp=0x7fd3b20180,pc=0x7c0c1d9700]
[15012|15012] event_addr:0x7c0c1d9700 hit_count:1375, Regs:
[x0=0x1,x1=0x5f5c8f3598,x2=0x1,x3=0x7fd3b201e8,x4=0x0,x5=0x1414d4c,x6=0x1414d4c,x7=0x0,x8=0x9b504536b1897347,x9=0x9b504536b1897347,x10=0x9b504536b1897347,x11=0x3e8,x12=0x3,x13=0x706f6f6c5f657469,x14=0x7c0fa4e280,x15=0x0,x16=0x5f5c8f5a00,x17=0x7c0c1d9700,x18=0x7c0f35c000,x19=0x5f5c8f470c,x20=0x1,x21=0x1,x22=0x7fd3b20218,x23=0x7fd3b20220,x24=0x0,x25=0x0,x26=0x0,x27=0x0,x28=0x0,x29=0x7fd3b20190,lr=0x5f5c8f4734,sp=0x7fd3b20180,pc=0x7c0c1d9700]
[15012|15012] event_addr:0x7c0c1d9700 hit_count:1376, Regs:
[x0=0x1,x1=0x5f5c8f3598,x2=0x1,x3=0x7fd3b201e8,x4=0x0,x5=0x1414d4c,x6=0x1414d4c,x7=0x0,x8=0x9b504536b1897347,x9=0x9b504536b1897347,x10=0x9b504536b1897347,x11=0x3e8,x12=0x3,x13=0x706f6f6c5f657469,x14=0x7c0fa4e280,x15=0x0,x16=0x5f5c8f5a00,x17=0x7c0c1d9700,x18=0x7c0f35c000,x19=0x5f5c8f470c,x20=0x1,x21=0x1,x22=0x7fd3b20218,x23=0x7fd3b20220,x24=0x0,x25=0x0,x26=0x0,x27=0x0,x28=0x0,x29=0x7fd3b20190,lr=0x5f5c8f4734,sp=0x7fd3b20180,pc=0x7c0c1d9700]
[15012|15012] event_addr:0x7c0c1d9700 hit_count:1377, Regs:
[x0=0x1,x1=0x5f5c8f3598,x2=0x1,x3=0x7fd3b201e8,x4=0x0,x5=0x1414d4c,x6=0x1414d4c,x7=0x0,x8=0x9b504536b1897347,x9=0x9b504536b1897347,x10=0x9b504536b1897347,x11=0x3e8,x12=0x3,x13=0x706f6f6c5f657469,x14=0x7c0fa4e280,x15=0x0,x16=0x5f5c8f5a00,x17=0x7c0c1d9700,x18=0x7c0f35c000,x19=0x5f5c8f470c,x20=0x1,x21=0x1,x22=0x7fd3b20218,x23=0x7fd3b20220,x24=0x0,x25=0x0,x26=0x0,x27=0x0,x28=0x0,x29=0x7fd3b20190,lr=0x5f5c8f4734,sp=0x7fd3b20180,pc=0x7c0c1d9700]
[15012|15012] event_addr:0x7c0c1d9700 hit_count:1378, Regs:
[x0=0x1,x1=0x5f5c8f3598,x2=0x1,x3=0x7fd3b201e8,x4=0x0,x5=0x1414d4c,x6=0x1414d4c,x7=0x0,x8=0x9b504536b1897347,x9=0x9b504536b1897347,x10=0x9b504536b1897347,x11=0x3e8,x12=0x3,x13=0x706f6f6c5f657469,x14=0x7c0fa4e280,x15=0x0,x16=0x5f5c8f5a00,x17=0x7c0c1d9700,x18=0x7c0f35c000,x19=0x5f5c8f470c,x20=0x1,x21=0x1,x22=0x7fd3b20218,x23=0x7fd3b20220,x24=0x0,x25=0x0,x26=0x0,x27=0x0,x28=0x0,x29=0x7fd3b20190,lr=0x5f5c8f4734,sp=0x7fd3b20180,pc=0x7c0c1d9700]
[15012|15012] event_addr:0x7c0c1d9700 hit_count:1379, Regs:
[x0=0x1,x1=0x5f5c8f3598,x2=0x1,x3=0x7fd3b201e8,x4=0x0,x5=0x1414d4c,x6=0x1414d4c,x7=0x0,x8=0x9b504536b1897347,x9=0x9b504536b1897347,x10=0x9b504536b1897347,x11=0x3e8,x12=0x3,x13=0x706f6f6c5f657469,x14=0x7c0fa4e280,x15=0x0,x16=0x5f5c8f5a00,x17=0x7c0c1d9700,x18=0x7c0f35c000,x19=0x5f5c8f470c,x20=0x1,x21=0x1,x22=0x7fd3b20218,x23=0x7fd3b20220,x24=0x0,x25=0x0,x26=0x0,x27=0x0,x28=0x0,x29=0x7fd3b20190,lr=0x5f5c8f4734,sp=0x7fd3b20180,pc=0x7c0c1d9700]
[15012|15012] event_addr:0x7c0c1d9700 hit_count:1380, Regs:
[x0=0x1,x1=0x5f5c8f3598,x2=0x1,x3=0x7fd3b201e8,x4=0x0,x5=0x1414d4c,x6=0x1414d4c,x7=0x0,x8=0x9b504536b1897347,x9=0x9b504536b1897347,x10=0x9b504536b1897347,x11=0x3e8,x12=0x3,x13=0x706f6f6c5f657469,x14=0x7c0fa4e280,x15=0x0,x16=0x5f5c8f5a00,x17=0x7c0c1d9700,x18=0x7c0f35c000,x19=0x5f5c8f470c,x20=0x1,x21=0x1,x22=0x7fd3b20218,x23=0x7fd3b20220,x24=0x0,x25=0x0,x26=0x0,x27=0x0,x28=0x0,x29=0x7fd3b20190,lr=0x5f5c8f4734,sp=0x7fd3b20180,pc=0x7c0c1d9700]
[15012|15012] event_addr:0x7c0c1d9700 hit_count:1381, Regs:
[x0=0x1,x1=0x5f5c8f3598,x2=0x1,x3=0x7fd3b201e8,x4=0x0,x5=0x1414d4c,x6=0x1414d4c,x7=0x0,x8=0x9b504536b1897347,x9=0x9b504536b1897347,x10=0x9b504536b1897347,x11=0x3e8,x12=0x3,x13=0x706f6f6c5f657469,x14=0x7c0fa4e280,x15=0x0,x16=0x5f5c8f5a00,x17=0x7c0c1d9700,x18=0x7c0f35c000,x19=0x5f5c8f470c,x20=0x1,x21=0x1,x22=0x7fd3b20218,x23=0x7fd3b20220,x24=0x0,x25=0x0,x26=0x0,x27=0x0,x28=0x0,x29=0x7fd3b20190,lr=0x5f5c8f4734,sp=0x7fd3b20180,pc=0x7c0c1d9700]
[15012|15012] event_addr:0x7c0c1d9700 hit_count:1382, Regs:
[x0=0x1,x1=0x5f5c8f3598,x2=0x1,x3=0x7fd3b201e8,x4=0x0,x5=0x1414d4c,x6=0x1414d4c,x7=0x0,x8=0x9b504536b1897347,x9=0x9b504536b1897347,x10=0x9b504536b1897347,x11=0x3e8,x12=0x3,x13=0x706f6f6c5f657469,x14=0x7c0fa4e280,x15=0x0,x16=0x5f5c8f5a00,x17=0x7c0c1d9700,x18=0x7c0f35c000,x19=0x5f5c8f470c,x20=0x1,x21=0x1,x22=0x7fd3b20218,x23=0x7fd3b20220,x24=0x0,x25=0x0,x26=0x0,x27=0x0,x28=0x0,x29=0x7fd3b20190,lr=0x5f5c8f4734,sp=0x7fd3b20180,pc=0x7c0c1d9700]
[15012|15012] event_addr:0x7c0c1d9700 hit_count:1383, Regs:
[x0=0x1,x1=0x5f5c8f3598,x2=0x1,x3=0x7fd3b201e8,x4=0x0,x5=0x1414d4c,x6=0x1414d4c,x7=0x0,x8=0x9b504536b1897347,x9=0x9b504536b1897347,x10=0x9b504536b1897347,x11=0x3e8,x12=0x3,x13=0x706f6f6c5f657469,x14=0x7c0fa4e280,x15=0x0,x16=0x5f5c8f5a00,x17=0x7c0c1d9700,x18=0x7c0f35c000,x19=0x5f5c8f470c,x20=0x1,x21=0x1,x22=0x7fd3b20218,x23=0x7fd3b20220,x24=0x0,x25=0x0,x26=0x0,x27=0x0,x28=0x0,x29=0x7fd3b20190,lr=0x5f5c8f4734,sp=0x7fd3b20180,pc=0x7c0c1d9700]
[15012|15012] event_addr:0x7c0c1d9700 hit_count:1384, Regs:
[x0=0x1,x1=0x5f5c8f3598,x2=0x1,x3=0x7fd3b201e8,x4=0x0,x5=0x1414d4c,x6=0x1414d4c,x7=0x0,x8=0x9b504536b1897347,x9=0x9b504536b1897347,x10=0x9b504536b1897347,x11=0x3e8,x12=0x3,x13=0x706f6f6c5f657469,x14=0x7c0fa4e280,x15=0x0,x16=0x5f5c8f5a00,x17=0x7c0c1d9700,x18=0x7c0f35c000,x19=0x5f5c8f470c,x20=0x1,x21=0x1,x22=0x7fd3b20218,x23=0x7fd3b20220,x24=0x0,x25=0x0,x26=0x0,x27=0x0,x28=0x0,x29=0x7fd3b20190,lr=0x5f5c8f4734,sp=0x7fd3b20180,pc=0x7c0c1d9700]
[15012|15012] event_addr:0x7c0c1d9700 hit_count:1385, Regs:
[x0=0x1,x1=0x5f5c8f3598,x2=0x1,x3=0x7fd3b201e8,x4=0x0,x5=0x1414d4c,x6=0x1414d4c,x7=0x0,x8=0x9b504536b1897347,x9=0x9b504536b1897347,x10=0x9b504536b1897347,x11=0x3e8,x12=0x3,x13=0x706f6f6c5f657469,x14=0x7c0fa4e280,x15=0x0,x16=0x5f5c8f5a00,x17=0x7c0c1d9700,x18=0x7c0f35c000,x19=0x5f5c8f470c,x20=0x1,x21=0x1,x22=0x7fd3b20218,x23=0x7fd3b20220,x24=0x0,x25=0x0,x26=0x0,x27=0x0,x28=0x0,x29=0x7fd3b20190,lr=0x5f5c8f4734,sp=0x7fd3b20180,pc=0x7c0c1d9700]
[15012|15012] event_addr:0x7c0c1d9700 hit_count:1386, Regs:
[x0=0x1,x1=0x5f5c8f3598,x2=0x1,x3=0x7fd3b201e8,x4=0x0,x5=0x1414d4c,x6=0x1414d4c,x7=0x0,x8=0x9b504536b1897347,x9=0x9b504536b1897347,x10=0x9b504536b1897347,x11=0x3e8,x12=0x3,x13=0x706f6f6c5f657469,x14=0x7c0fa4e280,x15=0x0,x16=0x5f5c8f5a00,x17=0x7c0c1d9700,x18=0x7c0f35c000,x19=0x5f5c8f470c,x20=0x1,x21=0x1,x22=0x7fd3b20218,x23=0x7fd3b20220,x24=0x0,x25=0x0,x26=0x0,x27=0x0,x28=0x0,x29=0x7fd3b20190,lr=0x5f5c8f4734,sp=0x7fd3b20180,pc=0x7c0c1d9700]
[15012|15012] event_addr:0x7c0c1d9700 hit_count:1387, Regs:
[x0=0x1,x1=0x5f5c8f3598,x2=0x1,x3=0x7fd3b201e8,x4=0x0,x5=0x1414d4c,x6=0x1414d4c,x7=0x0,x8=0x9b504536b1897347,x9=0x9b504536b1897347,x10=0x9b504536b1897347,x11=0x3e8,x12=0x3,x13=0x706f6f6c5f657469,x14=0x7c0fa4e280,x15=0x0,x16=0x5f5c8f5a00,x17=0x7c0c1d9700,x18=0x7c0f35c000,x19=0x5f5c8f470c,x20=0x1,x21=0x1,x22=0x7fd3b20218,x23=0x7fd3b20220,x24=0x0,x25=0x0,x26=0x0,x27=0x0,x28=0x0,x29=0x7fd3b20190,lr=0x5f5c8f4734,sp=0x7fd3b20180,pc=0x7c0c1d9700]
[15012|15012] event_addr:0x7c0c1d9700 hit_count:1388, Regs:
[x0=0x1,x1=0x5f5c8f3598,x2=0x1,x3=0x7fd3b201e8,x4=0x0,x5=0x1414d4c,x6=0x1414d4c,x7=0x0,x8=0x9b504536b1897347,x9=0x9b504536b1897347,x10=0x9b504536b1897347,x11=0x3e8,x12=0x3,x13=0x706f6f6c5f657469,x14=0x7c0fa4e280,x15=0x0,x16=0x5f5c8f5a00,x17=0x7c0c1d9700,x18=0x7c0f35c000,x19=0x5f5c8f470c,x20=0x1,x21=0x1,x22=0x7fd3b20218,x23=0x7fd3b20220,x24=0x0,x25=0x0,x26=0x0,x27=0x0,x28=0x0,x29=0x7fd3b20190,lr=0x5f5c8f4734,sp=0x7fd3b20180,pc=0x7c0c1d9700]
[15012|15012] event_addr:0x7c0c1d9700 hit_count:1389, Regs:
[x0=0x1,x1=0x5f5c8f3598,x2=0x1,x3=0x7fd3b201e8,x4=0x0,x5=0x1414d4c,x6=0x1414d4c,x7=0x0,x8=0x9b504536b1897347,x9=0x9b504536b1897347,x10=0x9b504536b1897347,x11=0x3e8,x12=0x3,x13=0x706f6f6c5f657469,x14=0x7c0fa4e280,x15=0x0,x16=0x5f5c8f5a00,x17=0x7c0c1d9700,x18=0x7c0f35c000,x19=0x5f5c8f470c,x20=0x1,x21=0x1,x22=0x7fd3b20218,x23=0x7fd3b20220,x24=0x0,x25=0x0,x26=0x0,x27=0x0,x28=0x0,x29=0x7fd3b20190,lr=0x5f5c8f4734,sp=0x7fd3b20180,pc=0x7c0c1d9700]
[15012|15012] event_addr:0x7c0c1d9700 hit_count:1390, Regs:
[x0=0x1,x1=0x5f5c8f3598,x2=0x1,x3=0x7fd3b201e8,x4=0x0,x5=0x1414d4c,x6=0x1414d4c,x7=0x0,x8=0x9b504536b1897347,x9=0x9b504536b1897347,x10=0x9b504536b1897347,x11=0x3e8,x12=0x3,x13=0x706f6f6c5f657469,x14=0x7c0fa4e280,x15=0x0,x16=0x5f5c8f5a00,x17=0x7c0c1d9700,x18=0x7c0f35c000,x19=0x5f5c8f470c,x20=0x1,x21=0x1,x22=0x7fd3b20218,x23=0x7fd3b20220,x24=0x0,x25=0x0,x26=0x0,x27=0x0,x28=0x0,x29=0x7fd3b20190,lr=0x5f5c8f4734,sp=0x7fd3b20180,pc=0x7c0c1d9700]
[15012|15012] event_addr:0x7c0c1d9700 hit_count:1391, Regs:
[x0=0x1,x1=0x5f5c8f3598,x2=0x1,x3=0x7fd3b201e8,x4=0x0,x5=0x1414d4c,x6=0x1414d4c,x7=0x0,x8=0x9b504536b1897347,x9=0x9b504536b1897347,x10=0x9b504536b1897347,x11=0x3e8,x12=0x3,x13=0x706f6f6c5f657469,x14=0x7c0fa4e280,x15=0x0,x16=0x5f5c8f5a00,x17=0x7c0c1d9700,x18=0x7c0f35c000,x19=0x5f5c8f470c,x20=0x1,x21=0x1,x22=0x7fd3b20218,x23=0x7fd3b20220,x24=0x0,x25=0x0,x26=0x0,x27=0x0,x28=0x0,x29=0x7fd3b20190,lr=0x5f5c8f4734,sp=0x7fd3b20180,pc=0x7c0c1d9700]
[15012|15012] event_addr:0x7c0c1d9700 hit_count:1392, Regs:
[x0=0x1,x1=0x5f5c8f3598,x2=0x1,x3=0x7fd3b201e8,x4=0x0,x5=0x1414d4c,x6=0x1414d4c,x7=0x0,x8=0x9b504536b1897347,x9=0x9b504536b1897347,x10=0x9b504536b1897347,x11=0x3e8,x12=0x3,x13=0x706f6f6c5f657469,x14=0x7c0fa4e280,x15=0x0,x16=0x5f5c8f5a00,x17=0x7c0c1d9700,x18=0x7c0f35c000,x19=0x5f5c8f470c,x20=0x1,x21=0x1,x22=0x7fd3b20218,x23=0x7fd3b20220,x24=0x0,x25=0x0,x26=0x0,x27=0x0,x28=0x0,x29=0x7fd3b20190,lr=0x5f5c8f4734,sp=0x7fd3b20180,pc=0x7c0c1d9700]
[15012|15012] event_addr:0x7c0c1d9700 hit_count:1393, Regs:
[x0=0x1,x1=0x5f5c8f3598,x2=0x1,x3=0x7fd3b201e8,x4=0x0,x5=0x1414d4c,x6=0x1414d4c,x7=0x0,x8=0x9b504536b1897347,x9=0x9b504536b1897347,x10=0x9b504536b1897347,x11=0x3e8,x12=0x3,x13=0x706f6f6c5f657469,x14=0x7c0fa4e280,x15=0x0,x16=0x5f5c8f5a00,x17=0x7c0c1d9700,x18=0x7c0f35c000,x19=0x5f5c8f470c,x20=0x1,x21=0x1,x22=0x7fd3b20218,x23=0x7fd3b20220,x24=0x0,x25=0x0,x26=0x0,x27=0x0,x28=0x0,x29=0x7fd3b20190,lr=0x5f5c8f4734,sp=0x7fd3b20180,pc=0x7c0c1d9700]
[15012|15012] event_addr:0x7c0c1d9700 hit_count:1394, Regs:
[x0=0x1,x1=0x5f5c8f3598,x2=0x1,x3=0x7fd3b201e8,x4=0x0,x5=0x1414d4c,x6=0x1414d4c,x7=0x0,x8=0x9b504536b1897347,x9=0x9b504536b1897347,x10=0x9b504536b1897347,x11=0x3e8,x12=0x3,x13=0x706f6f6c5f657469,x14=0x7c0fa4e280,x15=0x0,x16=0x5f5c8f5a00,x17=0x7c0c1d9700,x18=0x7c0f35c000,x19=0x5f5c8f470c,x20=0x1,x21=0x1,x22=0x7fd3b20218,x23=0x7fd3b20220,x24=0x0,x25=0x0,x26=0x0,x27=0x0,x28=0x0,x29=0x7fd3b20190,lr=0x5f5c8f4734,sp=0x7fd3b20180,pc=0x7c0c1d9700]
[15012|15012] event_addr:0x7c0c1d9700 hit_count:1395, Regs:
[x0=0x1,x1=0x5f5c8f3598,x2=0x1,x3=0x7fd3b201e8,x4=0x0,x5=0x1414d4c,x6=0x1414d4c,x7=0x0,x8=0x9b504536b1897347,x9=0x9b504536b1897347,x10=0x9b504536b1897347,x11=0x3e8,x12=0x3,x13=0x706f6f6c5f657469,x14=0x7c0fa4e280,x15=0x0,x16=0x5f5c8f5a00,x17=0x7c0c1d9700,x18=0x7c0f35c000,x19=0x5f5c8f470c,x20=0x1,x21=0x1,x22=0x7fd3b20218,x23=0x7fd3b20220,x24=0x0,x25=0x0,x26=0x0,x27=0x0,x28=0x0,x29=0x7fd3b20190,lr=0x5f5c8f4734,sp=0x7fd3b20180,pc=0x7c0c1d9700]
[15012|15012] event_addr:0x7c0c1d9700 hit_count:1396, Regs:
[x0=0x1,x1=0x5f5c8f3598,x2=0x1,x3=0x7fd3b201e8,x4=0x0,x5=0x1414d4c,x6=0x1414d4c,x7=0x0,x8=0x9b504536b1897347,x9=0x9b504536b1897347,x10=0x9b504536b1897347,x11=0x3e8,x12=0x3,x13=0x706f6f6c5f657469,x14=0x7c0fa4e280,x15=0x0,x16=0x5f5c8f5a00,x17=0x7c0c1d9700,x18=0x7c0f35c000,x19=0x5f5c8f470c,x20=0x1,x21=0x1,x22=0x7fd3b20218,x23=0x7fd3b20220,x24=0x0,x25=0x0,x26=0x0,x27=0x0,x28=0x0,x29=0x7fd3b20190,lr=0x5f5c8f4734,sp=0x7fd3b20180,pc=0x7c0c1d9700]
[15012|15012] event_addr:0x7c0c1d9700 hit_count:1397, Regs:
[x0=0x1,x1=0x5f5c8f3598,x2=0x1,x3=0x7fd3b201e8,x4=0x0,x5=0x1414d4c,x6=0x1414d4c,x7=0x0,x8=0x9b504536b1897347,x9=0x9b504536b1897347,x10=0x9b504536b1897347,x11=0x3e8,x12=0x3,x13=0x706f6f6c5f657469,x14=0x7c0fa4e280,x15=0x0,x16=0x5f5c8f5a00,x17=0x7c0c1d9700,x18=0x7c0f35c000,x19=0x5f5c8f470c,x20=0x1,x21=0x1,x22=0x7fd3b20218,x23=0x7fd3b20220,x24=0x0,x25=0x0,x26=0x0,x27=0x0,x28=0x0,x29=0x7fd3b20190,lr=0x5f5c8f4734,sp=0x7fd3b20180,pc=0x7c0c1d9700]
[15012|15012] event_addr:0x7c0c1d9700 hit_count:1398, Regs:
[x0=0x1,x1=0x5f5c8f3598,x2=0x1,x3=0x7fd3b201e8,x4=0x0,x5=0x1414d4c,x6=0x1414d4c,x7=0x0,x8=0x9b504536b1897347,x9=0x9b504536b1897347,x10=0x9b504536b1897347,x11=0x3e8,x12=0x3,x13=0x706f6f6c5f657469,x14=0x7c0fa4e280,x15=0x0,x16=0x5f5c8f5a00,x17=0x7c0c1d9700,x18=0x7c0f35c000,x19=0x5f5c8f470c,x20=0x1,x21=0x1,x22=0x7fd3b20218,x23=0x7fd3b20220,x24=0x0,x25=0x0,x26=0x0,x27=0x0,x28=0x0,x29=0x7fd3b20190,lr=0x5f5c8f4734,sp=0x7fd3b20180,pc=0x7c0c1d9700]
[15012|15012] event_addr:0x7c0c1d9700 hit_count:1399, Regs:
[x0=0x1,x1=0x5f5c8f3598,x2=0x1,x3=0x7fd3b201e8,x4=0x0,x5=0x1414d4c,x6=0x1414d4c,x7=0x0,x8=0x9b504536b1897347,x9=0x9b504536b1897347,x10=0x9b504536b1897347,x11=0x3e8,x12=0x3,x13=0x706f6f6c5f657469,x14=0x7c0fa4e280,x15=0x0,x16=0x5f5c8f5a00,x17=0x7c0c1d9700,x18=0x7c0f35c000,x19=0x5f5c8f470c,x20=0x1,x21=0x1,x22=0x7fd3b20218,x23=0x7fd3b20220,x24=0x0,x25=0x0,x26=0x0,x27=0x0,x28=0x0,x29=0x7fd3b20190,lr=0x5f5c8f4734,sp=0x7fd3b20180,pc=0x7c0c1d9700]
[15012|15012] event_addr:0x7c0c1d9700 hit_count:1400, Regs:
[x0=0x1,x1=0x5f5c8f3598,x2=0x1,x3=0x7fd3b201e8,x4=0x0,x5=0x1414d4c,x6=0x1414d4c,x7=0x0,x8=0x9b504536b1897347,x9=0x9b504536b1897347,x10=0x9b504536b1897347,x11=0x3e8,x12=0x3,x13=0x706f6f6c5f657469,x14=0x7c0fa4e280,x15=0x0,x16=0x5f5c8f5a00,x17=0x7c0c1d9700,x18=0x7c0f35c000,x19=0x5f5c8f470c,x20=0x1,x21=0x1,x22=0x7fd3b20218,x23=0x7fd3b20220,x24=0x0,x25=0x0,x26=0x0,x27=0x0,x28=0x0,x29=0x7fd3b20190,lr=0x5f5c8f4734,sp=0x7fd3b20180,pc=0x7c0c1d9700]
[15012|15012] event_addr:0x7c0c1d9700 hit_count:1401, Regs:
[x0=0x1,x1=0x5f5c8f3598,x2=0x1,x3=0x7fd3b201e8,x4=0x0,x5=0x1414d4c,x6=0x1414d4c,x7=0x0,x8=0x9b504536b1897347,x9=0x9b504536b1897347,x10=0x9b504536b1897347,x11=0x3e8,x12=0x3,x13=0x706f6f6c5f657469,x14=0x7c0fa4e280,x15=0x0,x16=0x5f5c8f5a00,x17=0x7c0c1d9700,x18=0x7c0f35c000,x19=0x5f5c8f470c,x20=0x1,x21=0x1,x22=0x7fd3b20218,x23=0x7fd3b20220,x24=0x0,x25=0x0,x26=0x0,x27=0x0,x28=0x0,x29=0x7fd3b20190,lr=0x5f5c8f4734,sp=0x7fd3b20180,pc=0x7c0c1d9700]
[15012|15012] event_addr:0x7c0c1d9700 hit_count:1402, Regs:
[x0=0x1,x1=0x5f5c8f3598,x2=0x1,x3=0x7fd3b201e8,x4=0x0,x5=0x1414d4c,x6=0x1414d4c,x7=0x0,x8=0x9b504536b1897347,x9=0x9b504536b1897347,x10=0x9b504536b1897347,x11=0x3e8,x12=0x3,x13=0x706f6f6c5f657469,x14=0x7c0fa4e280,x15=0x0,x16=0x5f5c8f5a00,x17=0x7c0c1d9700,x18=0x7c0f35c000,x19=0x5f5c8f470c,x20=0x1,x21=0x1,x22=0x7fd3b20218,x23=0x7fd3b20220,x24=0x0,x25=0x0,x26=0x0,x27=0x0,x28=0x0,x29=0x7fd3b20190,lr=0x5f5c8f4734,sp=0x7fd3b20180,pc=0x7c0c1d9700]
[15012|15012] event_addr:0x7c0c1d9700 hit_count:1403, Regs:
[x0=0x1,x1=0x5f5c8f3598,x2=0x1,x3=0x7fd3b201e8,x4=0x0,x5=0x1414d4c,x6=0x1414d4c,x7=0x0,x8=0x9b504536b1897347,x9=0x9b504536b1897347,x10=0x9b504536b1897347,x11=0x3e8,x12=0x3,x13=0x706f6f6c5f657469,x14=0x7c0fa4e280,x15=0x0,x16=0x5f5c8f5a00,x17=0x7c0c1d9700,x18=0x7c0f35c000,x19=0x5f5c8f470c,x20=0x1,x21=0x1,x22=0x7fd3b20218,x23=0x7fd3b20220,x24=0x0,x25=0x0,x26=0x0,x27=0x0,x28=0x0,x29=0x7fd3b20190,lr=0x5f5c8f4734,sp=0x7fd3b20180,pc=0x7c0c1d9700]
[15012|15012] event_addr:0x7c0c1d9700 hit_count:1404, Regs:
[x0=0x1,x1=0x5f5c8f3598,x2=0x1,x3=0x7fd3b201e8,x4=0x0,x5=0x1414d4c,x6=0x1414d4c,x7=0x0,x8=0x9b504536b1897347,x9=0x9b504536b1897347,x10=0x9b504536b1897347,x11=0x3e8,x12=0x3,x13=0x706f6f6c5f657469,x14=0x7c0fa4e280,x15=0x0,x16=0x5f5c8f5a00,x17=0x7c0c1d9700,x18=0x7c0f35c000,x19=0x5f5c8f470c,x20=0x1,x21=0x1,x22=0x7fd3b20218,x23=0x7fd3b20220,x24=0x0,x25=0x0,x26=0x0,x27=0x0,x28=0x0,x29=0x7fd3b20190,lr=0x5f5c8f4734,sp=0x7fd3b20180,pc=0x7c0c1d9700]
[15012|15012] event_addr:0x7c0c1d9700 hit_count:1405, Regs:
[x0=0x1,x1=0x5f5c8f3598,x2=0x1,x3=0x7fd3b201e8,x4=0x0,x5=0x1414d4c,x6=0x1414d4c,x7=0x0,x8=0x9b504536b1897347,x9=0x9b504536b1897347,x10=0x9b504536b1897347,x11=0x3e8,x12=0x3,x13=0x706f6f6c5f657469,x14=0x7c0fa4e280,x15=0x0,x16=0x5f5c8f5a00,x17=0x7c0c1d9700,x18=0x7c0f35c000,x19=0x5f5c8f470c,x20=0x1,x21=0x1,x22=0x7fd3b20218,x23=0x7fd3b20220,x24=0x0,x25=0x0,x26=0x0,x27=0x0,x28=0x0,x29=0x7fd3b20190,lr=0x5f5c8f4734,sp=0x7fd3b20180,pc=0x7c0c1d9700]
[15012|15012] event_addr:0x7c0c1d9700 hit_count:1406, Regs:
[x0=0x1,x1=0x5f5c8f3598,x2=0x1,x3=0x7fd3b201e8,x4=0x0,x5=0x1414d4c,x6=0x1414d4c,x7=0x0,x8=0x9b504536b1897347,x9=0x9b504536b1897347,x10=0x9b504536b1897347,x11=0x3e8,x12=0x3,x13=0x706f6f6c5f657469,x14=0x7c0fa4e280,x15=0x0,x16=0x5f5c8f5a00,x17=0x7c0c1d9700,x18=0x7c0f35c000,x19=0x5f5c8f470c,x20=0x1,x21=0x1,x22=0x7fd3b20218,x23=0x7fd3b20220,x24=0x0,x25=0x0,x26=0x0,x27=0x0,x28=0x0,x29=0x7fd3b20190,lr=0x5f5c8f4734,sp=0x7fd3b20180,pc=0x7c0c1d9700]
[15012|15012] event_addr:0x7c0c1d9700 hit_count:1407, Regs:
[x0=0x1,x1=0x5f5c8f3598,x2=0x1,x3=0x7fd3b201e8,x4=0x0,x5=0x1414d4c,x6=0x1414d4c,x7=0x0,x8=0x9b504536b1897347,x9=0x9b504536b1897347,x10=0x9b504536b1897347,x11=0x3e8,x12=0x3,x13=0x706f6f6c5f657469,x14=0x7c0fa4e280,x15=0x0,x16=0x5f5c8f5a00,x17=0x7c0c1d9700,x18=0x7c0f35c000,x19=0x5f5c8f470c,x20=0x1,x21=0x1,x22=0x7fd3b20218,x23=0x7fd3b20220,x24=0x0,x25=0x0,x26=0x0,x27=0x0,x28=0x0,x29=0x7fd3b20190,lr=0x5f5c8f4734,sp=0x7fd3b20180,pc=0x7c0c1d9700]
[15012|15012] event_addr:0x7c0c1d9700 hit_count:1408, Regs:
[x0=0x1,x1=0x5f5c8f3598,x2=0x1,x3=0x7fd3b201e8,x4=0x0,x5=0x1414d4c,x6=0x1414d4c,x7=0x0,x8=0x9b504536b1897347,x9=0x9b504536b1897347,x10=0x9b504536b1897347,x11=0x3e8,x12=0x3,x13=0x706f6f6c5f657469,x14=0x7c0fa4e280,x15=0x0,x16=0x5f5c8f5a00,x17=0x7c0c1d9700,x18=0x7c0f35c000,x19=0x5f5c8f470c,x20=0x1,x21=0x1,x22=0x7fd3b20218,x23=0x7fd3b20220,x24=0x0,x25=0x0,x26=0x0,x27=0x0,x28=0x0,x29=0x7fd3b20190,lr=0x5f5c8f4734,sp=0x7fd3b20180,pc=0x7c0c1d9700]
[15012|15012] event_addr:0x7c0c1d9700 hit_count:1409, Regs:
[x0=0x1,x1=0x5f5c8f3598,x2=0x1,x3=0x7fd3b201e8,x4=0x0,x5=0x1414d4c,x6=0x1414d4c,x7=0x0,x8=0x9b504536b1897347,x9=0x9b504536b1897347,x10=0x9b504536b1897347,x11=0x3e8,x12=0x3,x13=0x706f6f6c5f657469,x14=0x7c0fa4e280,x15=0x0,x16=0x5f5c8f5a00,x17=0x7c0c1d9700,x18=0x7c0f35c000,x19=0x5f5c8f470c,x20=0x1,x21=0x1,x22=0x7fd3b20218,x23=0x7fd3b20220,x24=0x0,x25=0x0,x26=0x0,x27=0x0,x28=0x0,x29=0x7fd3b20190,lr=0x5f5c8f4734,sp=0x7fd3b20180,pc=0x7c0c1d9700]
[15012|15012] event_addr:0x7c0c1d9700 hit_count:1410, Regs:
[x0=0x1,x1=0x5f5c8f3598,x2=0x1,x3=0x7fd3b201e8,x4=0x0,x5=0x1414d4c,x6=0x1414d4c,x7=0x0,x8=0x9b504536b1897347,x9=0x9b504536b1897347,x10=0x9b504536b1897347,x11=0x3e8,x12=0x3,x13=0x706f6f6c5f657469,x14=0x7c0fa4e280,x15=0x0,x16=0x5f5c8f5a00,x17=0x7c0c1d9700,x18=0x7c0f35c000,x19=0x5f5c8f470c,x20=0x1,x21=0x1,x22=0x7fd3b20218,x23=0x7fd3b20220,x24=0x0,x25=0x0,x26=0x0,x27=0x0,x28=0x0,x29=0x7fd3b20190,lr=0x5f5c8f4734,sp=0x7fd3b20180,pc=0x7c0c1d9700]
[15012|15012] event_addr:0x7c0c1d9700 hit_count:1411, Regs:
[x0=0x1,x1=0x5f5c8f3598,x2=0x1,x3=0x7fd3b201e8,x4=0x0,x5=0x1414d4c,x6=0x1414d4c,x7=0x0,x8=0x9b504536b1897347,x9=0x9b504536b1897347,x10=0x9b504536b1897347,x11=0x3e8,x12=0x3,x13=0x706f6f6c5f657469,x14=0x7c0fa4e280,x15=0x0,x16=0x5f5c8f5a00,x17=0x7c0c1d9700,x18=0x7c0f35c000,x19=0x5f5c8f470c,x20=0x1,x21=0x1,x22=0x7fd3b20218,x23=0x7fd3b20220,x24=0x0,x25=0x0,x26=0x0,x27=0x0,x28=0x0,x29=0x7fd3b20190,lr=0x5f5c8f4734,sp=0x7fd3b20180,pc=0x7c0c1d9700]
[15012|15012] event_addr:0x7c0c1d9700 hit_count:1412, Regs:
[x0=0x1,x1=0x5f5c8f3598,x2=0x1,x3=0x7fd3b201e8,x4=0x0,x5=0x1414d4c,x6=0x1414d4c,x7=0x0,x8=0x9b504536b1897347,x9=0x9b504536b1897347,x10=0x9b504536b1897347,x11=0x3e8,x12=0x3,x13=0x706f6f6c5f657469,x14=0x7c0fa4e280,x15=0x0,x16=0x5f5c8f5a00,x17=0x7c0c1d9700,x18=0x7c0f35c000,x19=0x5f5c8f470c,x20=0x1,x21=0x1,x22=0x7fd3b20218,x23=0x7fd3b20220,x24=0x0,x25=0x0,x26=0x0,x27=0x0,x28=0x0,x29=0x7fd3b20190,lr=0x5f5c8f4734,sp=0x7fd3b20180,pc=0x7c0c1d9700]
[15012|15012] event_addr:0x7c0c1d9700 hit_count:1413, Regs:
[x0=0x1,x1=0x5f5c8f3598,x2=0x1,x3=0x7fd3b201e8,x4=0x0,x5=0x1414d4c,x6=0x1414d4c,x7=0x0,x8=0x9b504536b1897347,x9=0x9b504536b1897347,x10=0x9b504536b1897347,x11=0x3e8,x12=0x3,x13=0x706f6f6c5f657469,x14=0x7c0fa4e280,x15=0x0,x16=0x5f5c8f5a00,x17=0x7c0c1d9700,x18=0x7c0f35c000,x19=0x5f5c8f470c,x20=0x1,x21=0x1,x22=0x7fd3b20218,x23=0x7fd3b20220,x24=0x0,x25=0x0,x26=0x0,x27=0x0,x28=0x0,x29=0x7fd3b20190,lr=0x5f5c8f4734,sp=0x7fd3b20180,pc=0x7c0c1d9700]
[15012|15012] event_addr:0x7c0c1d9700 hit_count:1414, Regs:
[x0=0x1,x1=0x5f5c8f3598,x2=0x1,x3=0x7fd3b201e8,x4=0x0,x5=0x1414d4c,x6=0x1414d4c,x7=0x0,x8=0x9b504536b1897347,x9=0x9b504536b1897347,x10=0x9b504536b1897347,x11=0x3e8,x12=0x3,x13=0x706f6f6c5f657469,x14=0x7c0fa4e280,x15=0x0,x16=0x5f5c8f5a00,x17=0x7c0c1d9700,x18=0x7c0f35c000,x19=0x5f5c8f470c,x20=0x1,x21=0x1,x22=0x7fd3b20218,x23=0x7fd3b20220,x24=0x0,x25=0x0,x26=0x0,x27=0x0,x28=0x0,x29=0x7fd3b20190,lr=0x5f5c8f4734,sp=0x7fd3b20180,pc=0x7c0c1d9700]
[15012|15012] event_addr:0x7c0c1d9700 hit_count:1415, Regs:
[x0=0x1,x1=0x5f5c8f3598,x2=0x1,x3=0x7fd3b201e8,x4=0x0,x5=0x1414d4c,x6=0x1414d4c,x7=0x0,x8=0x9b504536b1897347,x9=0x9b504536b1897347,x10=0x9b504536b1897347,x11=0x3e8,x12=0x3,x13=0x706f6f6c5f657469,x14=0x7c0fa4e280,x15=0x0,x16=0x5f5c8f5a00,x17=0x7c0c1d9700,x18=0x7c0f35c000,x19=0x5f5c8f470c,x20=0x1,x21=0x1,x22=0x7fd3b20218,x23=0x7fd3b20220,x24=0x0,x25=0x0,x26=0x0,x27=0x0,x28=0x0,x29=0x7fd3b20190,lr=0x5f5c8f4734,sp=0x7fd3b20180,pc=0x7c0c1d9700]
[15012|15012] event_addr:0x7c0c1d9700 hit_count:1416, Regs:
[x0=0x1,x1=0x5f5c8f3598,x2=0x1,x3=0x7fd3b201e8,x4=0x0,x5=0x1414d4c,x6=0x1414d4c,x7=0x0,x8=0x9b504536b1897347,x9=0x9b504536b1897347,x10=0x9b504536b1897347,x11=0x3e8,x12=0x3,x13=0x706f6f6c5f657469,x14=0x7c0fa4e280,x15=0x0,x16=0x5f5c8f5a00,x17=0x7c0c1d9700,x18=0x7c0f35c000,x19=0x5f5c8f470c,x20=0x1,x21=0x1,x22=0x7fd3b20218,x23=0x7fd3b20220,x24=0x0,x25=0x0,x26=0x0,x27=0x0,x28=0x0,x29=0x7fd3b20190,lr=0x5f5c8f4734,sp=0x7fd3b20180,pc=0x7c0c1d9700]
[15012|15012] event_addr:0x7c0c1d9700 hit_count:1417, Regs:
[x0=0x1,x1=0x5f5c8f3598,x2=0x1,x3=0x7fd3b201e8,x4=0x0,x5=0x1414d4c,x6=0x1414d4c,x7=0x0,x8=0x9b504536b1897347,x9=0x9b504536b1897347,x10=0x9b504536b1897347,x11=0x3e8,x12=0x3,x13=0x706f6f6c5f657469,x14=0x7c0fa4e280,x15=0x0,x16=0x5f5c8f5a00,x17=0x7c0c1d9700,x18=0x7c0f35c000,x19=0x5f5c8f470c,x20=0x1,x21=0x1,x22=0x7fd3b20218,x23=0x7fd3b20220,x24=0x0,x25=0x0,x26=0x0,x27=0x0,x28=0x0,x29=0x7fd3b20190,lr=0x5f5c8f4734,sp=0x7fd3b20180,pc=0x7c0c1d9700]
[15012|15012] event_addr:0x7c0c1d9700 hit_count:1418, Regs:
[x0=0x1,x1=0x5f5c8f3598,x2=0x1,x3=0x7fd3b201e8,x4=0x0,x5=0x1414d4c,x6=0x1414d4c,x7=0x0,x8=0x9b504536b1897347,x9=0x9b504536b1897347,x10=0x9b504536b1897347,x11=0x3e8,x12=0x3,x13=0x706f6f6c5f657469,x14=0x7c0fa4e280,x15=0x0,x16=0x5f5c8f5a00,x17=0x7c0c1d9700,x18=0x7c0f35c000,x19=0x5f5c8f470c,x20=0x1,x21=0x1,x22=0x7fd3b20218,x23=0x7fd3b20220,x24=0x0,x25=0x0,x26=0x0,x27=0x0,x28=0x0,x29=0x7fd3b20190,lr=0x5f5c8f4734,sp=0x7fd3b20180,pc=0x7c0c1d9700]
[15012|15012] event_addr:0x7c0c1d9700 hit_count:1419, Regs:
[x0=0x1,x1=0x5f5c8f3598,x2=0x1,x3=0x7fd3b201e8,x4=0x0,x5=0x1414d4c,x6=0x1414d4c,x7=0x0,x8=0x9b504536b1897347,x9=0x9b504536b1897347,x10=0x9b504536b1897347,x11=0x3e8,x12=0x3,x13=0x706f6f6c5f657469,x14=0x7c0fa4e280,x15=0x0,x16=0x5f5c8f5a00,x17=0x7c0c1d9700,x18=0x7c0f35c000,x19=0x5f5c8f470c,x20=0x1,x21=0x1,x22=0x7fd3b20218,x23=0x7fd3b20220,x24=0x0,x25=0x0,x26=0x0,x27=0x0,x28=0x0,x29=0x7fd3b20190,lr=0x5f5c8f4734,sp=0x7fd3b20180,pc=0x7c0c1d9700]
[15012|15012] event_addr:0x7c0c1d9700 hit_count:1420, Regs:
[x0=0x1,x1=0x5f5c8f3598,x2=0x1,x3=0x7fd3b201e8,x4=0x0,x5=0x1414d4c,x6=0x1414d4c,x7=0x0,x8=0x9b504536b1897347,x9=0x9b504536b1897347,x10=0x9b504536b1897347,x11=0x3e8,x12=0x3,x13=0x706f6f6c5f657469,x14=0x7c0fa4e280,x15=0x0,x16=0x5f5c8f5a00,x17=0x7c0c1d9700,x18=0x7c0f35c000,x19=0x5f5c8f470c,x20=0x1,x21=0x1,x22=0x7fd3b20218,x23=0x7fd3b20220,x24=0x0,x25=0x0,x26=0x0,x27=0x0,x28=0x0,x29=0x7fd3b20190,lr=0x5f5c8f4734,sp=0x7fd3b20180,pc=0x7c0c1d9700]
[15012|15012] event_addr:0x7c0c1d9700 hit_count:1421, Regs:
[x0=0x1,x1=0x5f5c8f3598,x2=0x1,x3=0x7fd3b201e8,x4=0x0,x5=0x1414d4c,x6=0x1414d4c,x7=0x0,x8=0x9b504536b1897347,x9=0x9b504536b1897347,x10=0x9b504536b1897347,x11=0x3e8,x12=0x3,x13=0x706f6f6c5f657469,x14=0x7c0fa4e280,x15=0x0,x16=0x5f5c8f5a00,x17=0x7c0c1d9700,x18=0x7c0f35c000,x19=0x5f5c8f470c,x20=0x1,x21=0x1,x22=0x7fd3b20218,x23=0x7fd3b20220,x24=0x0,x25=0x0,x26=0x0,x27=0x0,x28=0x0,x29=0x7fd3b20190,lr=0x5f5c8f4734,sp=0x7fd3b20180,pc=0x7c0c1d9700]
[15012|15012] event_addr:0x7c0c1d9700 hit_count:1422, Regs:
[x0=0x1,x1=0x5f5c8f3598,x2=0x1,x3=0x7fd3b201e8,x4=0x0,x5=0x1414d4c,x6=0x1414d4c,x7=0x0,x8=0x9b504536b1897347,x9=0x9b504536b1897347,x10=0x9b504536b1897347,x11=0x3e8,x12=0x3,x13=0x706f6f6c5f657469,x14=0x7c0fa4e280,x15=0x0,x16=0x5f5c8f5a00,x17=0x7c0c1d9700,x18=0x7c0f35c000,x19=0x5f5c8f470c,x20=0x1,x21=0x1,x22=0x7fd3b20218,x23=0x7fd3b20220,x24=0x0,x25=0x0,x26=0x0,x27=0x0,x28=0x0,x29=0x7fd3b20190,lr=0x5f5c8f4734,sp=0x7fd3b20180,pc=0x7c0c1d9700]
[15012|15012] event_addr:0x7c0c1d9700 hit_count:1423, Regs:
[x0=0x1,x1=0x5f5c8f3598,x2=0x1,x3=0x7fd3b201e8,x4=0x0,x5=0x1414d4c,x6=0x1414d4c,x7=0x0,x8=0x9b504536b1897347,x9=0x9b504536b1897347,x10=0x9b504536b1897347,x11=0x3e8,x12=0x3,x13=0x706f6f6c5f657469,x14=0x7c0fa4e280,x15=0x0,x16=0x5f5c8f5a00,x17=0x7c0c1d9700,x18=0x7c0f35c000,x19=0x5f5c8f470c,x20=0x1,x21=0x1,x22=0x7fd3b20218,x23=0x7fd3b20220,x24=0x0,x25=0x0,x26=0x0,x27=0x0,x28=0x0,x29=0x7fd3b20190,lr=0x5f5c8f4734,sp=0x7fd3b20180,pc=0x7c0c1d9700]
[15012|15012] event_addr:0x7c0c1d9700 hit_count:1424, Regs:
[x0=0x1,x1=0x5f5c8f3598,x2=0x1,x3=0x7fd3b201e8,x4=0x0,x5=0x1414d4c,x6=0x1414d4c,x7=0x0,x8=0x9b504536b1897347,x9=0x9b504536b1897347,x10=0x9b504536b1897347,x11=0x3e8,x12=0x3,x13=0x706f6f6c5f657469,x14=0x7c0fa4e280,x15=0x0,x16=0x5f5c8f5a00,x17=0x7c0c1d9700,x18=0x7c0f35c000,x19=0x5f5c8f470c,x20=0x1,x21=0x1,x22=0x7fd3b20218,x23=0x7fd3b20220,x24=0x0,x25=0x0,x26=0x0,x27=0x0,x28=0x0,x29=0x7fd3b20190,lr=0x5f5c8f4734,sp=0x7fd3b20180,pc=0x7c0c1d9700]
[15012|15012] event_addr:0x7c0c1d9700 hit_count:1425, Regs:
[x0=0x1,x1=0x5f5c8f3598,x2=0x1,x3=0x7fd3b201e8,x4=0x0,x5=0x1414d4c,x6=0x1414d4c,x7=0x0,x8=0x9b504536b1897347,x9=0x9b504536b1897347,x10=0x9b504536b1897347,x11=0x3e8,x12=0x3,x13=0x706f6f6c5f657469,x14=0x7c0fa4e280,x15=0x0,x16=0x5f5c8f5a00,x17=0x7c0c1d9700,x18=0x7c0f35c000,x19=0x5f5c8f470c,x20=0x1,x21=0x1,x22=0x7fd3b20218,x23=0x7fd3b20220,x24=0x0,x25=0x0,x26=0x0,x27=0x0,x28=0x0,x29=0x7fd3b20190,lr=0x5f5c8f4734,sp=0x7fd3b20180,pc=0x7c0c1d9700]
[15012|15012] event_addr:0x7c0c1d9700 hit_count:1426, Regs:
[x0=0x1,x1=0x5f5c8f3598,x2=0x1,x3=0x7fd3b201e8,x4=0x0,x5=0x1414d4c,x6=0x1414d4c,x7=0x0,x8=0x9b504536b1897347,x9=0x9b504536b1897347,x10=0x9b504536b1897347,x11=0x3e8,x12=0x3,x13=0x706f6f6c5f657469,x14=0x7c0fa4e280,x15=0x0,x16=0x5f5c8f5a00,x17=0x7c0c1d9700,x18=0x7c0f35c000,x19=0x5f5c8f470c,x20=0x1,x21=0x1,x22=0x7fd3b20218,x23=0x7fd3b20220,x24=0x0,x25=0x0,x26=0x0,x27=0x0,x28=0x0,x29=0x7fd3b20190,lr=0x5f5c8f4734,sp=0x7fd3b20180,pc=0x7c0c1d9700]
[15012|15012] event_addr:0x7c0c1d9700 hit_count:1427, Regs:
[x0=0x1,x1=0x5f5c8f3598,x2=0x1,x3=0x7fd3b201e8,x4=0x0,x5=0x1414d4c,x6=0x1414d4c,x7=0x0,x8=0x9b504536b1897347,x9=0x9b504536b1897347,x10=0x9b504536b1897347,x11=0x3e8,x12=0x3,x13=0x706f6f6c5f657469,x14=0x7c0fa4e280,x15=0x0,x16=0x5f5c8f5a00,x17=0x7c0c1d9700,x18=0x7c0f35c000,x19=0x5f5c8f470c,x20=0x1,x21=0x1,x22=0x7fd3b20218,x23=0x7fd3b20220,x24=0x0,x25=0x0,x26=0x0,x27=0x0,x28=0x0,x29=0x7fd3b20190,lr=0x5f5c8f4734,sp=0x7fd3b20180,pc=0x7c0c1d9700]
[15012|15012] event_addr:0x7c0c1d9700 hit_count:1428, Regs:
[x0=0x1,x1=0x5f5c8f3598,x2=0x1,x3=0x7fd3b201e8,x4=0x0,x5=0x1414d4c,x6=0x1414d4c,x7=0x0,x8=0x9b504536b1897347,x9=0x9b504536b1897347,x10=0x9b504536b1897347,x11=0x3e8,x12=0x3,x13=0x706f6f6c5f657469,x14=0x7c0fa4e280,x15=0x0,x16=0x5f5c8f5a00,x17=0x7c0c1d9700,x18=0x7c0f35c000,x19=0x5f5c8f470c,x20=0x1,x21=0x1,x22=0x7fd3b20218,x23=0x7fd3b20220,x24=0x0,x25=0x0,x26=0x0,x27=0x0,x28=0x0,x29=0x7fd3b20190,lr=0x5f5c8f4734,sp=0x7fd3b20180,pc=0x7c0c1d9700]
[15012|15012] event_addr:0x7c0c1d9700 hit_count:1429, Regs:
[x0=0x1,x1=0x5f5c8f3598,x2=0x1,x3=0x7fd3b201e8,x4=0x0,x5=0x1414d4c,x6=0x1414d4c,x7=0x0,x8=0x9b504536b1897347,x9=0x9b504536b1897347,x10=0x9b504536b1897347,x11=0x3e8,x12=0x3,x13=0x706f6f6c5f657469,x14=0x7c0fa4e280,x15=0x0,x16=0x5f5c8f5a00,x17=0x7c0c1d9700,x18=0x7c0f35c000,x19=0x5f5c8f470c,x20=0x1,x21=0x1,x22=0x7fd3b20218,x23=0x7fd3b20220,x24=0x0,x25=0x0,x26=0x0,x27=0x0,x28=0x0,x29=0x7fd3b20190,lr=0x5f5c8f4734,sp=0x7fd3b20180,pc=0x7c0c1d9700]
[15012|15012] event_addr:0x7c0c1d9700 hit_count:1430, Regs:
[x0=0x1,x1=0x5f5c8f3598,x2=0x1,x3=0x7fd3b201e8,x4=0x0,x5=0x1414d4c,x6=0x1414d4c,x7=0x0,x8=0x9b504536b1897347,x9=0x9b504536b1897347,x10=0x9b504536b1897347,x11=0x3e8,x12=0x3,x13=0x706f6f6c5f657469,x14=0x7c0fa4e280,x15=0x0,x16=0x5f5c8f5a00,x17=0x7c0c1d9700,x18=0x7c0f35c000,x19=0x5f5c8f470c,x20=0x1,x21=0x1,x22=0x7fd3b20218,x23=0x7fd3b20220,x24=0x0,x25=0x0,x26=0x0,x27=0x0,x28=0x0,x29=0x7fd3b20190,lr=0x5f5c8f4734,sp=0x7fd3b20180,pc=0x7c0c1d9700]
[15012|15012] event_addr:0x7c0c1d9700 hit_count:1431, Regs:
[x0=0x1,x1=0x5f5c8f3598,x2=0x1,x3=0x7fd3b201e8,x4=0x0,x5=0x1414d4c,x6=0x1414d4c,x7=0x0,x8=0x9b504536b1897347,x9=0x9b504536b1897347,x10=0x9b504536b1897347,x11=0x3e8,x12=0x3,x13=0x706f6f6c5f657469,x14=0x7c0fa4e280,x15=0x0,x16=0x5f5c8f5a00,x17=0x7c0c1d9700,x18=0x7c0f35c000,x19=0x5f5c8f470c,x20=0x1,x21=0x1,x22=0x7fd3b20218,x23=0x7fd3b20220,x24=0x0,x25=0x0,x26=0x0,x27=0x0,x28=0x0,x29=0x7fd3b20190,lr=0x5f5c8f4734,sp=0x7fd3b20180,pc=0x7c0c1d9700]
[15012|15012] event_addr:0x7c0c1d9700 hit_count:1432, Regs:
[x0=0x1,x1=0x5f5c8f3598,x2=0x1,x3=0x7fd3b201e8,x4=0x0,x5=0x1414d4c,x6=0x1414d4c,x7=0x0,x8=0x9b504536b1897347,x9=0x9b504536b1897347,x10=0x9b504536b1897347,x11=0x3e8,x12=0x3,x13=0x706f6f6c5f657469,x14=0x7c0fa4e280,x15=0x0,x16=0x5f5c8f5a00,x17=0x7c0c1d9700,x18=0x7c0f35c000,x19=0x5f5c8f470c,x20=0x1,x21=0x1,x22=0x7fd3b20218,x23=0x7fd3b20220,x24=0x0,x25=0x0,x26=0x0,x27=0x0,x28=0x0,x29=0x7fd3b20190,lr=0x5f5c8f4734,sp=0x7fd3b20180,pc=0x7c0c1d9700]
[15012|15012] event_addr:0x7c0c1d9700 hit_count:1433, Regs:
[x0=0x1,x1=0x5f5c8f3598,x2=0x1,x3=0x7fd3b201e8,x4=0x0,x5=0x1414d4c,x6=0x1414d4c,x7=0x0,x8=0x9b504536b1897347,x9=0x9b504536b1897347,x10=0x9b504536b1897347,x11=0x3e8,x12=0x3,x13=0x706f6f6c5f657469,x14=0x7c0fa4e280,x15=0x0,x16=0x5f5c8f5a00,x17=0x7c0c1d9700,x18=0x7c0f35c000,x19=0x5f5c8f470c,x20=0x1,x21=0x1,x22=0x7fd3b20218,x23=0x7fd3b20220,x24=0x0,x25=0x0,x26=0x0,x27=0x0,x28=0x0,x29=0x7fd3b20190,lr=0x5f5c8f4734,sp=0x7fd3b20180,pc=0x7c0c1d9700]
[15012|15012] event_addr:0x7c0c1d9700 hit_count:1434, Regs:
[x0=0x1,x1=0x5f5c8f3598,x2=0x1,x3=0x7fd3b201e8,x4=0x0,x5=0x1414d4c,x6=0x1414d4c,x7=0x0,x8=0x9b504536b1897347,x9=0x9b504536b1897347,x10=0x9b504536b1897347,x11=0x3e8,x12=0x3,x13=0x706f6f6c5f657469,x14=0x7c0fa4e280,x15=0x0,x16=0x5f5c8f5a00,x17=0x7c0c1d9700,x18=0x7c0f35c000,x19=0x5f5c8f470c,x20=0x1,x21=0x1,x22=0x7fd3b20218,x23=0x7fd3b20220,x24=0x0,x25=0x0,x26=0x0,x27=0x0,x28=0x0,x29=0x7fd3b20190,lr=0x5f5c8f4734,sp=0x7fd3b20180,pc=0x7c0c1d9700]
[15012|15012] event_addr:0x7c0c1d9700 hit_count:1435, Regs:
[x0=0x1,x1=0x5f5c8f3598,x2=0x1,x3=0x7fd3b201e8,x4=0x0,x5=0x1414d4c,x6=0x1414d4c,x7=0x0,x8=0x9b504536b1897347,x9=0x9b504536b1897347,x10=0x9b504536b1897347,x11=0x3e8,x12=0x3,x13=0x706f6f6c5f657469,x14=0x7c0fa4e280,x15=0x0,x16=0x5f5c8f5a00,x17=0x7c0c1d9700,x18=0x7c0f35c000,x19=0x5f5c8f470c,x20=0x1,x21=0x1,x22=0x7fd3b20218,x23=0x7fd3b20220,x24=0x0,x25=0x0,x26=0x0,x27=0x0,x28=0x0,x29=0x7fd3b20190,lr=0x5f5c8f4734,sp=0x7fd3b20180,pc=0x7c0c1d9700]
[15012|15012] event_addr:0x7c0c1d9700 hit_count:1436, Regs:
[x0=0x1,x1=0x5f5c8f3598,x2=0x1,x3=0x7fd3b201e8,x4=0x0,x5=0x1414d4c,x6=0x1414d4c,x7=0x0,x8=0x9b504536b1897347,x9=0x9b504536b1897347,x10=0x9b504536b1897347,x11=0x3e8,x12=0x3,x13=0x706f6f6c5f657469,x14=0x7c0fa4e280,x15=0x0,x16=0x5f5c8f5a00,x17=0x7c0c1d9700,x18=0x7c0f35c000,x19=0x5f5c8f470c,x20=0x1,x21=0x1,x22=0x7fd3b20218,x23=0x7fd3b20220,x24=0x0,x25=0x0,x26=0x0,x27=0x0,x28=0x0,x29=0x7fd3b20190,lr=0x5f5c8f4734,sp=0x7fd3b20180,pc=0x7c0c1d9700]
[15012|15012] event_addr:0x7c0c1d9700 hit_count:1437, Regs:
[x0=0x1,x1=0x5f5c8f3598,x2=0x1,x3=0x7fd3b201e8,x4=0x0,x5=0x1414d4c,x6=0x1414d4c,x7=0x0,x8=0x9b504536b1897347,x9=0x9b504536b1897347,x10=0x9b504536b1897347,x11=0x3e8,x12=0x3,x13=0x706f6f6c5f657469,x14=0x7c0fa4e280,x15=0x0,x16=0x5f5c8f5a00,x17=0x7c0c1d9700,x18=0x7c0f35c000,x19=0x5f5c8f470c,x20=0x1,x21=0x1,x22=0x7fd3b20218,x23=0x7fd3b20220,x24=0x0,x25=0x0,x26=0x0,x27=0x0,x28=0x0,x29=0x7fd3b20190,lr=0x5f5c8f4734,sp=0x7fd3b20180,pc=0x7c0c1d9700]
[15012|15012] event_addr:0x7c0c1d9700 hit_count:1438, Regs:
[x0=0x1,x1=0x5f5c8f3598,x2=0x1,x3=0x7fd3b201e8,x4=0x0,x5=0x1414d4c,x6=0x1414d4c,x7=0x0,x8=0x9b504536b1897347,x9=0x9b504536b1897347,x10=0x9b504536b1897347,x11=0x3e8,x12=0x3,x13=0x706f6f6c5f657469,x14=0x7c0fa4e280,x15=0x0,x16=0x5f5c8f5a00,x17=0x7c0c1d9700,x18=0x7c0f35c000,x19=0x5f5c8f470c,x20=0x1,x21=0x1,x22=0x7fd3b20218,x23=0x7fd3b20220,x24=0x0,x25=0x0,x26=0x0,x27=0x0,x28=0x0,x29=0x7fd3b20190,lr=0x5f5c8f4734,sp=0x7fd3b20180,pc=0x7c0c1d9700]
[15012|15012] event_addr:0x7c0c1d9700 hit_count:1439, Regs:
[x0=0x1,x1=0x5f5c8f3598,x2=0x1,x3=0x7fd3b201e8,x4=0x0,x5=0x1414d4c,x6=0x1414d4c,x7=0x0,x8=0x9b504536b1897347,x9=0x9b504536b1897347,x10=0x9b504536b1897347,x11=0x3e8,x12=0x3,x13=0x706f6f6c5f657469,x14=0x7c0fa4e280,x15=0x0,x16=0x5f5c8f5a00,x17=0x7c0c1d9700,x18=0x7c0f35c000,x19=0x5f5c8f470c,x20=0x1,x21=0x1,x22=0x7fd3b20218,x23=0x7fd3b20220,x24=0x0,x25=0x0,x26=0x0,x27=0x0,x28=0x0,x29=0x7fd3b20190,lr=0x5f5c8f4734,sp=0x7fd3b20180,pc=0x7c0c1d9700]
[15012|15012] event_addr:0x7c0c1d9700 hit_count:1440, Regs:
[x0=0x1,x1=0x5f5c8f3598,x2=0x1,x3=0x7fd3b201e8,x4=0x0,x5=0x1414d4c,x6=0x1414d4c,x7=0x0,x8=0x9b504536b1897347,x9=0x9b504536b1897347,x10=0x9b504536b1897347,x11=0x3e8,x12=0x3,x13=0x706f6f6c5f657469,x14=0x7c0fa4e280,x15=0x0,x16=0x5f5c8f5a00,x17=0x7c0c1d9700,x18=0x7c0f35c000,x19=0x5f5c8f470c,x20=0x1,x21=0x1,x22=0x7fd3b20218,x23=0x7fd3b20220,x24=0x0,x25=0x0,x26=0x0,x27=0x0,x28=0x0,x29=0x7fd3b20190,lr=0x5f5c8f4734,sp=0x7fd3b20180,pc=0x7c0c1d9700]
[15012|15012] event_addr:0x7c0c1d9700 hit_count:1441, Regs:
[x0=0x1,x1=0x5f5c8f3598,x2=0x1,x3=0x7fd3b201e8,x4=0x0,x5=0x1414d4c,x6=0x1414d4c,x7=0x0,x8=0x9b504536b1897347,x9=0x9b504536b1897347,x10=0x9b504536b1897347,x11=0x3e8,x12=0x3,x13=0x706f6f6c5f657469,x14=0x7c0fa4e280,x15=0x0,x16=0x5f5c8f5a00,x17=0x7c0c1d9700,x18=0x7c0f35c000,x19=0x5f5c8f470c,x20=0x1,x21=0x1,x22=0x7fd3b20218,x23=0x7fd3b20220,x24=0x0,x25=0x0,x26=0x0,x27=0x0,x28=0x0,x29=0x7fd3b20190,lr=0x5f5c8f4734,sp=0x7fd3b20180,pc=0x7c0c1d9700]
[15012|15012] event_addr:0x7c0c1d9700 hit_count:1442, Regs:
[x0=0x1,x1=0x5f5c8f3598,x2=0x1,x3=0x7fd3b201e8,x4=0x0,x5=0x1414d4c,x6=0x1414d4c,x7=0x0,x8=0x9b504536b1897347,x9=0x9b504536b1897347,x10=0x9b504536b1897347,x11=0x3e8,x12=0x3,x13=0x706f6f6c5f657469,x14=0x7c0fa4e280,x15=0x0,x16=0x5f5c8f5a00,x17=0x7c0c1d9700,x18=0x7c0f35c000,x19=0x5f5c8f470c,x20=0x1,x21=0x1,x22=0x7fd3b20218,x23=0x7fd3b20220,x24=0x0,x25=0x0,x26=0x0,x27=0x0,x28=0x0,x29=0x7fd3b20190,lr=0x5f5c8f4734,sp=0x7fd3b20180,pc=0x7c0c1d9700]
[15012|15012] event_addr:0x7c0c1d9700 hit_count:1443, Regs:
[x0=0x1,x1=0x5f5c8f3598,x2=0x1,x3=0x7fd3b201e8,x4=0x0,x5=0x1414d4c,x6=0x1414d4c,x7=0x0,x8=0x9b504536b1897347,x9=0x9b504536b1897347,x10=0x9b504536b1897347,x11=0x3e8,x12=0x3,x13=0x706f6f6c5f657469,x14=0x7c0fa4e280,x15=0x0,x16=0x5f5c8f5a00,x17=0x7c0c1d9700,x18=0x7c0f35c000,x19=0x5f5c8f470c,x20=0x1,x21=0x1,x22=0x7fd3b20218,x23=0x7fd3b20220,x24=0x0,x25=0x0,x26=0x0,x27=0x0,x28=0x0,x29=0x7fd3b20190,lr=0x5f5c8f4734,sp=0x7fd3b20180,pc=0x7c0c1d9700]
[15012|15012] event_addr:0x7c0c1d9700 hit_count:1444, Regs:
[x0=0x1,x1=0x5f5c8f3598,x2=0x1,x3=0x7fd3b201e8,x4=0x0,x5=0x1414d4c,x6=0x1414d4c,x7=0x0,x8=0x9b504536b1897347,x9=0x9b504536b1897347,x10=0x9b504536b1897347,x11=0x3e8,x12=0x3,x13=0x706f6f6c5f657469,x14=0x7c0fa4e280,x15=0x0,x16=0x5f5c8f5a00,x17=0x7c0c1d9700,x18=0x7c0f35c000,x19=0x5f5c8f470c,x20=0x1,x21=0x1,x22=0x7fd3b20218,x23=0x7fd3b20220,x24=0x0,x25=0x0,x26=0x0,x27=0x0,x28=0x0,x29=0x7fd3b20190,lr=0x5f5c8f4734,sp=0x7fd3b20180,pc=0x7c0c1d9700]
[15012|15012] event_addr:0x7c0c1d9700 hit_count:1445, Regs:
[x0=0x1,x1=0x5f5c8f3598,x2=0x1,x3=0x7fd3b201e8,x4=0x0,x5=0x1414d4c,x6=0x1414d4c,x7=0x0,x8=0x9b504536b1897347,x9=0x9b504536b1897347,x10=0x9b504536b1897347,x11=0x3e8,x12=0x3,x13=0x706f6f6c5f657469,x14=0x7c0fa4e280,x15=0x0,x16=0x5f5c8f5a00,x17=0x7c0c1d9700,x18=0x7c0f35c000,x19=0x5f5c8f470c,x20=0x1,x21=0x1,x22=0x7fd3b20218,x23=0x7fd3b20220,x24=0x0,x25=0x0,x26=0x0,x27=0x0,x28=0x0,x29=0x7fd3b20190,lr=0x5f5c8f4734,sp=0x7fd3b20180,pc=0x7c0c1d9700]
[15012|15012] event_addr:0x7c0c1d9700 hit_count:1446, Regs:
[x0=0x1,x1=0x5f5c8f3598,x2=0x1,x3=0x7fd3b201e8,x4=0x0,x5=0x1414d4c,x6=0x1414d4c,x7=0x0,x8=0x9b504536b1897347,x9=0x9b504536b1897347,x10=0x9b504536b1897347,x11=0x3e8,x12=0x3,x13=0x706f6f6c5f657469,x14=0x7c0fa4e280,x15=0x0,x16=0x5f5c8f5a00,x17=0x7c0c1d9700,x18=0x7c0f35c000,x19=0x5f5c8f470c,x20=0x1,x21=0x1,x22=0x7fd3b20218,x23=0x7fd3b20220,x24=0x0,x25=0x0,x26=0x0,x27=0x0,x28=0x0,x29=0x7fd3b20190,lr=0x5f5c8f4734,sp=0x7fd3b20180,pc=0x7c0c1d9700]
[15012|15012] event_addr:0x7c0c1d9700 hit_count:1447, Regs:
[x0=0x1,x1=0x5f5c8f3598,x2=0x1,x3=0x7fd3b201e8,x4=0x0,x5=0x1414d4c,x6=0x1414d4c,x7=0x0,x8=0x9b504536b1897347,x9=0x9b504536b1897347,x10=0x9b504536b1897347,x11=0x3e8,x12=0x3,x13=0x706f6f6c5f657469,x14=0x7c0fa4e280,x15=0x0,x16=0x5f5c8f5a00,x17=0x7c0c1d9700,x18=0x7c0f35c000,x19=0x5f5c8f470c,x20=0x1,x21=0x1,x22=0x7fd3b20218,x23=0x7fd3b20220,x24=0x0,x25=0x0,x26=0x0,x27=0x0,x28=0x0,x29=0x7fd3b20190,lr=0x5f5c8f4734,sp=0x7fd3b20180,pc=0x7c0c1d9700]
[15012|15012] event_addr:0x7c0c1d9700 hit_count:1448, Regs:
[x0=0x1,x1=0x5f5c8f3598,x2=0x1,x3=0x7fd3b201e8,x4=0x0,x5=0x1414d4c,x6=0x1414d4c,x7=0x0,x8=0x9b504536b1897347,x9=0x9b504536b1897347,x10=0x9b504536b1897347,x11=0x3e8,x12=0x3,x13=0x706f6f6c5f657469,x14=0x7c0fa4e280,x15=0x0,x16=0x5f5c8f5a00,x17=0x7c0c1d9700,x18=0x7c0f35c000,x19=0x5f5c8f470c,x20=0x1,x21=0x1,x22=0x7fd3b20218,x23=0x7fd3b20220,x24=0x0,x25=0x0,x26=0x0,x27=0x0,x28=0x0,x29=0x7fd3b20190,lr=0x5f5c8f4734,sp=0x7fd3b20180,pc=0x7c0c1d9700]
[15012|15012] event_addr:0x7c0c1d9700 hit_count:1449, Regs:
[x0=0x1,x1=0x5f5c8f3598,x2=0x1,x3=0x7fd3b201e8,x4=0x0,x5=0x1414d4c,x6=0x1414d4c,x7=0x0,x8=0x9b504536b1897347,x9=0x9b504536b1897347,x10=0x9b504536b1897347,x11=0x3e8,x12=0x3,x13=0x706f6f6c5f657469,x14=0x7c0fa4e280,x15=0x0,x16=0x5f5c8f5a00,x17=0x7c0c1d9700,x18=0x7c0f35c000,x19=0x5f5c8f470c,x20=0x1,x21=0x1,x22=0x7fd3b20218,x23=0x7fd3b20220,x24=0x0,x25=0x0,x26=0x0,x27=0x0,x28=0x0,x29=0x7fd3b20190,lr=0x5f5c8f4734,sp=0x7fd3b20180,pc=0x7c0c1d9700]
[15012|15012] event_addr:0x7c0c1d9700 hit_count:1450, Regs:
[x0=0x1,x1=0x5f5c8f3598,x2=0x1,x3=0x7fd3b201e8,x4=0x0,x5=0x1414d4c,x6=0x1414d4c,x7=0x0,x8=0x9b504536b1897347,x9=0x9b504536b1897347,x10=0x9b504536b1897347,x11=0x3e8,x12=0x3,x13=0x706f6f6c5f657469,x14=0x7c0fa4e280,x15=0x0,x16=0x5f5c8f5a00,x17=0x7c0c1d9700,x18=0x7c0f35c000,x19=0x5f5c8f470c,x20=0x1,x21=0x1,x22=0x7fd3b20218,x23=0x7fd3b20220,x24=0x0,x25=0x0,x26=0x0,x27=0x0,x28=0x0,x29=0x7fd3b20190,lr=0x5f5c8f4734,sp=0x7fd3b20180,pc=0x7c0c1d9700]
[15012|15012] event_addr:0x7c0c1d9700 hit_count:1451, Regs:
[x0=0x1,x1=0x5f5c8f3598,x2=0x1,x3=0x7fd3b201e8,x4=0x0,x5=0x1414d4c,x6=0x1414d4c,x7=0x0,x8=0x9b504536b1897347,x9=0x9b504536b1897347,x10=0x9b504536b1897347,x11=0x3e8,x12=0x3,x13=0x706f6f6c5f657469,x14=0x7c0fa4e280,x15=0x0,x16=0x5f5c8f5a00,x17=0x7c0c1d9700,x18=0x7c0f35c000,x19=0x5f5c8f470c,x20=0x1,x21=0x1,x22=0x7fd3b20218,x23=0x7fd3b20220,x24=0x0,x25=0x0,x26=0x0,x27=0x0,x28=0x0,x29=0x7fd3b20190,lr=0x5f5c8f4734,sp=0x7fd3b20180,pc=0x7c0c1d9700]
[15012|15012] event_addr:0x7c0c1d9700 hit_count:1452, Regs:
[x0=0x1,x1=0x5f5c8f3598,x2=0x1,x3=0x7fd3b201e8,x4=0x0,x5=0x1414d4c,x6=0x1414d4c,x7=0x0,x8=0x9b504536b1897347,x9=0x9b504536b1897347,x10=0x9b504536b1897347,x11=0x3e8,x12=0x3,x13=0x706f6f6c5f657469,x14=0x7c0fa4e280,x15=0x0,x16=0x5f5c8f5a00,x17=0x7c0c1d9700,x18=0x7c0f35c000,x19=0x5f5c8f470c,x20=0x1,x21=0x1,x22=0x7fd3b20218,x23=0x7fd3b20220,x24=0x0,x25=0x0,x26=0x0,x27=0x0,x28=0x0,x29=0x7fd3b20190,lr=0x5f5c8f4734,sp=0x7fd3b20180,pc=0x7c0c1d9700]
[15012|15012] event_addr:0x7c0c1d9700 hit_count:1453, Regs:
[x0=0x1,x1=0x5f5c8f3598,x2=0x1,x3=0x7fd3b201e8,x4=0x0,x5=0x1414d4c,x6=0x1414d4c,x7=0x0,x8=0x9b504536b1897347,x9=0x9b504536b1897347,x10=0x9b504536b1897347,x11=0x3e8,x12=0x3,x13=0x706f6f6c5f657469,x14=0x7c0fa4e280,x15=0x0,x16=0x5f5c8f5a00,x17=0x7c0c1d9700,x18=0x7c0f35c000,x19=0x5f5c8f470c,x20=0x1,x21=0x1,x22=0x7fd3b20218,x23=0x7fd3b20220,x24=0x0,x25=0x0,x26=0x0,x27=0x0,x28=0x0,x29=0x7fd3b20190,lr=0x5f5c8f4734,sp=0x7fd3b20180,pc=0x7c0c1d9700]
[15012|15012] event_addr:0x7c0c1d9700 hit_count:1454, Regs:
[x0=0x1,x1=0x5f5c8f3598,x2=0x1,x3=0x7fd3b201e8,x4=0x0,x5=0x1414d4c,x6=0x1414d4c,x7=0x0,x8=0x9b504536b1897347,x9=0x9b504536b1897347,x10=0x9b504536b1897347,x11=0x3e8,x12=0x3,x13=0x706f6f6c5f657469,x14=0x7c0fa4e280,x15=0x0,x16=0x5f5c8f5a00,x17=0x7c0c1d9700,x18=0x7c0f35c000,x19=0x5f5c8f470c,x20=0x1,x21=0x1,x22=0x7fd3b20218,x23=0x7fd3b20220,x24=0x0,x25=0x0,x26=0x0,x27=0x0,x28=0x0,x29=0x7fd3b20190,lr=0x5f5c8f4734,sp=0x7fd3b20180,pc=0x7c0c1d9700]
[15012|15012] event_addr:0x7c0c1d9700 hit_count:1455, Regs:
[x0=0x1,x1=0x5f5c8f3598,x2=0x1,x3=0x7fd3b201e8,x4=0x0,x5=0x1414d4c,x6=0x1414d4c,x7=0x0,x8=0x9b504536b1897347,x9=0x9b504536b1897347,x10=0x9b504536b1897347,x11=0x3e8,x12=0x3,x13=0x706f6f6c5f657469,x14=0x7c0fa4e280,x15=0x0,x16=0x5f5c8f5a00,x17=0x7c0c1d9700,x18=0x7c0f35c000,x19=0x5f5c8f470c,x20=0x1,x21=0x1,x22=0x7fd3b20218,x23=0x7fd3b20220,x24=0x0,x25=0x0,x26=0x0,x27=0x0,x28=0x0,x29=0x7fd3b20190,lr=0x5f5c8f4734,sp=0x7fd3b20180,pc=0x7c0c1d9700]
[15012|15012] event_addr:0x7c0c1d9700 hit_count:1456, Regs:
[x0=0x1,x1=0x5f5c8f3598,x2=0x1,x3=0x7fd3b201e8,x4=0x0,x5=0x1414d4c,x6=0x1414d4c,x7=0x0,x8=0x9b504536b1897347,x9=0x9b504536b1897347,x10=0x9b504536b1897347,x11=0x3e8,x12=0x3,x13=0x706f6f6c5f657469,x14=0x7c0fa4e280,x15=0x0,x16=0x5f5c8f5a00,x17=0x7c0c1d9700,x18=0x7c0f35c000,x19=0x5f5c8f470c,x20=0x1,x21=0x1,x22=0x7fd3b20218,x23=0x7fd3b20220,x24=0x0,x25=0x0,x26=0x0,x27=0x0,x28=0x0,x29=0x7fd3b20190,lr=0x5f5c8f4734,sp=0x7fd3b20180,pc=0x7c0c1d9700]
[15012|15012] event_addr:0x7c0c1d9700 hit_count:1457, Regs:
[x0=0x1,x1=0x5f5c8f3598,x2=0x1,x3=0x7fd3b201e8,x4=0x0,x5=0x1414d4c,x6=0x1414d4c,x7=0x0,x8=0x9b504536b1897347,x9=0x9b504536b1897347,x10=0x9b504536b1897347,x11=0x3e8,x12=0x3,x13=0x706f6f6c5f657469,x14=0x7c0fa4e280,x15=0x0,x16=0x5f5c8f5a00,x17=0x7c0c1d9700,x18=0x7c0f35c000,x19=0x5f5c8f470c,x20=0x1,x21=0x1,x22=0x7fd3b20218,x23=0x7fd3b20220,x24=0x0,x25=0x0,x26=0x0,x27=0x0,x28=0x0,x29=0x7fd3b20190,lr=0x5f5c8f4734,sp=0x7fd3b20180,pc=0x7c0c1d9700]
[15012|15012] event_addr:0x7c0c1d9700 hit_count:1458, Regs:
[x0=0x1,x1=0x5f5c8f3598,x2=0x1,x3=0x7fd3b201e8,x4=0x0,x5=0x1414d4c,x6=0x1414d4c,x7=0x0,x8=0x9b504536b1897347,x9=0x9b504536b1897347,x10=0x9b504536b1897347,x11=0x3e8,x12=0x3,x13=0x706f6f6c5f657469,x14=0x7c0fa4e280,x15=0x0,x16=0x5f5c8f5a00,x17=0x7c0c1d9700,x18=0x7c0f35c000,x19=0x5f5c8f470c,x20=0x1,x21=0x1,x22=0x7fd3b20218,x23=0x7fd3b20220,x24=0x0,x25=0x0,x26=0x0,x27=0x0,x28=0x0,x29=0x7fd3b20190,lr=0x5f5c8f4734,sp=0x7fd3b20180,pc=0x7c0c1d9700]
[15012|15012] event_addr:0x7c0c1d9700 hit_count:1459, Regs:
[x0=0x1,x1=0x5f5c8f3598,x2=0x1,x3=0x7fd3b201e8,x4=0x0,x5=0x1414d4c,x6=0x1414d4c,x7=0x0,x8=0x9b504536b1897347,x9=0x9b504536b1897347,x10=0x9b504536b1897347,x11=0x3e8,x12=0x3,x13=0x706f6f6c5f657469,x14=0x7c0fa4e280,x15=0x0,x16=0x5f5c8f5a00,x17=0x7c0c1d9700,x18=0x7c0f35c000,x19=0x5f5c8f470c,x20=0x1,x21=0x1,x22=0x7fd3b20218,x23=0x7fd3b20220,x24=0x0,x25=0x0,x26=0x0,x27=0x0,x28=0x0,x29=0x7fd3b20190,lr=0x5f5c8f4734,sp=0x7fd3b20180,pc=0x7c0c1d9700]
[15012|15012] event_addr:0x7c0c1d9700 hit_count:1460, Regs:
[x0=0x1,x1=0x5f5c8f3598,x2=0x1,x3=0x7fd3b201e8,x4=0x0,x5=0x1414d4c,x6=0x1414d4c,x7=0x0,x8=0x9b504536b1897347,x9=0x9b504536b1897347,x10=0x9b504536b1897347,x11=0x3e8,x12=0x3,x13=0x706f6f6c5f657469,x14=0x7c0fa4e280,x15=0x0,x16=0x5f5c8f5a00,x17=0x7c0c1d9700,x18=0x7c0f35c000,x19=0x5f5c8f470c,x20=0x1,x21=0x1,x22=0x7fd3b20218,x23=0x7fd3b20220,x24=0x0,x25=0x0,x26=0x0,x27=0x0,x28=0x0,x29=0x7fd3b20190,lr=0x5f5c8f4734,sp=0x7fd3b20180,pc=0x7c0c1d9700]
[15012|15012] event_addr:0x7c0c1d9700 hit_count:1461, Regs:
[x0=0x1,x1=0x5f5c8f3598,x2=0x1,x3=0x7fd3b201e8,x4=0x0,x5=0x1414d4c,x6=0x1414d4c,x7=0x0,x8=0x9b504536b1897347,x9=0x9b504536b1897347,x10=0x9b504536b1897347,x11=0x3e8,x12=0x3,x13=0x706f6f6c5f657469,x14=0x7c0fa4e280,x15=0x0,x16=0x5f5c8f5a00,x17=0x7c0c1d9700,x18=0x7c0f35c000,x19=0x5f5c8f470c,x20=0x1,x21=0x1,x22=0x7fd3b20218,x23=0x7fd3b20220,x24=0x0,x25=0x0,x26=0x0,x27=0x0,x28=0x0,x29=0x7fd3b20190,lr=0x5f5c8f4734,sp=0x7fd3b20180,pc=0x7c0c1d9700]
[15012|15012] event_addr:0x7c0c1d9700 hit_count:1462, Regs:
[x0=0x1,x1=0x5f5c8f3598,x2=0x1,x3=0x7fd3b201e8,x4=0x0,x5=0x1414d4c,x6=0x1414d4c,x7=0x0,x8=0x9b504536b1897347,x9=0x9b504536b1897347,x10=0x9b504536b1897347,x11=0x3e8,x12=0x3,x13=0x706f6f6c5f657469,x14=0x7c0fa4e280,x15=0x0,x16=0x5f5c8f5a00,x17=0x7c0c1d9700,x18=0x7c0f35c000,x19=0x5f5c8f470c,x20=0x1,x21=0x1,x22=0x7fd3b20218,x23=0x7fd3b20220,x24=0x0,x25=0x0,x26=0x0,x27=0x0,x28=0x0,x29=0x7fd3b20190,lr=0x5f5c8f4734,sp=0x7fd3b20180,pc=0x7c0c1d9700]
[15012|15012] event_addr:0x7c0c1d9700 hit_count:1464, Regs:
[x0=0x1,x1=0x5f5c8f3598,x2=0x1,x3=0x7fd3b201e8,x4=0x0,x5=0x1414d4c,x6=0x1414d4c,x7=0x0,x8=0x9b504536b1897347,x9=0x9b504536b1897347,x10=0x9b504536b1897347,x11=0x3e8,x12=0x3,x13=0x706f6f6c5f657469,x14=0x7c0fa4e280,x15=0x0,x16=0x5f5c8f5a00,x17=0x7c0c1d9700,x18=0x7c0f35c000,x19=0x5f5c8f470c,x20=0x1,x21=0x1,x22=0x7fd3b20218,x23=0x7fd3b20220,x24=0x0,x25=0x0,x26=0x0,x27=0x0,x28=0x0,x29=0x7fd3b20190,lr=0x5f5c8f4734,sp=0x7fd3b20180,pc=0x7c0c1d9700]
[15012|15012] event_addr:0x7c0c1d9700 hit_count:1464, Regs:
[x0=0x1,x1=0x5f5c8f3598,x2=0x1,x3=0x7fd3b201e8,x4=0x0,x5=0x1414d4c,x6=0x1414d4c,x7=0x0,x8=0x9b504536b1897347,x9=0x9b504536b1897347,x10=0x9b504536b1897347,x11=0x3e8,x12=0x3,x13=0x706f6f6c5f657469,x14=0x7c0fa4e280,x15=0x0,x16=0x5f5c8f5a00,x17=0x7c0c1d9700,x18=0x7c0f35c000,x19=0x5f5c8f470c,x20=0x1,x21=0x1,x22=0x7fd3b20218,x23=0x7fd3b20220,x24=0x0,x25=0x0,x26=0x0,x27=0x0,x28=0x0,x29=0x7fd3b20190,lr=0x5f5c8f4734,sp=0x7fd3b20180,pc=0x7c0c1d9700]
[15012|15012] event_addr:0x7c0c1d9700 hit_count:1465, Regs:
[x0=0x1,x1=0x5f5c8f3598,x2=0x1,x3=0x7fd3b201e8,x4=0x0,x5=0x1414d4c,x6=0x1414d4c,x7=0x0,x8=0x9b504536b1897347,x9=0x9b504536b1897347,x10=0x9b504536b1897347,x11=0x3e8,x12=0x3,x13=0x706f6f6c5f657469,x14=0x7c0fa4e280,x15=0x0,x16=0x5f5c8f5a00,x17=0x7c0c1d9700,x18=0x7c0f35c000,x19=0x5f5c8f470c,x20=0x1,x21=0x1,x22=0x7fd3b20218,x23=0x7fd3b20220,x24=0x0,x25=0x0,x26=0x0,x27=0x0,x28=0x0,x29=0x7fd3b20190,lr=0x5f5c8f4734,sp=0x7fd3b20180,pc=0x7c0c1d9700]
[15012|15012] event_addr:0x7c0c1d9700 hit_count:1466, Regs:
[x0=0x1,x1=0x5f5c8f3598,x2=0x1,x3=0x7fd3b201e8,x4=0x0,x5=0x1414d4c,x6=0x1414d4c,x7=0x0,x8=0x9b504536b1897347,x9=0x9b504536b1897347,x10=0x9b504536b1897347,x11=0x3e8,x12=0x3,x13=0x706f6f6c5f657469,x14=0x7c0fa4e280,x15=0x0,x16=0x5f5c8f5a00,x17=0x7c0c1d9700,x18=0x7c0f35c000,x19=0x5f5c8f470c,x20=0x1,x21=0x1,x22=0x7fd3b20218,x23=0x7fd3b20220,x24=0x0,x25=0x0,x26=0x0,x27=0x0,x28=0x0,x29=0x7fd3b20190,lr=0x5f5c8f4734,sp=0x7fd3b20180,pc=0x7c0c1d9700]
[15012|15012] event_addr:0x7c0c1d9700 hit_count:1467, Regs:
[x0=0x1,x1=0x5f5c8f3598,x2=0x1,x3=0x7fd3b201e8,x4=0x0,x5=0x1414d4c,x6=0x1414d4c,x7=0x0,x8=0x9b504536b1897347,x9=0x9b504536b1897347,x10=0x9b504536b1897347,x11=0x3e8,x12=0x3,x13=0x706f6f6c5f657469,x14=0x7c0fa4e280,x15=0x0,x16=0x5f5c8f5a00,x17=0x7c0c1d9700,x18=0x7c0f35c000,x19=0x5f5c8f470c,x20=0x1,x21=0x1,x22=0x7fd3b20218,x23=0x7fd3b20220,x24=0x0,x25=0x0,x26=0x0,x27=0x0,x28=0x0,x29=0x7fd3b20190,lr=0x5f5c8f4734,sp=0x7fd3b20180,pc=0x7c0c1d9700]
[15012|15012] event_addr:0x7c0c1d9700 hit_count:1468, Regs:
[x0=0x1,x1=0x5f5c8f3598,x2=0x1,x3=0x7fd3b201e8,x4=0x0,x5=0x1414d4c,x6=0x1414d4c,x7=0x0,x8=0x9b504536b1897347,x9=0x9b504536b1897347,x10=0x9b504536b1897347,x11=0x3e8,x12=0x3,x13=0x706f6f6c5f657469,x14=0x7c0fa4e280,x15=0x0,x16=0x5f5c8f5a00,x17=0x7c0c1d9700,x18=0x7c0f35c000,x19=0x5f5c8f470c,x20=0x1,x21=0x1,x22=0x7fd3b20218,x23=0x7fd3b20220,x24=0x0,x25=0x0,x26=0x0,x27=0x0,x28=0x0,x29=0x7fd3b20190,lr=0x5f5c8f4734,sp=0x7fd3b20180,pc=0x7c0c1d9700]
[15012|15012] event_addr:0x7c0c1d9700 hit_count:1469, Regs:
[x0=0x1,x1=0x5f5c8f3598,x2=0x1,x3=0x7fd3b201e8,x4=0x0,x5=0x1414d4c,x6=0x1414d4c,x7=0x0,x8=0x9b504536b1897347,x9=0x9b504536b1897347,x10=0x9b504536b1897347,x11=0x3e8,x12=0x3,x13=0x706f6f6c5f657469,x14=0x7c0fa4e280,x15=0x0,x16=0x5f5c8f5a00,x17=0x7c0c1d9700,x18=0x7c0f35c000,x19=0x5f5c8f470c,x20=0x1,x21=0x1,x22=0x7fd3b20218,x23=0x7fd3b20220,x24=0x0,x25=0x0,x26=0x0,x27=0x0,x28=0x0,x29=0x7fd3b20190,lr=0x5f5c8f4734,sp=0x7fd3b20180,pc=0x7c0c1d9700]
[15012|15012] event_addr:0x7c0c1d9700 hit_count:1470, Regs:
[x0=0x1,x1=0x5f5c8f3598,x2=0x1,x3=0x7fd3b201e8,x4=0x0,x5=0x1414d4c,x6=0x1414d4c,x7=0x0,x8=0x9b504536b1897347,x9=0x9b504536b1897347,x10=0x9b504536b1897347,x11=0x3e8,x12=0x3,x13=0x706f6f6c5f657469,x14=0x7c0fa4e280,x15=0x0,x16=0x5f5c8f5a00,x17=0x7c0c1d9700,x18=0x7c0f35c000,x19=0x5f5c8f470c,x20=0x1,x21=0x1,x22=0x7fd3b20218,x23=0x7fd3b20220,x24=0x0,x25=0x0,x26=0x0,x27=0x0,x28=0x0,x29=0x7fd3b20190,lr=0x5f5c8f4734,sp=0x7fd3b20180,pc=0x7c0c1d9700]
[15012|15012] event_addr:0x7c0c1d9700 hit_count:1471, Regs:
[x0=0x1,x1=0x5f5c8f3598,x2=0x1,x3=0x7fd3b201e8,x4=0x0,x5=0x1414d4c,x6=0x1414d4c,x7=0x0,x8=0x9b504536b1897347,x9=0x9b504536b1897347,x10=0x9b504536b1897347,x11=0x3e8,x12=0x3,x13=0x706f6f6c5f657469,x14=0x7c0fa4e280,x15=0x0,x16=0x5f5c8f5a00,x17=0x7c0c1d9700,x18=0x7c0f35c000,x19=0x5f5c8f470c,x20=0x1,x21=0x1,x22=0x7fd3b20218,x23=0x7fd3b20220,x24=0x0,x25=0x0,x26=0x0,x27=0x0,x28=0x0,x29=0x7fd3b20190,lr=0x5f5c8f4734,sp=0x7fd3b20180,pc=0x7c0c1d9700]
[15012|15012] event_addr:0x7c0c1d9700 hit_count:1472, Regs:
[x0=0x1,x1=0x5f5c8f3598,x2=0x1,x3=0x7fd3b201e8,x4=0x0,x5=0x1414d4c,x6=0x1414d4c,x7=0x0,x8=0x9b504536b1897347,x9=0x9b504536b1897347,x10=0x9b504536b1897347,x11=0x3e8,x12=0x3,x13=0x706f6f6c5f657469,x14=0x7c0fa4e280,x15=0x0,x16=0x5f5c8f5a00,x17=0x7c0c1d9700,x18=0x7c0f35c000,x19=0x5f5c8f470c,x20=0x1,x21=0x1,x22=0x7fd3b20218,x23=0x7fd3b20220,x24=0x0,x25=0x0,x26=0x0,x27=0x0,x28=0x0,x29=0x7fd3b20190,lr=0x5f5c8f4734,sp=0x7fd3b20180,pc=0x7c0c1d9700]
[15012|15012] event_addr:0x7c0c1d9700 hit_count:1473, Regs:
[x0=0x1,x1=0x5f5c8f3598,x2=0x1,x3=0x7fd3b201e8,x4=0x0,x5=0x1414d4c,x6=0x1414d4c,x7=0x0,x8=0x9b504536b1897347,x9=0x9b504536b1897347,x10=0x9b504536b1897347,x11=0x3e8,x12=0x3,x13=0x706f6f6c5f657469,x14=0x7c0fa4e280,x15=0x0,x16=0x5f5c8f5a00,x17=0x7c0c1d9700,x18=0x7c0f35c000,x19=0x5f5c8f470c,x20=0x1,x21=0x1,x22=0x7fd3b20218,x23=0x7fd3b20220,x24=0x0,x25=0x0,x26=0x0,x27=0x0,x28=0x0,x29=0x7fd3b20190,lr=0x5f5c8f4734,sp=0x7fd3b20180,pc=0x7c0c1d9700]
[15012|15012] event_addr:0x7c0c1d9700 hit_count:1474, Regs:
[x0=0x1,x1=0x5f5c8f3598,x2=0x1,x3=0x7fd3b201e8,x4=0x0,x5=0x1414d4c,x6=0x1414d4c,x7=0x0,x8=0x9b504536b1897347,x9=0x9b504536b1897347,x10=0x9b504536b1897347,x11=0x3e8,x12=0x3,x13=0x706f6f6c5f657469,x14=0x7c0fa4e280,x15=0x0,x16=0x5f5c8f5a00,x17=0x7c0c1d9700,x18=0x7c0f35c000,x19=0x5f5c8f470c,x20=0x1,x21=0x1,x22=0x7fd3b20218,x23=0x7fd3b20220,x24=0x0,x25=0x0,x26=0x0,x27=0x0,x28=0x0,x29=0x7fd3b20190,lr=0x5f5c8f4734,sp=0x7fd3b20180,pc=0x7c0c1d9700]
[15012|15012] event_addr:0x7c0c1d9700 hit_count:1475, Regs:
[x0=0x1,x1=0x5f5c8f3598,x2=0x1,x3=0x7fd3b201e8,x4=0x0,x5=0x1414d4c,x6=0x1414d4c,x7=0x0,x8=0x9b504536b1897347,x9=0x9b504536b1897347,x10=0x9b504536b1897347,x11=0x3e8,x12=0x3,x13=0x706f6f6c5f657469,x14=0x7c0fa4e280,x15=0x0,x16=0x5f5c8f5a00,x17=0x7c0c1d9700,x18=0x7c0f35c000,x19=0x5f5c8f470c,x20=0x1,x21=0x1,x22=0x7fd3b20218,x23=0x7fd3b20220,x24=0x0,x25=0x0,x26=0x0,x27=0x0,x28=0x0,x29=0x7fd3b20190,lr=0x5f5c8f4734,sp=0x7fd3b20180,pc=0x7c0c1d9700]
[15012|15012] event_addr:0x7c0c1d9700 hit_count:1476, Regs:
[x0=0x1,x1=0x5f5c8f3598,x2=0x1,x3=0x7fd3b201e8,x4=0x0,x5=0x1414d4c,x6=0x1414d4c,x7=0x0,x8=0x9b504536b1897347,x9=0x9b504536b1897347,x10=0x9b504536b1897347,x11=0x3e8,x12=0x3,x13=0x706f6f6c5f657469,x14=0x7c0fa4e280,x15=0x0,x16=0x5f5c8f5a00,x17=0x7c0c1d9700,x18=0x7c0f35c000,x19=0x5f5c8f470c,x20=0x1,x21=0x1,x22=0x7fd3b20218,x23=0x7fd3b20220,x24=0x0,x25=0x0,x26=0x0,x27=0x0,x28=0x0,x29=0x7fd3b20190,lr=0x5f5c8f4734,sp=0x7fd3b20180,pc=0x7c0c1d9700]
[15012|15012] event_addr:0x7c0c1d9700 hit_count:1477, Regs:
[x0=0x1,x1=0x5f5c8f3598,x2=0x1,x3=0x7fd3b201e8,x4=0x0,x5=0x1414d4c,x6=0x1414d4c,x7=0x0,x8=0x9b504536b1897347,x9=0x9b504536b1897347,x10=0x9b504536b1897347,x11=0x3e8,x12=0x3,x13=0x706f6f6c5f657469,x14=0x7c0fa4e280,x15=0x0,x16=0x5f5c8f5a00,x17=0x7c0c1d9700,x18=0x7c0f35c000,x19=0x5f5c8f470c,x20=0x1,x21=0x1,x22=0x7fd3b20218,x23=0x7fd3b20220,x24=0x0,x25=0x0,x26=0x0,x27=0x0,x28=0x0,x29=0x7fd3b20190,lr=0x5f5c8f4734,sp=0x7fd3b20180,pc=0x7c0c1d9700]
[15012|15012] event_addr:0x7c0c1d9700 hit_count:1478, Regs:
[x0=0x1,x1=0x5f5c8f3598,x2=0x1,x3=0x7fd3b201e8,x4=0x0,x5=0x1414d4c,x6=0x1414d4c,x7=0x0,x8=0x9b504536b1897347,x9=0x9b504536b1897347,x10=0x9b504536b1897347,x11=0x3e8,x12=0x3,x13=0x706f6f6c5f657469,x14=0x7c0fa4e280,x15=0x0,x16=0x5f5c8f5a00,x17=0x7c0c1d9700,x18=0x7c0f35c000,x19=0x5f5c8f470c,x20=0x1,x21=0x1,x22=0x7fd3b20218,x23=0x7fd3b20220,x24=0x0,x25=0x0,x26=0x0,x27=0x0,x28=0x0,x29=0x7fd3b20190,lr=0x5f5c8f4734,sp=0x7fd3b20180,pc=0x7c0c1d9700]
[15012|15012] event_addr:0x7c0c1d9700 hit_count:1479, Regs:
[x0=0x1,x1=0x5f5c8f3598,x2=0x1,x3=0x7fd3b201e8,x4=0x0,x5=0x1414d4c,x6=0x1414d4c,x7=0x0,x8=0x9b504536b1897347,x9=0x9b504536b1897347,x10=0x9b504536b1897347,x11=0x3e8,x12=0x3,x13=0x706f6f6c5f657469,x14=0x7c0fa4e280,x15=0x0,x16=0x5f5c8f5a00,x17=0x7c0c1d9700,x18=0x7c0f35c000,x19=0x5f5c8f470c,x20=0x1,x21=0x1,x22=0x7fd3b20218,x23=0x7fd3b20220,x24=0x0,x25=0x0,x26=0x0,x27=0x0,x28=0x0,x29=0x7fd3b20190,lr=0x5f5c8f4734,sp=0x7fd3b20180,pc=0x7c0c1d9700]
[15012|15012] event_addr:0x7c0c1d9700 hit_count:1480, Regs:
[x0=0x1,x1=0x5f5c8f3598,x2=0x1,x3=0x7fd3b201e8,x4=0x0,x5=0x1414d4c,x6=0x1414d4c,x7=0x0,x8=0x9b504536b1897347,x9=0x9b504536b1897347,x10=0x9b504536b1897347,x11=0x3e8,x12=0x3,x13=0x706f6f6c5f657469,x14=0x7c0fa4e280,x15=0x0,x16=0x5f5c8f5a00,x17=0x7c0c1d9700,x18=0x7c0f35c000,x19=0x5f5c8f470c,x20=0x1,x21=0x1,x22=0x7fd3b20218,x23=0x7fd3b20220,x24=0x0,x25=0x0,x26=0x0,x27=0x0,x28=0x0,x29=0x7fd3b20190,lr=0x5f5c8f4734,sp=0x7fd3b20180,pc=0x7c0c1d9700]
[15012|15012] event_addr:0x7c0c1d9700 hit_count:1481, Regs:
[x0=0x1,x1=0x5f5c8f3598,x2=0x1,x3=0x7fd3b201e8,x4=0x0,x5=0x1414d4c,x6=0x1414d4c,x7=0x0,x8=0x9b504536b1897347,x9=0x9b504536b1897347,x10=0x9b504536b1897347,x11=0x3e8,x12=0x3,x13=0x706f6f6c5f657469,x14=0x7c0fa4e280,x15=0x0,x16=0x5f5c8f5a00,x17=0x7c0c1d9700,x18=0x7c0f35c000,x19=0x5f5c8f470c,x20=0x1,x21=0x1,x22=0x7fd3b20218,x23=0x7fd3b20220,x24=0x0,x25=0x0,x26=0x0,x27=0x0,x28=0x0,x29=0x7fd3b20190,lr=0x5f5c8f4734,sp=0x7fd3b20180,pc=0x7c0c1d9700]
[15012|15012] event_addr:0x7c0c1d9700 hit_count:1482, Regs:
[x0=0x1,x1=0x5f5c8f3598,x2=0x1,x3=0x7fd3b201e8,x4=0x0,x5=0x1414d4c,x6=0x1414d4c,x7=0x0,x8=0x9b504536b1897347,x9=0x9b504536b1897347,x10=0x9b504536b1897347,x11=0x3e8,x12=0x3,x13=0x706f6f6c5f657469,x14=0x7c0fa4e280,x15=0x0,x16=0x5f5c8f5a00,x17=0x7c0c1d9700,x18=0x7c0f35c000,x19=0x5f5c8f470c,x20=0x1,x21=0x1,x22=0x7fd3b20218,x23=0x7fd3b20220,x24=0x0,x25=0x0,x26=0x0,x27=0x0,x28=0x0,x29=0x7fd3b20190,lr=0x5f5c8f4734,sp=0x7fd3b20180,pc=0x7c0c1d9700]
[15012|15012] event_addr:0x7c0c1d9700 hit_count:1483, Regs:
[x0=0x1,x1=0x5f5c8f3598,x2=0x1,x3=0x7fd3b201e8,x4=0x0,x5=0x1414d4c,x6=0x1414d4c,x7=0x0,x8=0x9b504536b1897347,x9=0x9b504536b1897347,x10=0x9b504536b1897347,x11=0x3e8,x12=0x3,x13=0x706f6f6c5f657469,x14=0x7c0fa4e280,x15=0x0,x16=0x5f5c8f5a00,x17=0x7c0c1d9700,x18=0x7c0f35c000,x19=0x5f5c8f470c,x20=0x1,x21=0x1,x22=0x7fd3b20218,x23=0x7fd3b20220,x24=0x0,x25=0x0,x26=0x0,x27=0x0,x28=0x0,x29=0x7fd3b20190,lr=0x5f5c8f4734,sp=0x7fd3b20180,pc=0x7c0c1d9700]
[15012|15012] event_addr:0x7c0c1d9700 hit_count:1484, Regs:
[x0=0x1,x1=0x5f5c8f3598,x2=0x1,x3=0x7fd3b201e8,x4=0x0,x5=0x1414d4c,x6=0x1414d4c,x7=0x0,x8=0x9b504536b1897347,x9=0x9b504536b1897347,x10=0x9b504536b1897347,x11=0x3e8,x12=0x3,x13=0x706f6f6c5f657469,x14=0x7c0fa4e280,x15=0x0,x16=0x5f5c8f5a00,x17=0x7c0c1d9700,x18=0x7c0f35c000,x19=0x5f5c8f470c,x20=0x1,x21=0x1,x22=0x7fd3b20218,x23=0x7fd3b20220,x24=0x0,x25=0x0,x26=0x0,x27=0x0,x28=0x0,x29=0x7fd3b20190,lr=0x5f5c8f4734,sp=0x7fd3b20180,pc=0x7c0c1d9700]
[15012|15012] event_addr:0x7c0c1d9700 hit_count:1485, Regs:
[x0=0x1,x1=0x5f5c8f3598,x2=0x1,x3=0x7fd3b201e8,x4=0x0,x5=0x1414d4c,x6=0x1414d4c,x7=0x0,x8=0x9b504536b1897347,x9=0x9b504536b1897347,x10=0x9b504536b1897347,x11=0x3e8,x12=0x3,x13=0x706f6f6c5f657469,x14=0x7c0fa4e280,x15=0x0,x16=0x5f5c8f5a00,x17=0x7c0c1d9700,x18=0x7c0f35c000,x19=0x5f5c8f470c,x20=0x1,x21=0x1,x22=0x7fd3b20218,x23=0x7fd3b20220,x24=0x0,x25=0x0,x26=0x0,x27=0x0,x28=0x0,x29=0x7fd3b20190,lr=0x5f5c8f4734,sp=0x7fd3b20180,pc=0x7c0c1d9700]
[15012|15012] event_addr:0x7c0c1d9700 hit_count:1486, Regs:
[x0=0x1,x1=0x5f5c8f3598,x2=0x1,x3=0x7fd3b201e8,x4=0x0,x5=0x1414d4c,x6=0x1414d4c,x7=0x0,x8=0x9b504536b1897347,x9=0x9b504536b1897347,x10=0x9b504536b1897347,x11=0x3e8,x12=0x3,x13=0x706f6f6c5f657469,x14=0x7c0fa4e280,x15=0x0,x16=0x5f5c8f5a00,x17=0x7c0c1d9700,x18=0x7c0f35c000,x19=0x5f5c8f470c,x20=0x1,x21=0x1,x22=0x7fd3b20218,x23=0x7fd3b20220,x24=0x0,x25=0x0,x26=0x0,x27=0x0,x28=0x0,x29=0x7fd3b20190,lr=0x5f5c8f4734,sp=0x7fd3b20180,pc=0x7c0c1d9700]
[15012|15012] event_addr:0x7c0c1d9700 hit_count:1487, Regs:
[x0=0x1,x1=0x5f5c8f3598,x2=0x1,x3=0x7fd3b201e8,x4=0x0,x5=0x1414d4c,x6=0x1414d4c,x7=0x0,x8=0x9b504536b1897347,x9=0x9b504536b1897347,x10=0x9b504536b1897347,x11=0x3e8,x12=0x3,x13=0x706f6f6c5f657469,x14=0x7c0fa4e280,x15=0x0,x16=0x5f5c8f5a00,x17=0x7c0c1d9700,x18=0x7c0f35c000,x19=0x5f5c8f470c,x20=0x1,x21=0x1,x22=0x7fd3b20218,x23=0x7fd3b20220,x24=0x0,x25=0x0,x26=0x0,x27=0x0,x28=0x0,x29=0x7fd3b20190,lr=0x5f5c8f4734,sp=0x7fd3b20180,pc=0x7c0c1d9700]
[15012|15012] event_addr:0x7c0c1d9700 hit_count:1488, Regs:
[x0=0x1,x1=0x5f5c8f3598,x2=0x1,x3=0x7fd3b201e8,x4=0x0,x5=0x1414d4c,x6=0x1414d4c,x7=0x0,x8=0x9b504536b1897347,x9=0x9b504536b1897347,x10=0x9b504536b1897347,x11=0x3e8,x12=0x3,x13=0x706f6f6c5f657469,x14=0x7c0fa4e280,x15=0x0,x16=0x5f5c8f5a00,x17=0x7c0c1d9700,x18=0x7c0f35c000,x19=0x5f5c8f470c,x20=0x1,x21=0x1,x22=0x7fd3b20218,x23=0x7fd3b20220,x24=0x0,x25=0x0,x26=0x0,x27=0x0,x28=0x0,x29=0x7fd3b20190,lr=0x5f5c8f4734,sp=0x7fd3b20180,pc=0x7c0c1d9700]
[15012|15012] event_addr:0x7c0c1d9700 hit_count:1489, Regs:
[x0=0x1,x1=0x5f5c8f3598,x2=0x1,x3=0x7fd3b201e8,x4=0x0,x5=0x1414d4c,x6=0x1414d4c,x7=0x0,x8=0x9b504536b1897347,x9=0x9b504536b1897347,x10=0x9b504536b1897347,x11=0x3e8,x12=0x3,x13=0x706f6f6c5f657469,x14=0x7c0fa4e280,x15=0x0,x16=0x5f5c8f5a00,x17=0x7c0c1d9700,x18=0x7c0f35c000,x19=0x5f5c8f470c,x20=0x1,x21=0x1,x22=0x7fd3b20218,x23=0x7fd3b20220,x24=0x0,x25=0x0,x26=0x0,x27=0x0,x28=0x0,x29=0x7fd3b20190,lr=0x5f5c8f4734,sp=0x7fd3b20180,pc=0x7c0c1d9700]
[15012|15012] event_addr:0x7c0c1d9700 hit_count:1490, Regs:
[x0=0x1,x1=0x5f5c8f3598,x2=0x1,x3=0x7fd3b201e8,x4=0x0,x5=0x1414d4c,x6=0x1414d4c,x7=0x0,x8=0x9b504536b1897347,x9=0x9b504536b1897347,x10=0x9b504536b1897347,x11=0x3e8,x12=0x3,x13=0x706f6f6c5f657469,x14=0x7c0fa4e280,x15=0x0,x16=0x5f5c8f5a00,x17=0x7c0c1d9700,x18=0x7c0f35c000,x19=0x5f5c8f470c,x20=0x1,x21=0x1,x22=0x7fd3b20218,x23=0x7fd3b20220,x24=0x0,x25=0x0,x26=0x0,x27=0x0,x28=0x0,x29=0x7fd3b20190,lr=0x5f5c8f4734,sp=0x7fd3b20180,pc=0x7c0c1d9700]
[15012|15012] event_addr:0x7c0c1d9700 hit_count:1491, Regs:
[x0=0x1,x1=0x5f5c8f3598,x2=0x1,x3=0x7fd3b201e8,x4=0x0,x5=0x1414d4c,x6=0x1414d4c,x7=0x0,x8=0x9b504536b1897347,x9=0x9b504536b1897347,x10=0x9b504536b1897347,x11=0x3e8,x12=0x3,x13=0x706f6f6c5f657469,x14=0x7c0fa4e280,x15=0x0,x16=0x5f5c8f5a00,x17=0x7c0c1d9700,x18=0x7c0f35c000,x19=0x5f5c8f470c,x20=0x1,x21=0x1,x22=0x7fd3b20218,x23=0x7fd3b20220,x24=0x0,x25=0x0,x26=0x0,x27=0x0,x28=0x0,x29=0x7fd3b20190,lr=0x5f5c8f4734,sp=0x7fd3b20180,pc=0x7c0c1d9700]
[15012|15012] event_addr:0x7c0c1d9700 hit_count:1492, Regs:
[x0=0x1,x1=0x5f5c8f3598,x2=0x1,x3=0x7fd3b201e8,x4=0x0,x5=0x1414d4c,x6=0x1414d4c,x7=0x0,x8=0x9b504536b1897347,x9=0x9b504536b1897347,x10=0x9b504536b1897347,x11=0x3e8,x12=0x3,x13=0x706f6f6c5f657469,x14=0x7c0fa4e280,x15=0x0,x16=0x5f5c8f5a00,x17=0x7c0c1d9700,x18=0x7c0f35c000,x19=0x5f5c8f470c,x20=0x1,x21=0x1,x22=0x7fd3b20218,x23=0x7fd3b20220,x24=0x0,x25=0x0,x26=0x0,x27=0x0,x28=0x0,x29=0x7fd3b20190,lr=0x5f5c8f4734,sp=0x7fd3b20180,pc=0x7c0c1d9700]
[15012|15012] event_addr:0x7c0c1d9700 hit_count:1493, Regs:
[x0=0x1,x1=0x5f5c8f3598,x2=0x1,x3=0x7fd3b201e8,x4=0x0,x5=0x1414d4c,x6=0x1414d4c,x7=0x0,x8=0x9b504536b1897347,x9=0x9b504536b1897347,x10=0x9b504536b1897347,x11=0x3e8,x12=0x3,x13=0x706f6f6c5f657469,x14=0x7c0fa4e280,x15=0x0,x16=0x5f5c8f5a00,x17=0x7c0c1d9700,x18=0x7c0f35c000,x19=0x5f5c8f470c,x20=0x1,x21=0x1,x22=0x7fd3b20218,x23=0x7fd3b20220,x24=0x0,x25=0x0,x26=0x0,x27=0x0,x28=0x0,x29=0x7fd3b20190,lr=0x5f5c8f4734,sp=0x7fd3b20180,pc=0x7c0c1d9700]
[15012|15012] event_addr:0x7c0c1d9700 hit_count:1494, Regs:
[x0=0x1,x1=0x5f5c8f3598,x2=0x1,x3=0x7fd3b201e8,x4=0x0,x5=0x1414d4c,x6=0x1414d4c,x7=0x0,x8=0x9b504536b1897347,x9=0x9b504536b1897347,x10=0x9b504536b1897347,x11=0x3e8,x12=0x3,x13=0x706f6f6c5f657469,x14=0x7c0fa4e280,x15=0x0,x16=0x5f5c8f5a00,x17=0x7c0c1d9700,x18=0x7c0f35c000,x19=0x5f5c8f470c,x20=0x1,x21=0x1,x22=0x7fd3b20218,x23=0x7fd3b20220,x24=0x0,x25=0x0,x26=0x0,x27=0x0,x28=0x0,x29=0x7fd3b20190,lr=0x5f5c8f4734,sp=0x7fd3b20180,pc=0x7c0c1d9700]
[15012|15012] event_addr:0x7c0c1d9700 hit_count:1495, Regs:
[x0=0x1,x1=0x5f5c8f3598,x2=0x1,x3=0x7fd3b201e8,x4=0x0,x5=0x1414d4c,x6=0x1414d4c,x7=0x0,x8=0x9b504536b1897347,x9=0x9b504536b1897347,x10=0x9b504536b1897347,x11=0x3e8,x12=0x3,x13=0x706f6f6c5f657469,x14=0x7c0fa4e280,x15=0x0,x16=0x5f5c8f5a00,x17=0x7c0c1d9700,x18=0x7c0f35c000,x19=0x5f5c8f470c,x20=0x1,x21=0x1,x22=0x7fd3b20218,x23=0x7fd3b20220,x24=0x0,x25=0x0,x26=0x0,x27=0x0,x28=0x0,x29=0x7fd3b20190,lr=0x5f5c8f4734,sp=0x7fd3b20180,pc=0x7c0c1d9700]
[15012|15012] event_addr:0x7c0c1d9700 hit_count:1496, Regs:
[x0=0x1,x1=0x5f5c8f3598,x2=0x1,x3=0x7fd3b201e8,x4=0x0,x5=0x1414d4c,x6=0x1414d4c,x7=0x0,x8=0x9b504536b1897347,x9=0x9b504536b1897347,x10=0x9b504536b1897347,x11=0x3e8,x12=0x3,x13=0x706f6f6c5f657469,x14=0x7c0fa4e280,x15=0x0,x16=0x5f5c8f5a00,x17=0x7c0c1d9700,x18=0x7c0f35c000,x19=0x5f5c8f470c,x20=0x1,x21=0x1,x22=0x7fd3b20218,x23=0x7fd3b20220,x24=0x0,x25=0x0,x26=0x0,x27=0x0,x28=0x0,x29=0x7fd3b20190,lr=0x5f5c8f4734,sp=0x7fd3b20180,pc=0x7c0c1d9700]
[15012|15012] event_addr:0x7c0c1d9700 hit_count:1497, Regs:
[x0=0x1,x1=0x5f5c8f3598,x2=0x1,x3=0x7fd3b201e8,x4=0x0,x5=0x1414d4c,x6=0x1414d4c,x7=0x0,x8=0x9b504536b1897347,x9=0x9b504536b1897347,x10=0x9b504536b1897347,x11=0x3e8,x12=0x3,x13=0x706f6f6c5f657469,x14=0x7c0fa4e280,x15=0x0,x16=0x5f5c8f5a00,x17=0x7c0c1d9700,x18=0x7c0f35c000,x19=0x5f5c8f470c,x20=0x1,x21=0x1,x22=0x7fd3b20218,x23=0x7fd3b20220,x24=0x0,x25=0x0,x26=0x0,x27=0x0,x28=0x0,x29=0x7fd3b20190,lr=0x5f5c8f4734,sp=0x7fd3b20180,pc=0x7c0c1d9700]
[15012|15012] event_addr:0x7c0c1d9700 hit_count:1499, Regs:
[x0=0x1,x1=0x5f5c8f3598,x2=0x1,x3=0x7fd3b201e8,x4=0x0,x5=0x1414d4c,x6=0x1414d4c,x7=0x0,x8=0x9b504536b1897347,x9=0x9b504536b1897347,x10=0x9b504536b1897347,x11=0x3e8,x12=0x3,x13=0x706f6f6c5f657469,x14=0x7c0fa4e280,x15=0x0,x16=0x5f5c8f5a00,x17=0x7c0c1d9700,x18=0x7c0f35c000,x19=0x5f5c8f470c,x20=0x1,x21=0x1,x22=0x7fd3b20218,x23=0x7fd3b20220,x24=0x0,x25=0x0,x26=0x0,x27=0x0,x28=0x0,x29=0x7fd3b20190,lr=0x5f5c8f4734,sp=0x7fd3b20180,pc=0x7c0c1d9700]
[15012|15012] event_addr:0x7c0c1d9700 hit_count:1499, Regs:
[x0=0x1,x1=0x5f5c8f3598,x2=0x1,x3=0x7fd3b201e8,x4=0x0,x5=0x1414d4c,x6=0x1414d4c,x7=0x0,x8=0x9b504536b1897347,x9=0x9b504536b1897347,x10=0x9b504536b1897347,x11=0x3e8,x12=0x3,x13=0x706f6f6c5f657469,x14=0x7c0fa4e280,x15=0x0,x16=0x5f5c8f5a00,x17=0x7c0c1d9700,x18=0x7c0f35c000,x19=0x5f5c8f470c,x20=0x1,x21=0x1,x22=0x7fd3b20218,x23=0x7fd3b20220,x24=0x0,x25=0x0,x26=0x0,x27=0x0,x28=0x0,x29=0x7fd3b20190,lr=0x5f5c8f4734,sp=0x7fd3b20180,pc=0x7c0c1d9700]
[15012|15012] event_addr:0x7c0c1d9700 hit_count:1500, Regs:
[x0=0x1,x1=0x5f5c8f3598,x2=0x1,x3=0x7fd3b201e8,x4=0x0,x5=0x1414d4c,x6=0x1414d4c,x7=0x0,x8=0x9b504536b1897347,x9=0x9b504536b1897347,x10=0x9b504536b1897347,x11=0x3e8,x12=0x3,x13=0x706f6f6c5f657469,x14=0x7c0fa4e280,x15=0x0,x16=0x5f5c8f5a00,x17=0x7c0c1d9700,x18=0x7c0f35c000,x19=0x5f5c8f470c,x20=0x1,x21=0x1,x22=0x7fd3b20218,x23=0x7fd3b20220,x24=0x0,x25=0x0,x26=0x0,x27=0x0,x28=0x0,x29=0x7fd3b20190,lr=0x5f5c8f4734,sp=0x7fd3b20180,pc=0x7c0c1d9700]
[15012|15012] event_addr:0x7c0c1d9700 hit_count:1501, Regs:
[x0=0x1,x1=0x5f5c8f3598,x2=0x1,x3=0x7fd3b201e8,x4=0x0,x5=0x1414d4c,x6=0x1414d4c,x7=0x0,x8=0x9b504536b1897347,x9=0x9b504536b1897347,x10=0x9b504536b1897347,x11=0x3e8,x12=0x3,x13=0x706f6f6c5f657469,x14=0x7c0fa4e280,x15=0x0,x16=0x5f5c8f5a00,x17=0x7c0c1d9700,x18=0x7c0f35c000,x19=0x5f5c8f470c,x20=0x1,x21=0x1,x22=0x7fd3b20218,x23=0x7fd3b20220,x24=0x0,x25=0x0,x26=0x0,x27=0x0,x28=0x0,x29=0x7fd3b20190,lr=0x5f5c8f4734,sp=0x7fd3b20180,pc=0x7c0c1d9700]
[15012|15012] event_addr:0x7c0c1d9700 hit_count:1502, Regs:
[x0=0x1,x1=0x5f5c8f3598,x2=0x1,x3=0x7fd3b201e8,x4=0x0,x5=0x1414d4c,x6=0x1414d4c,x7=0x0,x8=0x9b504536b1897347,x9=0x9b504536b1897347,x10=0x9b504536b1897347,x11=0x3e8,x12=0x3,x13=0x706f6f6c5f657469,x14=0x7c0fa4e280,x15=0x0,x16=0x5f5c8f5a00,x17=0x7c0c1d9700,x18=0x7c0f35c000,x19=0x5f5c8f470c,x20=0x1,x21=0x1,x22=0x7fd3b20218,x23=0x7fd3b20220,x24=0x0,x25=0x0,x26=0x0,x27=0x0,x28=0x0,x29=0x7fd3b20190,lr=0x5f5c8f4734,sp=0x7fd3b20180,pc=0x7c0c1d9700]
[15012|15012] event_addr:0x7c0c1d9700 hit_count:1503, Regs:
[x0=0x1,x1=0x5f5c8f3598,x2=0x1,x3=0x7fd3b201e8,x4=0x0,x5=0x1414d4c,x6=0x1414d4c,x7=0x0,x8=0x9b504536b1897347,x9=0x9b504536b1897347,x10=0x9b504536b1897347,x11=0x3e8,x12=0x3,x13=0x706f6f6c5f657469,x14=0x7c0fa4e280,x15=0x0,x16=0x5f5c8f5a00,x17=0x7c0c1d9700,x18=0x7c0f35c000,x19=0x5f5c8f470c,x20=0x1,x21=0x1,x22=0x7fd3b20218,x23=0x7fd3b20220,x24=0x0,x25=0x0,x26=0x0,x27=0x0,x28=0x0,x29=0x7fd3b20190,lr=0x5f5c8f4734,sp=0x7fd3b20180,pc=0x7c0c1d9700]
[15012|15012] event_addr:0x7c0c1d9700 hit_count:1504, Regs:
[x0=0x1,x1=0x5f5c8f3598,x2=0x1,x3=0x7fd3b201e8,x4=0x0,x5=0x1414d4c,x6=0x1414d4c,x7=0x0,x8=0x9b504536b1897347,x9=0x9b504536b1897347,x10=0x9b504536b1897347,x11=0x3e8,x12=0x3,x13=0x706f6f6c5f657469,x14=0x7c0fa4e280,x15=0x0,x16=0x5f5c8f5a00,x17=0x7c0c1d9700,x18=0x7c0f35c000,x19=0x5f5c8f470c,x20=0x1,x21=0x1,x22=0x7fd3b20218,x23=0x7fd3b20220,x24=0x0,x25=0x0,x26=0x0,x27=0x0,x28=0x0,x29=0x7fd3b20190,lr=0x5f5c8f4734,sp=0x7fd3b20180,pc=0x7c0c1d9700]
[15012|15012] event_addr:0x7c0c1d9700 hit_count:1505, Regs:
[x0=0x1,x1=0x5f5c8f3598,x2=0x1,x3=0x7fd3b201e8,x4=0x0,x5=0x1414d4c,x6=0x1414d4c,x7=0x0,x8=0x9b504536b1897347,x9=0x9b504536b1897347,x10=0x9b504536b1897347,x11=0x3e8,x12=0x3,x13=0x706f6f6c5f657469,x14=0x7c0fa4e280,x15=0x0,x16=0x5f5c8f5a00,x17=0x7c0c1d9700,x18=0x7c0f35c000,x19=0x5f5c8f470c,x20=0x1,x21=0x1,x22=0x7fd3b20218,x23=0x7fd3b20220,x24=0x0,x25=0x0,x26=0x0,x27=0x0,x28=0x0,x29=0x7fd3b20190,lr=0x5f5c8f4734,sp=0x7fd3b20180,pc=0x7c0c1d9700]
[15012|15012] event_addr:0x7c0c1d9700 hit_count:1506, Regs:
[x0=0x1,x1=0x5f5c8f3598,x2=0x1,x3=0x7fd3b201e8,x4=0x0,x5=0x1414d4c,x6=0x1414d4c,x7=0x0,x8=0x9b504536b1897347,x9=0x9b504536b1897347,x10=0x9b504536b1897347,x11=0x3e8,x12=0x3,x13=0x706f6f6c5f657469,x14=0x7c0fa4e280,x15=0x0,x16=0x5f5c8f5a00,x17=0x7c0c1d9700,x18=0x7c0f35c000,x19=0x5f5c8f470c,x20=0x1,x21=0x1,x22=0x7fd3b20218,x23=0x7fd3b20220,x24=0x0,x25=0x0,x26=0x0,x27=0x0,x28=0x0,x29=0x7fd3b20190,lr=0x5f5c8f4734,sp=0x7fd3b20180,pc=0x7c0c1d9700]
[15012|15012] event_addr:0x7c0c1d9700 hit_count:1507, Regs:
[x0=0x1,x1=0x5f5c8f3598,x2=0x1,x3=0x7fd3b201e8,x4=0x0,x5=0x1414d4c,x6=0x1414d4c,x7=0x0,x8=0x9b504536b1897347,x9=0x9b504536b1897347,x10=0x9b504536b1897347,x11=0x3e8,x12=0x3,x13=0x706f6f6c5f657469,x14=0x7c0fa4e280,x15=0x0,x16=0x5f5c8f5a00,x17=0x7c0c1d9700,x18=0x7c0f35c000,x19=0x5f5c8f470c,x20=0x1,x21=0x1,x22=0x7fd3b20218,x23=0x7fd3b20220,x24=0x0,x25=0x0,x26=0x0,x27=0x0,x28=0x0,x29=0x7fd3b20190,lr=0x5f5c8f4734,sp=0x7fd3b20180,pc=0x7c0c1d9700]
[15012|15012] event_addr:0x7c0c1d9700 hit_count:1508, Regs:
[x0=0x1,x1=0x5f5c8f3598,x2=0x1,x3=0x7fd3b201e8,x4=0x0,x5=0x1414d4c,x6=0x1414d4c,x7=0x0,x8=0x9b504536b1897347,x9=0x9b504536b1897347,x10=0x9b504536b1897347,x11=0x3e8,x12=0x3,x13=0x706f6f6c5f657469,x14=0x7c0fa4e280,x15=0x0,x16=0x5f5c8f5a00,x17=0x7c0c1d9700,x18=0x7c0f35c000,x19=0x5f5c8f470c,x20=0x1,x21=0x1,x22=0x7fd3b20218,x23=0x7fd3b20220,x24=0x0,x25=0x0,x26=0x0,x27=0x0,x28=0x0,x29=0x7fd3b20190,lr=0x5f5c8f4734,sp=0x7fd3b20180,pc=0x7c0c1d9700]
[15012|15012] event_addr:0x7c0c1d9700 hit_count:1509, Regs:
[x0=0x1,x1=0x5f5c8f3598,x2=0x1,x3=0x7fd3b201e8,x4=0x0,x5=0x1414d4c,x6=0x1414d4c,x7=0x0,x8=0x9b504536b1897347,x9=0x9b504536b1897347,x10=0x9b504536b1897347,x11=0x3e8,x12=0x3,x13=0x706f6f6c5f657469,x14=0x7c0fa4e280,x15=0x0,x16=0x5f5c8f5a00,x17=0x7c0c1d9700,x18=0x7c0f35c000,x19=0x5f5c8f470c,x20=0x1,x21=0x1,x22=0x7fd3b20218,x23=0x7fd3b20220,x24=0x0,x25=0x0,x26=0x0,x27=0x0,x28=0x0,x29=0x7fd3b20190,lr=0x5f5c8f4734,sp=0x7fd3b20180,pc=0x7c0c1d9700]
[15012|15012] event_addr:0x7c0c1d9700 hit_count:1510, Regs:
[x0=0x1,x1=0x5f5c8f3598,x2=0x1,x3=0x7fd3b201e8,x4=0x0,x5=0x1414d4c,x6=0x1414d4c,x7=0x0,x8=0x9b504536b1897347,x9=0x9b504536b1897347,x10=0x9b504536b1897347,x11=0x3e8,x12=0x3,x13=0x706f6f6c5f657469,x14=0x7c0fa4e280,x15=0x0,x16=0x5f5c8f5a00,x17=0x7c0c1d9700,x18=0x7c0f35c000,x19=0x5f5c8f470c,x20=0x1,x21=0x1,x22=0x7fd3b20218,x23=0x7fd3b20220,x24=0x0,x25=0x0,x26=0x0,x27=0x0,x28=0x0,x29=0x7fd3b20190,lr=0x5f5c8f4734,sp=0x7fd3b20180,pc=0x7c0c1d9700]
[15012|15012] event_addr:0x7c0c1d9700 hit_count:1511, Regs:
[x0=0x1,x1=0x5f5c8f3598,x2=0x1,x3=0x7fd3b201e8,x4=0x0,x5=0x1414d4c,x6=0x1414d4c,x7=0x0,x8=0x9b504536b1897347,x9=0x9b504536b1897347,x10=0x9b504536b1897347,x11=0x3e8,x12=0x3,x13=0x706f6f6c5f657469,x14=0x7c0fa4e280,x15=0x0,x16=0x5f5c8f5a00,x17=0x7c0c1d9700,x18=0x7c0f35c000,x19=0x5f5c8f470c,x20=0x1,x21=0x1,x22=0x7fd3b20218,x23=0x7fd3b20220,x24=0x0,x25=0x0,x26=0x0,x27=0x0,x28=0x0,x29=0x7fd3b20190,lr=0x5f5c8f4734,sp=0x7fd3b20180,pc=0x7c0c1d9700]
[15012|15012] event_addr:0x7c0c1d9700 hit_count:1512, Regs:
[x0=0x1,x1=0x5f5c8f3598,x2=0x1,x3=0x7fd3b201e8,x4=0x0,x5=0x1414d4c,x6=0x1414d4c,x7=0x0,x8=0x9b504536b1897347,x9=0x9b504536b1897347,x10=0x9b504536b1897347,x11=0x3e8,x12=0x3,x13=0x706f6f6c5f657469,x14=0x7c0fa4e280,x15=0x0,x16=0x5f5c8f5a00,x17=0x7c0c1d9700,x18=0x7c0f35c000,x19=0x5f5c8f470c,x20=0x1,x21=0x1,x22=0x7fd3b20218,x23=0x7fd3b20220,x24=0x0,x25=0x0,x26=0x0,x27=0x0,x28=0x0,x29=0x7fd3b20190,lr=0x5f5c8f4734,sp=0x7fd3b20180,pc=0x7c0c1d9700]
[15012|15012] event_addr:0x7c0c1d9700 hit_count:1513, Regs:
[x0=0x1,x1=0x5f5c8f3598,x2=0x1,x3=0x7fd3b201e8,x4=0x0,x5=0x1414d4c,x6=0x1414d4c,x7=0x0,x8=0x9b504536b1897347,x9=0x9b504536b1897347,x10=0x9b504536b1897347,x11=0x3e8,x12=0x3,x13=0x706f6f6c5f657469,x14=0x7c0fa4e280,x15=0x0,x16=0x5f5c8f5a00,x17=0x7c0c1d9700,x18=0x7c0f35c000,x19=0x5f5c8f470c,x20=0x1,x21=0x1,x22=0x7fd3b20218,x23=0x7fd3b20220,x24=0x0,x25=0x0,x26=0x0,x27=0x0,x28=0x0,x29=0x7fd3b20190,lr=0x5f5c8f4734,sp=0x7fd3b20180,pc=0x7c0c1d9700]
[15012|15012] event_addr:0x7c0c1d9700 hit_count:1514, Regs:
[x0=0x1,x1=0x5f5c8f3598,x2=0x1,x3=0x7fd3b201e8,x4=0x0,x5=0x1414d4c,x6=0x1414d4c,x7=0x0,x8=0x9b504536b1897347,x9=0x9b504536b1897347,x10=0x9b504536b1897347,x11=0x3e8,x12=0x3,x13=0x706f6f6c5f657469,x14=0x7c0fa4e280,x15=0x0,x16=0x5f5c8f5a00,x17=0x7c0c1d9700,x18=0x7c0f35c000,x19=0x5f5c8f470c,x20=0x1,x21=0x1,x22=0x7fd3b20218,x23=0x7fd3b20220,x24=0x0,x25=0x0,x26=0x0,x27=0x0,x28=0x0,x29=0x7fd3b20190,lr=0x5f5c8f4734,sp=0x7fd3b20180,pc=0x7c0c1d9700]
[15012|15012] event_addr:0x7c0c1d9700 hit_count:1515, Regs:
[x0=0x1,x1=0x5f5c8f3598,x2=0x1,x3=0x7fd3b201e8,x4=0x0,x5=0x1414d4c,x6=0x1414d4c,x7=0x0,x8=0x9b504536b1897347,x9=0x9b504536b1897347,x10=0x9b504536b1897347,x11=0x3e8,x12=0x3,x13=0x706f6f6c5f657469,x14=0x7c0fa4e280,x15=0x0,x16=0x5f5c8f5a00,x17=0x7c0c1d9700,x18=0x7c0f35c000,x19=0x5f5c8f470c,x20=0x1,x21=0x1,x22=0x7fd3b20218,x23=0x7fd3b20220,x24=0x0,x25=0x0,x26=0x0,x27=0x0,x28=0x0,x29=0x7fd3b20190,lr=0x5f5c8f4734,sp=0x7fd3b20180,pc=0x7c0c1d9700]
[15012|15012] event_addr:0x7c0c1d9700 hit_count:1516, Regs:
[x0=0x1,x1=0x5f5c8f3598,x2=0x1,x3=0x7fd3b201e8,x4=0x0,x5=0x1414d4c,x6=0x1414d4c,x7=0x0,x8=0x9b504536b1897347,x9=0x9b504536b1897347,x10=0x9b504536b1897347,x11=0x3e8,x12=0x3,x13=0x706f6f6c5f657469,x14=0x7c0fa4e280,x15=0x0,x16=0x5f5c8f5a00,x17=0x7c0c1d9700,x18=0x7c0f35c000,x19=0x5f5c8f470c,x20=0x1,x21=0x1,x22=0x7fd3b20218,x23=0x7fd3b20220,x24=0x0,x25=0x0,x26=0x0,x27=0x0,x28=0x0,x29=0x7fd3b20190,lr=0x5f5c8f4734,sp=0x7fd3b20180,pc=0x7c0c1d9700]
[15012|15012] event_addr:0x7c0c1d9700 hit_count:1517, Regs:
[x0=0x1,x1=0x5f5c8f3598,x2=0x1,x3=0x7fd3b201e8,x4=0x0,x5=0x1414d4c,x6=0x1414d4c,x7=0x0,x8=0x9b504536b1897347,x9=0x9b504536b1897347,x10=0x9b504536b1897347,x11=0x3e8,x12=0x3,x13=0x706f6f6c5f657469,x14=0x7c0fa4e280,x15=0x0,x16=0x5f5c8f5a00,x17=0x7c0c1d9700,x18=0x7c0f35c000,x19=0x5f5c8f470c,x20=0x1,x21=0x1,x22=0x7fd3b20218,x23=0x7fd3b20220,x24=0x0,x25=0x0,x26=0x0,x27=0x0,x28=0x0,x29=0x7fd3b20190,lr=0x5f5c8f4734,sp=0x7fd3b20180,pc=0x7c0c1d9700]
[15012|15012] event_addr:0x7c0c1d9700 hit_count:1518, Regs:
[x0=0x1,x1=0x5f5c8f3598,x2=0x1,x3=0x7fd3b201e8,x4=0x0,x5=0x1414d4c,x6=0x1414d4c,x7=0x0,x8=0x9b504536b1897347,x9=0x9b504536b1897347,x10=0x9b504536b1897347,x11=0x3e8,x12=0x3,x13=0x706f6f6c5f657469,x14=0x7c0fa4e280,x15=0x0,x16=0x5f5c8f5a00,x17=0x7c0c1d9700,x18=0x7c0f35c000,x19=0x5f5c8f470c,x20=0x1,x21=0x1,x22=0x7fd3b20218,x23=0x7fd3b20220,x24=0x0,x25=0x0,x26=0x0,x27=0x0,x28=0x0,x29=0x7fd3b20190,lr=0x5f5c8f4734,sp=0x7fd3b20180,pc=0x7c0c1d9700]
[15012|15012] event_addr:0x7c0c1d9700 hit_count:1519, Regs:
[x0=0x1,x1=0x5f5c8f3598,x2=0x1,x3=0x7fd3b201e8,x4=0x0,x5=0x1414d4c,x6=0x1414d4c,x7=0x0,x8=0x9b504536b1897347,x9=0x9b504536b1897347,x10=0x9b504536b1897347,x11=0x3e8,x12=0x3,x13=0x706f6f6c5f657469,x14=0x7c0fa4e280,x15=0x0,x16=0x5f5c8f5a00,x17=0x7c0c1d9700,x18=0x7c0f35c000,x19=0x5f5c8f470c,x20=0x1,x21=0x1,x22=0x7fd3b20218,x23=0x7fd3b20220,x24=0x0,x25=0x0,x26=0x0,x27=0x0,x28=0x0,x29=0x7fd3b20190,lr=0x5f5c8f4734,sp=0x7fd3b20180,pc=0x7c0c1d9700]
[15012|15012] event_addr:0x7c0c1d9700 hit_count:1520, Regs:
[x0=0x1,x1=0x5f5c8f3598,x2=0x1,x3=0x7fd3b201e8,x4=0x0,x5=0x1414d4c,x6=0x1414d4c,x7=0x0,x8=0x9b504536b1897347,x9=0x9b504536b1897347,x10=0x9b504536b1897347,x11=0x3e8,x12=0x3,x13=0x706f6f6c5f657469,x14=0x7c0fa4e280,x15=0x0,x16=0x5f5c8f5a00,x17=0x7c0c1d9700,x18=0x7c0f35c000,x19=0x5f5c8f470c,x20=0x1,x21=0x1,x22=0x7fd3b20218,x23=0x7fd3b20220,x24=0x0,x25=0x0,x26=0x0,x27=0x0,x28=0x0,x29=0x7fd3b20190,lr=0x5f5c8f4734,sp=0x7fd3b20180,pc=0x7c0c1d9700]
[15012|15012] event_addr:0x7c0c1d9700 hit_count:1521, Regs:
[x0=0x1,x1=0x5f5c8f3598,x2=0x1,x3=0x7fd3b201e8,x4=0x0,x5=0x1414d4c,x6=0x1414d4c,x7=0x0,x8=0x9b504536b1897347,x9=0x9b504536b1897347,x10=0x9b504536b1897347,x11=0x3e8,x12=0x3,x13=0x706f6f6c5f657469,x14=0x7c0fa4e280,x15=0x0,x16=0x5f5c8f5a00,x17=0x7c0c1d9700,x18=0x7c0f35c000,x19=0x5f5c8f470c,x20=0x1,x21=0x1,x22=0x7fd3b20218,x23=0x7fd3b20220,x24=0x0,x25=0x0,x26=0x0,x27=0x0,x28=0x0,x29=0x7fd3b20190,lr=0x5f5c8f4734,sp=0x7fd3b20180,pc=0x7c0c1d9700]
[15012|15012] event_addr:0x7c0c1d9700 hit_count:1522, Regs:
[x0=0x1,x1=0x5f5c8f3598,x2=0x1,x3=0x7fd3b201e8,x4=0x0,x5=0x1414d4c,x6=0x1414d4c,x7=0x0,x8=0x9b504536b1897347,x9=0x9b504536b1897347,x10=0x9b504536b1897347,x11=0x3e8,x12=0x3,x13=0x706f6f6c5f657469,x14=0x7c0fa4e280,x15=0x0,x16=0x5f5c8f5a00,x17=0x7c0c1d9700,x18=0x7c0f35c000,x19=0x5f5c8f470c,x20=0x1,x21=0x1,x22=0x7fd3b20218,x23=0x7fd3b20220,x24=0x0,x25=0x0,x26=0x0,x27=0x0,x28=0x0,x29=0x7fd3b20190,lr=0x5f5c8f4734,sp=0x7fd3b20180,pc=0x7c0c1d9700]
[15012|15012] event_addr:0x7c0c1d9700 hit_count:1523, Regs:
[x0=0x1,x1=0x5f5c8f3598,x2=0x1,x3=0x7fd3b201e8,x4=0x0,x5=0x1414d4c,x6=0x1414d4c,x7=0x0,x8=0x9b504536b1897347,x9=0x9b504536b1897347,x10=0x9b504536b1897347,x11=0x3e8,x12=0x3,x13=0x706f6f6c5f657469,x14=0x7c0fa4e280,x15=0x0,x16=0x5f5c8f5a00,x17=0x7c0c1d9700,x18=0x7c0f35c000,x19=0x5f5c8f470c,x20=0x1,x21=0x1,x22=0x7fd3b20218,x23=0x7fd3b20220,x24=0x0,x25=0x0,x26=0x0,x27=0x0,x28=0x0,x29=0x7fd3b20190,lr=0x5f5c8f4734,sp=0x7fd3b20180,pc=0x7c0c1d9700]
[15012|15012] event_addr:0x7c0c1d9700 hit_count:1524, Regs:
[x0=0x1,x1=0x5f5c8f3598,x2=0x1,x3=0x7fd3b201e8,x4=0x0,x5=0x1414d4c,x6=0x1414d4c,x7=0x0,x8=0x9b504536b1897347,x9=0x9b504536b1897347,x10=0x9b504536b1897347,x11=0x3e8,x12=0x3,x13=0x706f6f6c5f657469,x14=0x7c0fa4e280,x15=0x0,x16=0x5f5c8f5a00,x17=0x7c0c1d9700,x18=0x7c0f35c000,x19=0x5f5c8f470c,x20=0x1,x21=0x1,x22=0x7fd3b20218,x23=0x7fd3b20220,x24=0x0,x25=0x0,x26=0x0,x27=0x0,x28=0x0,x29=0x7fd3b20190,lr=0x5f5c8f4734,sp=0x7fd3b20180,pc=0x7c0c1d9700]
[15012|15012] event_addr:0x7c0c1d9700 hit_count:1525, Regs:
[x0=0x1,x1=0x5f5c8f3598,x2=0x1,x3=0x7fd3b201e8,x4=0x0,x5=0x1414d4c,x6=0x1414d4c,x7=0x0,x8=0x9b504536b1897347,x9=0x9b504536b1897347,x10=0x9b504536b1897347,x11=0x3e8,x12=0x3,x13=0x706f6f6c5f657469,x14=0x7c0fa4e280,x15=0x0,x16=0x5f5c8f5a00,x17=0x7c0c1d9700,x18=0x7c0f35c000,x19=0x5f5c8f470c,x20=0x1,x21=0x1,x22=0x7fd3b20218,x23=0x7fd3b20220,x24=0x0,x25=0x0,x26=0x0,x27=0x0,x28=0x0,x29=0x7fd3b20190,lr=0x5f5c8f4734,sp=0x7fd3b20180,pc=0x7c0c1d9700]
[15012|15012] event_addr:0x7c0c1d9700 hit_count:1526, Regs:
[x0=0x1,x1=0x5f5c8f3598,x2=0x1,x3=0x7fd3b201e8,x4=0x0,x5=0x1414d4c,x6=0x1414d4c,x7=0x0,x8=0x9b504536b1897347,x9=0x9b504536b1897347,x10=0x9b504536b1897347,x11=0x3e8,x12=0x3,x13=0x706f6f6c5f657469,x14=0x7c0fa4e280,x15=0x0,x16=0x5f5c8f5a00,x17=0x7c0c1d9700,x18=0x7c0f35c000,x19=0x5f5c8f470c,x20=0x1,x21=0x1,x22=0x7fd3b20218,x23=0x7fd3b20220,x24=0x0,x25=0x0,x26=0x0,x27=0x0,x28=0x0,x29=0x7fd3b20190,lr=0x5f5c8f4734,sp=0x7fd3b20180,pc=0x7c0c1d9700]
[15012|15012] event_addr:0x7c0c1d9700 hit_count:1527, Regs:
[x0=0x1,x1=0x5f5c8f3598,x2=0x1,x3=0x7fd3b201e8,x4=0x0,x5=0x1414d4c,x6=0x1414d4c,x7=0x0,x8=0x9b504536b1897347,x9=0x9b504536b1897347,x10=0x9b504536b1897347,x11=0x3e8,x12=0x3,x13=0x706f6f6c5f657469,x14=0x7c0fa4e280,x15=0x0,x16=0x5f5c8f5a00,x17=0x7c0c1d9700,x18=0x7c0f35c000,x19=0x5f5c8f470c,x20=0x1,x21=0x1,x22=0x7fd3b20218,x23=0x7fd3b20220,x24=0x0,x25=0x0,x26=0x0,x27=0x0,x28=0x0,x29=0x7fd3b20190,lr=0x5f5c8f4734,sp=0x7fd3b20180,pc=0x7c0c1d9700]
[15012|15012] event_addr:0x7c0c1d9700 hit_count:1528, Regs:
[x0=0x1,x1=0x5f5c8f3598,x2=0x1,x3=0x7fd3b201e8,x4=0x0,x5=0x1414d4c,x6=0x1414d4c,x7=0x0,x8=0x9b504536b1897347,x9=0x9b504536b1897347,x10=0x9b504536b1897347,x11=0x3e8,x12=0x3,x13=0x706f6f6c5f657469,x14=0x7c0fa4e280,x15=0x0,x16=0x5f5c8f5a00,x17=0x7c0c1d9700,x18=0x7c0f35c000,x19=0x5f5c8f470c,x20=0x1,x21=0x1,x22=0x7fd3b20218,x23=0x7fd3b20220,x24=0x0,x25=0x0,x26=0x0,x27=0x0,x28=0x0,x29=0x7fd3b20190,lr=0x5f5c8f4734,sp=0x7fd3b20180,pc=0x7c0c1d9700]
[15012|15012] event_addr:0x7c0c1d9700 hit_count:1529, Regs:
[x0=0x1,x1=0x5f5c8f3598,x2=0x1,x3=0x7fd3b201e8,x4=0x0,x5=0x1414d4c,x6=0x1414d4c,x7=0x0,x8=0x9b504536b1897347,x9=0x9b504536b1897347,x10=0x9b504536b1897347,x11=0x3e8,x12=0x3,x13=0x706f6f6c5f657469,x14=0x7c0fa4e280,x15=0x0,x16=0x5f5c8f5a00,x17=0x7c0c1d9700,x18=0x7c0f35c000,x19=0x5f5c8f470c,x20=0x1,x21=0x1,x22=0x7fd3b20218,x23=0x7fd3b20220,x24=0x0,x25=0x0,x26=0x0,x27=0x0,x28=0x0,x29=0x7fd3b20190,lr=0x5f5c8f4734,sp=0x7fd3b20180,pc=0x7c0c1d9700]
[15012|15012] event_addr:0x7c0c1d9700 hit_count:1530, Regs:
[x0=0x1,x1=0x5f5c8f3598,x2=0x1,x3=0x7fd3b201e8,x4=0x0,x5=0x1414d4c,x6=0x1414d4c,x7=0x0,x8=0x9b504536b1897347,x9=0x9b504536b1897347,x10=0x9b504536b1897347,x11=0x3e8,x12=0x3,x13=0x706f6f6c5f657469,x14=0x7c0fa4e280,x15=0x0,x16=0x5f5c8f5a00,x17=0x7c0c1d9700,x18=0x7c0f35c000,x19=0x5f5c8f470c,x20=0x1,x21=0x1,x22=0x7fd3b20218,x23=0x7fd3b20220,x24=0x0,x25=0x0,x26=0x0,x27=0x0,x28=0x0,x29=0x7fd3b20190,lr=0x5f5c8f4734,sp=0x7fd3b20180,pc=0x7c0c1d9700]
[15012|15012] event_addr:0x7c0c1d9700 hit_count:1531, Regs:
[x0=0x1,x1=0x5f5c8f3598,x2=0x1,x3=0x7fd3b201e8,x4=0x0,x5=0x1414d4c,x6=0x1414d4c,x7=0x0,x8=0x9b504536b1897347,x9=0x9b504536b1897347,x10=0x9b504536b1897347,x11=0x3e8,x12=0x3,x13=0x706f6f6c5f657469,x14=0x7c0fa4e280,x15=0x0,x16=0x5f5c8f5a00,x17=0x7c0c1d9700,x18=0x7c0f35c000,x19=0x5f5c8f470c,x20=0x1,x21=0x1,x22=0x7fd3b20218,x23=0x7fd3b20220,x24=0x0,x25=0x0,x26=0x0,x27=0x0,x28=0x0,x29=0x7fd3b20190,lr=0x5f5c8f4734,sp=0x7fd3b20180,pc=0x7c0c1d9700]
[15012|15012] event_addr:0x7c0c1d9700 hit_count:1532, Regs:
[x0=0x1,x1=0x5f5c8f3598,x2=0x1,x3=0x7fd3b201e8,x4=0x0,x5=0x1414d4c,x6=0x1414d4c,x7=0x0,x8=0x9b504536b1897347,x9=0x9b504536b1897347,x10=0x9b504536b1897347,x11=0x3e8,x12=0x3,x13=0x706f6f6c5f657469,x14=0x7c0fa4e280,x15=0x0,x16=0x5f5c8f5a00,x17=0x7c0c1d9700,x18=0x7c0f35c000,x19=0x5f5c8f470c,x20=0x1,x21=0x1,x22=0x7fd3b20218,x23=0x7fd3b20220,x24=0x0,x25=0x0,x26=0x0,x27=0x0,x28=0x0,x29=0x7fd3b20190,lr=0x5f5c8f4734,sp=0x7fd3b20180,pc=0x7c0c1d9700]
[15012|15012] event_addr:0x7c0c1d9700 hit_count:1533, Regs:
[x0=0x1,x1=0x5f5c8f3598,x2=0x1,x3=0x7fd3b201e8,x4=0x0,x5=0x1414d4c,x6=0x1414d4c,x7=0x0,x8=0x9b504536b1897347,x9=0x9b504536b1897347,x10=0x9b504536b1897347,x11=0x3e8,x12=0x3,x13=0x706f6f6c5f657469,x14=0x7c0fa4e280,x15=0x0,x16=0x5f5c8f5a00,x17=0x7c0c1d9700,x18=0x7c0f35c000,x19=0x5f5c8f470c,x20=0x1,x21=0x1,x22=0x7fd3b20218,x23=0x7fd3b20220,x24=0x0,x25=0x0,x26=0x0,x27=0x0,x28=0x0,x29=0x7fd3b20190,lr=0x5f5c8f4734,sp=0x7fd3b20180,pc=0x7c0c1d9700]
[15012|15012] event_addr:0x7c0c1d9700 hit_count:1534, Regs:
[x0=0x1,x1=0x5f5c8f3598,x2=0x1,x3=0x7fd3b201e8,x4=0x0,x5=0x1414d4c,x6=0x1414d4c,x7=0x0,x8=0x9b504536b1897347,x9=0x9b504536b1897347,x10=0x9b504536b1897347,x11=0x3e8,x12=0x3,x13=0x706f6f6c5f657469,x14=0x7c0fa4e280,x15=0x0,x16=0x5f5c8f5a00,x17=0x7c0c1d9700,x18=0x7c0f35c000,x19=0x5f5c8f470c,x20=0x1,x21=0x1,x22=0x7fd3b20218,x23=0x7fd3b20220,x24=0x0,x25=0x0,x26=0x0,x27=0x0,x28=0x0,x29=0x7fd3b20190,lr=0x5f5c8f4734,sp=0x7fd3b20180,pc=0x7c0c1d9700]
[15012|15012] event_addr:0x7c0c1d9700 hit_count:1535, Regs:
[x0=0x1,x1=0x5f5c8f3598,x2=0x1,x3=0x7fd3b201e8,x4=0x0,x5=0x1414d4c,x6=0x1414d4c,x7=0x0,x8=0x9b504536b1897347,x9=0x9b504536b1897347,x10=0x9b504536b1897347,x11=0x3e8,x12=0x3,x13=0x706f6f6c5f657469,x14=0x7c0fa4e280,x15=0x0,x16=0x5f5c8f5a00,x17=0x7c0c1d9700,x18=0x7c0f35c000,x19=0x5f5c8f470c,x20=0x1,x21=0x1,x22=0x7fd3b20218,x23=0x7fd3b20220,x24=0x0,x25=0x0,x26=0x0,x27=0x0,x28=0x0,x29=0x7fd3b20190,lr=0x5f5c8f4734,sp=0x7fd3b20180,pc=0x7c0c1d9700]
[15012|15012] event_addr:0x7c0c1d9700 hit_count:1536, Regs:
[x0=0x1,x1=0x5f5c8f3598,x2=0x1,x3=0x7fd3b201e8,x4=0x0,x5=0x1414d4c,x6=0x1414d4c,x7=0x0,x8=0x9b504536b1897347,x9=0x9b504536b1897347,x10=0x9b504536b1897347,x11=0x3e8,x12=0x3,x13=0x706f6f6c5f657469,x14=0x7c0fa4e280,x15=0x0,x16=0x5f5c8f5a00,x17=0x7c0c1d9700,x18=0x7c0f35c000,x19=0x5f5c8f470c,x20=0x1,x21=0x1,x22=0x7fd3b20218,x23=0x7fd3b20220,x24=0x0,x25=0x0,x26=0x0,x27=0x0,x28=0x0,x29=0x7fd3b20190,lr=0x5f5c8f4734,sp=0x7fd3b20180,pc=0x7c0c1d9700]
[15012|15012] event_addr:0x7c0c1d9700 hit_count:1537, Regs:
[x0=0x1,x1=0x5f5c8f3598,x2=0x1,x3=0x7fd3b201e8,x4=0x0,x5=0x1414d4c,x6=0x1414d4c,x7=0x0,x8=0x9b504536b1897347,x9=0x9b504536b1897347,x10=0x9b504536b1897347,x11=0x3e8,x12=0x3,x13=0x706f6f6c5f657469,x14=0x7c0fa4e280,x15=0x0,x16=0x5f5c8f5a00,x17=0x7c0c1d9700,x18=0x7c0f35c000,x19=0x5f5c8f470c,x20=0x1,x21=0x1,x22=0x7fd3b20218,x23=0x7fd3b20220,x24=0x0,x25=0x0,x26=0x0,x27=0x0,x28=0x0,x29=0x7fd3b20190,lr=0x5f5c8f4734,sp=0x7fd3b20180,pc=0x7c0c1d9700]
[15012|15012] event_addr:0x7c0c1d9700 hit_count:1538, Regs:
[x0=0x1,x1=0x5f5c8f3598,x2=0x1,x3=0x7fd3b201e8,x4=0x0,x5=0x1414d4c,x6=0x1414d4c,x7=0x0,x8=0x9b504536b1897347,x9=0x9b504536b1897347,x10=0x9b504536b1897347,x11=0x3e8,x12=0x3,x13=0x706f6f6c5f657469,x14=0x7c0fa4e280,x15=0x0,x16=0x5f5c8f5a00,x17=0x7c0c1d9700,x18=0x7c0f35c000,x19=0x5f5c8f470c,x20=0x1,x21=0x1,x22=0x7fd3b20218,x23=0x7fd3b20220,x24=0x0,x25=0x0,x26=0x0,x27=0x0,x28=0x0,x29=0x7fd3b20190,lr=0x5f5c8f4734,sp=0x7fd3b20180,pc=0x7c0c1d9700]
[15012|15012] event_addr:0x7c0c1d9700 hit_count:1539, Regs:
[x0=0x1,x1=0x5f5c8f3598,x2=0x1,x3=0x7fd3b201e8,x4=0x0,x5=0x1414d4c,x6=0x1414d4c,x7=0x0,x8=0x9b504536b1897347,x9=0x9b504536b1897347,x10=0x9b504536b1897347,x11=0x3e8,x12=0x3,x13=0x706f6f6c5f657469,x14=0x7c0fa4e280,x15=0x0,x16=0x5f5c8f5a00,x17=0x7c0c1d9700,x18=0x7c0f35c000,x19=0x5f5c8f470c,x20=0x1,x21=0x1,x22=0x7fd3b20218,x23=0x7fd3b20220,x24=0x0,x25=0x0,x26=0x0,x27=0x0,x28=0x0,x29=0x7fd3b20190,lr=0x5f5c8f4734,sp=0x7fd3b20180,pc=0x7c0c1d9700]
[15012|15012] event_addr:0x7c0c1d9700 hit_count:1540, Regs:
[x0=0x1,x1=0x5f5c8f3598,x2=0x1,x3=0x7fd3b201e8,x4=0x0,x5=0x1414d4c,x6=0x1414d4c,x7=0x0,x8=0x9b504536b1897347,x9=0x9b504536b1897347,x10=0x9b504536b1897347,x11=0x3e8,x12=0x3,x13=0x706f6f6c5f657469,x14=0x7c0fa4e280,x15=0x0,x16=0x5f5c8f5a00,x17=0x7c0c1d9700,x18=0x7c0f35c000,x19=0x5f5c8f470c,x20=0x1,x21=0x1,x22=0x7fd3b20218,x23=0x7fd3b20220,x24=0x0,x25=0x0,x26=0x0,x27=0x0,x28=0x0,x29=0x7fd3b20190,lr=0x5f5c8f4734,sp=0x7fd3b20180,pc=0x7c0c1d9700]
[15012|15012] event_addr:0x7c0c1d9700 hit_count:1541, Regs:
[x0=0x1,x1=0x5f5c8f3598,x2=0x1,x3=0x7fd3b201e8,x4=0x0,x5=0x1414d4c,x6=0x1414d4c,x7=0x0,x8=0x9b504536b1897347,x9=0x9b504536b1897347,x10=0x9b504536b1897347,x11=0x3e8,x12=0x3,x13=0x706f6f6c5f657469,x14=0x7c0fa4e280,x15=0x0,x16=0x5f5c8f5a00,x17=0x7c0c1d9700,x18=0x7c0f35c000,x19=0x5f5c8f470c,x20=0x1,x21=0x1,x22=0x7fd3b20218,x23=0x7fd3b20220,x24=0x0,x25=0x0,x26=0x0,x27=0x0,x28=0x0,x29=0x7fd3b20190,lr=0x5f5c8f4734,sp=0x7fd3b20180,pc=0x7c0c1d9700]
[15012|15012] event_addr:0x7c0c1d9700 hit_count:1542, Regs:
[x0=0x1,x1=0x5f5c8f3598,x2=0x1,x3=0x7fd3b201e8,x4=0x0,x5=0x1414d4c,x6=0x1414d4c,x7=0x0,x8=0x9b504536b1897347,x9=0x9b504536b1897347,x10=0x9b504536b1897347,x11=0x3e8,x12=0x3,x13=0x706f6f6c5f657469,x14=0x7c0fa4e280,x15=0x0,x16=0x5f5c8f5a00,x17=0x7c0c1d9700,x18=0x7c0f35c000,x19=0x5f5c8f470c,x20=0x1,x21=0x1,x22=0x7fd3b20218,x23=0x7fd3b20220,x24=0x0,x25=0x0,x26=0x0,x27=0x0,x28=0x0,x29=0x7fd3b20190,lr=0x5f5c8f4734,sp=0x7fd3b20180,pc=0x7c0c1d9700]
[15012|15012] event_addr:0x7c0c1d9700 hit_count:1543, Regs:
[x0=0x1,x1=0x5f5c8f3598,x2=0x1,x3=0x7fd3b201e8,x4=0x0,x5=0x1414d4c,x6=0x1414d4c,x7=0x0,x8=0x9b504536b1897347,x9=0x9b504536b1897347,x10=0x9b504536b1897347,x11=0x3e8,x12=0x3,x13=0x706f6f6c5f657469,x14=0x7c0fa4e280,x15=0x0,x16=0x5f5c8f5a00,x17=0x7c0c1d9700,x18=0x7c0f35c000,x19=0x5f5c8f470c,x20=0x1,x21=0x1,x22=0x7fd3b20218,x23=0x7fd3b20220,x24=0x0,x25=0x0,x26=0x0,x27=0x0,x28=0x0,x29=0x7fd3b20190,lr=0x5f5c8f4734,sp=0x7fd3b20180,pc=0x7c0c1d9700]
[15012|15012] event_addr:0x7c0c1d9700 hit_count:1544, Regs:
[x0=0x1,x1=0x5f5c8f3598,x2=0x1,x3=0x7fd3b201e8,x4=0x0,x5=0x1414d4c,x6=0x1414d4c,x7=0x0,x8=0x9b504536b1897347,x9=0x9b504536b1897347,x10=0x9b504536b1897347,x11=0x3e8,x12=0x3,x13=0x706f6f6c5f657469,x14=0x7c0fa4e280,x15=0x0,x16=0x5f5c8f5a00,x17=0x7c0c1d9700,x18=0x7c0f35c000,x19=0x5f5c8f470c,x20=0x1,x21=0x1,x22=0x7fd3b20218,x23=0x7fd3b20220,x24=0x0,x25=0x0,x26=0x0,x27=0x0,x28=0x0,x29=0x7fd3b20190,lr=0x5f5c8f4734,sp=0x7fd3b20180,pc=0x7c0c1d9700]
[15012|15012] event_addr:0x7c0c1d9700 hit_count:1545, Regs:
[x0=0x1,x1=0x5f5c8f3598,x2=0x1,x3=0x7fd3b201e8,x4=0x0,x5=0x1414d4c,x6=0x1414d4c,x7=0x0,x8=0x9b504536b1897347,x9=0x9b504536b1897347,x10=0x9b504536b1897347,x11=0x3e8,x12=0x3,x13=0x706f6f6c5f657469,x14=0x7c0fa4e280,x15=0x0,x16=0x5f5c8f5a00,x17=0x7c0c1d9700,x18=0x7c0f35c000,x19=0x5f5c8f470c,x20=0x1,x21=0x1,x22=0x7fd3b20218,x23=0x7fd3b20220,x24=0x0,x25=0x0,x26=0x0,x27=0x0,x28=0x0,x29=0x7fd3b20190,lr=0x5f5c8f4734,sp=0x7fd3b20180,pc=0x7c0c1d9700]
[15012|15012] event_addr:0x7c0c1d9700 hit_count:1546, Regs:
[x0=0x1,x1=0x5f5c8f3598,x2=0x1,x3=0x7fd3b201e8,x4=0x0,x5=0x1414d4c,x6=0x1414d4c,x7=0x0,x8=0x9b504536b1897347,x9=0x9b504536b1897347,x10=0x9b504536b1897347,x11=0x3e8,x12=0x3,x13=0x706f6f6c5f657469,x14=0x7c0fa4e280,x15=0x0,x16=0x5f5c8f5a00,x17=0x7c0c1d9700,x18=0x7c0f35c000,x19=0x5f5c8f470c,x20=0x1,x21=0x1,x22=0x7fd3b20218,x23=0x7fd3b20220,x24=0x0,x25=0x0,x26=0x0,x27=0x0,x28=0x0,x29=0x7fd3b20190,lr=0x5f5c8f4734,sp=0x7fd3b20180,pc=0x7c0c1d9700]
[15012|15012] event_addr:0x7c0c1d9700 hit_count:1547, Regs:
[x0=0x1,x1=0x5f5c8f3598,x2=0x1,x3=0x7fd3b201e8,x4=0x0,x5=0x1414d4c,x6=0x1414d4c,x7=0x0,x8=0x9b504536b1897347,x9=0x9b504536b1897347,x10=0x9b504536b1897347,x11=0x3e8,x12=0x3,x13=0x706f6f6c5f657469,x14=0x7c0fa4e280,x15=0x0,x16=0x5f5c8f5a00,x17=0x7c0c1d9700,x18=0x7c0f35c000,x19=0x5f5c8f470c,x20=0x1,x21=0x1,x22=0x7fd3b20218,x23=0x7fd3b20220,x24=0x0,x25=0x0,x26=0x0,x27=0x0,x28=0x0,x29=0x7fd3b20190,lr=0x5f5c8f4734,sp=0x7fd3b20180,pc=0x7c0c1d9700]
[15012|15012] event_addr:0x7c0c1d9700 hit_count:1548, Regs:
[x0=0x1,x1=0x5f5c8f3598,x2=0x1,x3=0x7fd3b201e8,x4=0x0,x5=0x1414d4c,x6=0x1414d4c,x7=0x0,x8=0x9b504536b1897347,x9=0x9b504536b1897347,x10=0x9b504536b1897347,x11=0x3e8,x12=0x3,x13=0x706f6f6c5f657469,x14=0x7c0fa4e280,x15=0x0,x16=0x5f5c8f5a00,x17=0x7c0c1d9700,x18=0x7c0f35c000,x19=0x5f5c8f470c,x20=0x1,x21=0x1,x22=0x7fd3b20218,x23=0x7fd3b20220,x24=0x0,x25=0x0,x26=0x0,x27=0x0,x28=0x0,x29=0x7fd3b20190,lr=0x5f5c8f4734,sp=0x7fd3b20180,pc=0x7c0c1d9700]
[15012|15012] event_addr:0x7c0c1d9700 hit_count:1549, Regs:
[x0=0x1,x1=0x5f5c8f3598,x2=0x1,x3=0x7fd3b201e8,x4=0x0,x5=0x1414d4c,x6=0x1414d4c,x7=0x0,x8=0x9b504536b1897347,x9=0x9b504536b1897347,x10=0x9b504536b1897347,x11=0x3e8,x12=0x3,x13=0x706f6f6c5f657469,x14=0x7c0fa4e280,x15=0x0,x16=0x5f5c8f5a00,x17=0x7c0c1d9700,x18=0x7c0f35c000,x19=0x5f5c8f470c,x20=0x1,x21=0x1,x22=0x7fd3b20218,x23=0x7fd3b20220,x24=0x0,x25=0x0,x26=0x0,x27=0x0,x28=0x0,x29=0x7fd3b20190,lr=0x5f5c8f4734,sp=0x7fd3b20180,pc=0x7c0c1d9700]
[15012|15012] event_addr:0x7c0c1d9700 hit_count:1550, Regs:
[x0=0x1,x1=0x5f5c8f3598,x2=0x1,x3=0x7fd3b201e8,x4=0x0,x5=0x1414d4c,x6=0x1414d4c,x7=0x0,x8=0x9b504536b1897347,x9=0x9b504536b1897347,x10=0x9b504536b1897347,x11=0x3e8,x12=0x3,x13=0x706f6f6c5f657469,x14=0x7c0fa4e280,x15=0x0,x16=0x5f5c8f5a00,x17=0x7c0c1d9700,x18=0x7c0f35c000,x19=0x5f5c8f470c,x20=0x1,x21=0x1,x22=0x7fd3b20218,x23=0x7fd3b20220,x24=0x0,x25=0x0,x26=0x0,x27=0x0,x28=0x0,x29=0x7fd3b20190,lr=0x5f5c8f4734,sp=0x7fd3b20180,pc=0x7c0c1d9700]
[15012|15012] event_addr:0x7c0c1d9700 hit_count:1551, Regs:
[x0=0x1,x1=0x5f5c8f3598,x2=0x1,x3=0x7fd3b201e8,x4=0x0,x5=0x1414d4c,x6=0x1414d4c,x7=0x0,x8=0x9b504536b1897347,x9=0x9b504536b1897347,x10=0x9b504536b1897347,x11=0x3e8,x12=0x3,x13=0x706f6f6c5f657469,x14=0x7c0fa4e280,x15=0x0,x16=0x5f5c8f5a00,x17=0x7c0c1d9700,x18=0x7c0f35c000,x19=0x5f5c8f470c,x20=0x1,x21=0x1,x22=0x7fd3b20218,x23=0x7fd3b20220,x24=0x0,x25=0x0,x26=0x0,x27=0x0,x28=0x0,x29=0x7fd3b20190,lr=0x5f5c8f4734,sp=0x7fd3b20180,pc=0x7c0c1d9700]
[15012|15012] event_addr:0x7c0c1d9700 hit_count:1552, Regs:
[x0=0x1,x1=0x5f5c8f3598,x2=0x1,x3=0x7fd3b201e8,x4=0x0,x5=0x1414d4c,x6=0x1414d4c,x7=0x0,x8=0x9b504536b1897347,x9=0x9b504536b1897347,x10=0x9b504536b1897347,x11=0x3e8,x12=0x3,x13=0x706f6f6c5f657469,x14=0x7c0fa4e280,x15=0x0,x16=0x5f5c8f5a00,x17=0x7c0c1d9700,x18=0x7c0f35c000,x19=0x5f5c8f470c,x20=0x1,x21=0x1,x22=0x7fd3b20218,x23=0x7fd3b20220,x24=0x0,x25=0x0,x26=0x0,x27=0x0,x28=0x0,x29=0x7fd3b20190,lr=0x5f5c8f4734,sp=0x7fd3b20180,pc=0x7c0c1d9700]
[15012|15012] event_addr:0x7c0c1d9700 hit_count:1553, Regs:
[x0=0x1,x1=0x5f5c8f3598,x2=0x1,x3=0x7fd3b201e8,x4=0x0,x5=0x1414d4c,x6=0x1414d4c,x7=0x0,x8=0x9b504536b1897347,x9=0x9b504536b1897347,x10=0x9b504536b1897347,x11=0x3e8,x12=0x3,x13=0x706f6f6c5f657469,x14=0x7c0fa4e280,x15=0x0,x16=0x5f5c8f5a00,x17=0x7c0c1d9700,x18=0x7c0f35c000,x19=0x5f5c8f470c,x20=0x1,x21=0x1,x22=0x7fd3b20218,x23=0x7fd3b20220,x24=0x0,x25=0x0,x26=0x0,x27=0x0,x28=0x0,x29=0x7fd3b20190,lr=0x5f5c8f4734,sp=0x7fd3b20180,pc=0x7c0c1d9700]
[15012|15012] event_addr:0x7c0c1d9700 hit_count:1554, Regs:
[x0=0x1,x1=0x5f5c8f3598,x2=0x1,x3=0x7fd3b201e8,x4=0x0,x5=0x1414d4c,x6=0x1414d4c,x7=0x0,x8=0x9b504536b1897347,x9=0x9b504536b1897347,x10=0x9b504536b1897347,x11=0x3e8,x12=0x3,x13=0x706f6f6c5f657469,x14=0x7c0fa4e280,x15=0x0,x16=0x5f5c8f5a00,x17=0x7c0c1d9700,x18=0x7c0f35c000,x19=0x5f5c8f470c,x20=0x1,x21=0x1,x22=0x7fd3b20218,x23=0x7fd3b20220,x24=0x0,x25=0x0,x26=0x0,x27=0x0,x28=0x0,x29=0x7fd3b20190,lr=0x5f5c8f4734,sp=0x7fd3b20180,pc=0x7c0c1d9700]
[15012|15012] event_addr:0x7c0c1d9700 hit_count:1555, Regs:
[x0=0x1,x1=0x5f5c8f3598,x2=0x1,x3=0x7fd3b201e8,x4=0x0,x5=0x1414d4c,x6=0x1414d4c,x7=0x0,x8=0x9b504536b1897347,x9=0x9b504536b1897347,x10=0x9b504536b1897347,x11=0x3e8,x12=0x3,x13=0x706f6f6c5f657469,x14=0x7c0fa4e280,x15=0x0,x16=0x5f5c8f5a00,x17=0x7c0c1d9700,x18=0x7c0f35c000,x19=0x5f5c8f470c,x20=0x1,x21=0x1,x22=0x7fd3b20218,x23=0x7fd3b20220,x24=0x0,x25=0x0,x26=0x0,x27=0x0,x28=0x0,x29=0x7fd3b20190,lr=0x5f5c8f4734,sp=0x7fd3b20180,pc=0x7c0c1d9700]
[15012|15012] event_addr:0x7c0c1d9700 hit_count:1556, Regs:
[x0=0x1,x1=0x5f5c8f3598,x2=0x1,x3=0x7fd3b201e8,x4=0x0,x5=0x1414d4c,x6=0x1414d4c,x7=0x0,x8=0x9b504536b1897347,x9=0x9b504536b1897347,x10=0x9b504536b1897347,x11=0x3e8,x12=0x3,x13=0x706f6f6c5f657469,x14=0x7c0fa4e280,x15=0x0,x16=0x5f5c8f5a00,x17=0x7c0c1d9700,x18=0x7c0f35c000,x19=0x5f5c8f470c,x20=0x1,x21=0x1,x22=0x7fd3b20218,x23=0x7fd3b20220,x24=0x0,x25=0x0,x26=0x0,x27=0x0,x28=0x0,x29=0x7fd3b20190,lr=0x5f5c8f4734,sp=0x7fd3b20180,pc=0x7c0c1d9700]
[15012|15012] event_addr:0x7c0c1d9700 hit_count:1557, Regs:
[x0=0x1,x1=0x5f5c8f3598,x2=0x1,x3=0x7fd3b201e8,x4=0x0,x5=0x1414d4c,x6=0x1414d4c,x7=0x0,x8=0x9b504536b1897347,x9=0x9b504536b1897347,x10=0x9b504536b1897347,x11=0x3e8,x12=0x3,x13=0x706f6f6c5f657469,x14=0x7c0fa4e280,x15=0x0,x16=0x5f5c8f5a00,x17=0x7c0c1d9700,x18=0x7c0f35c000,x19=0x5f5c8f470c,x20=0x1,x21=0x1,x22=0x7fd3b20218,x23=0x7fd3b20220,x24=0x0,x25=0x0,x26=0x0,x27=0x0,x28=0x0,x29=0x7fd3b20190,lr=0x5f5c8f4734,sp=0x7fd3b20180,pc=0x7c0c1d9700]
[15012|15012] event_addr:0x7c0c1d9700 hit_count:1558, Regs:
[x0=0x1,x1=0x5f5c8f3598,x2=0x1,x3=0x7fd3b201e8,x4=0x0,x5=0x1414d4c,x6=0x1414d4c,x7=0x0,x8=0x9b504536b1897347,x9=0x9b504536b1897347,x10=0x9b504536b1897347,x11=0x3e8,x12=0x3,x13=0x706f6f6c5f657469,x14=0x7c0fa4e280,x15=0x0,x16=0x5f5c8f5a00,x17=0x7c0c1d9700,x18=0x7c0f35c000,x19=0x5f5c8f470c,x20=0x1,x21=0x1,x22=0x7fd3b20218,x23=0x7fd3b20220,x24=0x0,x25=0x0,x26=0x0,x27=0x0,x28=0x0,x29=0x7fd3b20190,lr=0x5f5c8f4734,sp=0x7fd3b20180,pc=0x7c0c1d9700]
[15012|15012] event_addr:0x7c0c1d9700 hit_count:1559, Regs:
[x0=0x1,x1=0x5f5c8f3598,x2=0x1,x3=0x7fd3b201e8,x4=0x0,x5=0x1414d4c,x6=0x1414d4c,x7=0x0,x8=0x9b504536b1897347,x9=0x9b504536b1897347,x10=0x9b504536b1897347,x11=0x3e8,x12=0x3,x13=0x706f6f6c5f657469,x14=0x7c0fa4e280,x15=0x0,x16=0x5f5c8f5a00,x17=0x7c0c1d9700,x18=0x7c0f35c000,x19=0x5f5c8f470c,x20=0x1,x21=0x1,x22=0x7fd3b20218,x23=0x7fd3b20220,x24=0x0,x25=0x0,x26=0x0,x27=0x0,x28=0x0,x29=0x7fd3b20190,lr=0x5f5c8f4734,sp=0x7fd3b20180,pc=0x7c0c1d9700]
[15012|15012] event_addr:0x7c0c1d9700 hit_count:1560, Regs:
[x0=0x1,x1=0x5f5c8f3598,x2=0x1,x3=0x7fd3b201e8,x4=0x0,x5=0x1414d4c,x6=0x1414d4c,x7=0x0,x8=0x9b504536b1897347,x9=0x9b504536b1897347,x10=0x9b504536b1897347,x11=0x3e8,x12=0x3,x13=0x706f6f6c5f657469,x14=0x7c0fa4e280,x15=0x0,x16=0x5f5c8f5a00,x17=0x7c0c1d9700,x18=0x7c0f35c000,x19=0x5f5c8f470c,x20=0x1,x21=0x1,x22=0x7fd3b20218,x23=0x7fd3b20220,x24=0x0,x25=0x0,x26=0x0,x27=0x0,x28=0x0,x29=0x7fd3b20190,lr=0x5f5c8f4734,sp=0x7fd3b20180,pc=0x7c0c1d9700]
[15012|15012] event_addr:0x7c0c1d9700 hit_count:1561, Regs:
[x0=0x1,x1=0x5f5c8f3598,x2=0x1,x3=0x7fd3b201e8,x4=0x0,x5=0x1414d4c,x6=0x1414d4c,x7=0x0,x8=0x9b504536b1897347,x9=0x9b504536b1897347,x10=0x9b504536b1897347,x11=0x3e8,x12=0x3,x13=0x706f6f6c5f657469,x14=0x7c0fa4e280,x15=0x0,x16=0x5f5c8f5a00,x17=0x7c0c1d9700,x18=0x7c0f35c000,x19=0x5f5c8f470c,x20=0x1,x21=0x1,x22=0x7fd3b20218,x23=0x7fd3b20220,x24=0x0,x25=0x0,x26=0x0,x27=0x0,x28=0x0,x29=0x7fd3b20190,lr=0x5f5c8f4734,sp=0x7fd3b20180,pc=0x7c0c1d9700]
[15012|15012] event_addr:0x7c0c1d9700 hit_count:1562, Regs:
[x0=0x1,x1=0x5f5c8f3598,x2=0x1,x3=0x7fd3b201e8,x4=0x0,x5=0x1414d4c,x6=0x1414d4c,x7=0x0,x8=0x9b504536b1897347,x9=0x9b504536b1897347,x10=0x9b504536b1897347,x11=0x3e8,x12=0x3,x13=0x706f6f6c5f657469,x14=0x7c0fa4e280,x15=0x0,x16=0x5f5c8f5a00,x17=0x7c0c1d9700,x18=0x7c0f35c000,x19=0x5f5c8f470c,x20=0x1,x21=0x1,x22=0x7fd3b20218,x23=0x7fd3b20220,x24=0x0,x25=0x0,x26=0x0,x27=0x0,x28=0x0,x29=0x7fd3b20190,lr=0x5f5c8f4734,sp=0x7fd3b20180,pc=0x7c0c1d9700]
[15012|15012] event_addr:0x7c0c1d9700 hit_count:1563, Regs:
[x0=0x1,x1=0x5f5c8f3598,x2=0x1,x3=0x7fd3b201e8,x4=0x0,x5=0x1414d4c,x6=0x1414d4c,x7=0x0,x8=0x9b504536b1897347,x9=0x9b504536b1897347,x10=0x9b504536b1897347,x11=0x3e8,x12=0x3,x13=0x706f6f6c5f657469,x14=0x7c0fa4e280,x15=0x0,x16=0x5f5c8f5a00,x17=0x7c0c1d9700,x18=0x7c0f35c000,x19=0x5f5c8f470c,x20=0x1,x21=0x1,x22=0x7fd3b20218,x23=0x7fd3b20220,x24=0x0,x25=0x0,x26=0x0,x27=0x0,x28=0x0,x29=0x7fd3b20190,lr=0x5f5c8f4734,sp=0x7fd3b20180,pc=0x7c0c1d9700]
[15012|15012] event_addr:0x7c0c1d9700 hit_count:1564, Regs:
[x0=0x1,x1=0x5f5c8f3598,x2=0x1,x3=0x7fd3b201e8,x4=0x0,x5=0x1414d4c,x6=0x1414d4c,x7=0x0,x8=0x9b504536b1897347,x9=0x9b504536b1897347,x10=0x9b504536b1897347,x11=0x3e8,x12=0x3,x13=0x706f6f6c5f657469,x14=0x7c0fa4e280,x15=0x0,x16=0x5f5c8f5a00,x17=0x7c0c1d9700,x18=0x7c0f35c000,x19=0x5f5c8f470c,x20=0x1,x21=0x1,x22=0x7fd3b20218,x23=0x7fd3b20220,x24=0x0,x25=0x0,x26=0x0,x27=0x0,x28=0x0,x29=0x7fd3b20190,lr=0x5f5c8f4734,sp=0x7fd3b20180,pc=0x7c0c1d9700]
[15012|15012] event_addr:0x7c0c1d9700 hit_count:1565, Regs:
[x0=0x1,x1=0x5f5c8f3598,x2=0x1,x3=0x7fd3b201e8,x4=0x0,x5=0x1414d4c,x6=0x1414d4c,x7=0x0,x8=0x9b504536b1897347,x9=0x9b504536b1897347,x10=0x9b504536b1897347,x11=0x3e8,x12=0x3,x13=0x706f6f6c5f657469,x14=0x7c0fa4e280,x15=0x0,x16=0x5f5c8f5a00,x17=0x7c0c1d9700,x18=0x7c0f35c000,x19=0x5f5c8f470c,x20=0x1,x21=0x1,x22=0x7fd3b20218,x23=0x7fd3b20220,x24=0x0,x25=0x0,x26=0x0,x27=0x0,x28=0x0,x29=0x7fd3b20190,lr=0x5f5c8f4734,sp=0x7fd3b20180,pc=0x7c0c1d9700]
[15012|15012] event_addr:0x7c0c1d9700 hit_count:1566, Regs:
[x0=0x1,x1=0x5f5c8f3598,x2=0x1,x3=0x7fd3b201e8,x4=0x0,x5=0x1414d4c,x6=0x1414d4c,x7=0x0,x8=0x9b504536b1897347,x9=0x9b504536b1897347,x10=0x9b504536b1897347,x11=0x3e8,x12=0x3,x13=0x706f6f6c5f657469,x14=0x7c0fa4e280,x15=0x0,x16=0x5f5c8f5a00,x17=0x7c0c1d9700,x18=0x7c0f35c000,x19=0x5f5c8f470c,x20=0x1,x21=0x1,x22=0x7fd3b20218,x23=0x7fd3b20220,x24=0x0,x25=0x0,x26=0x0,x27=0x0,x28=0x0,x29=0x7fd3b20190,lr=0x5f5c8f4734,sp=0x7fd3b20180,pc=0x7c0c1d9700]
[15012|15012] event_addr:0x7c0c1d9700 hit_count:1567, Regs:
[x0=0x1,x1=0x5f5c8f3598,x2=0x1,x3=0x7fd3b201e8,x4=0x0,x5=0x1414d4c,x6=0x1414d4c,x7=0x0,x8=0x9b504536b1897347,x9=0x9b504536b1897347,x10=0x9b504536b1897347,x11=0x3e8,x12=0x3,x13=0x706f6f6c5f657469,x14=0x7c0fa4e280,x15=0x0,x16=0x5f5c8f5a00,x17=0x7c0c1d9700,x18=0x7c0f35c000,x19=0x5f5c8f470c,x20=0x1,x21=0x1,x22=0x7fd3b20218,x23=0x7fd3b20220,x24=0x0,x25=0x0,x26=0x0,x27=0x0,x28=0x0,x29=0x7fd3b20190,lr=0x5f5c8f4734,sp=0x7fd3b20180,pc=0x7c0c1d9700]
[15012|15012] event_addr:0x7c0c1d9700 hit_count:1568, Regs:
[x0=0x1,x1=0x5f5c8f3598,x2=0x1,x3=0x7fd3b201e8,x4=0x0,x5=0x1414d4c,x6=0x1414d4c,x7=0x0,x8=0x9b504536b1897347,x9=0x9b504536b1897347,x10=0x9b504536b1897347,x11=0x3e8,x12=0x3,x13=0x706f6f6c5f657469,x14=0x7c0fa4e280,x15=0x0,x16=0x5f5c8f5a00,x17=0x7c0c1d9700,x18=0x7c0f35c000,x19=0x5f5c8f470c,x20=0x1,x21=0x1,x22=0x7fd3b20218,x23=0x7fd3b20220,x24=0x0,x25=0x0,x26=0x0,x27=0x0,x28=0x0,x29=0x7fd3b20190,lr=0x5f5c8f4734,sp=0x7fd3b20180,pc=0x7c0c1d9700]
[15012|15012] event_addr:0x7c0c1d9700 hit_count:1569, Regs:
[x0=0x1,x1=0x5f5c8f3598,x2=0x1,x3=0x7fd3b201e8,x4=0x0,x5=0x1414d4c,x6=0x1414d4c,x7=0x0,x8=0x9b504536b1897347,x9=0x9b504536b1897347,x10=0x9b504536b1897347,x11=0x3e8,x12=0x3,x13=0x706f6f6c5f657469,x14=0x7c0fa4e280,x15=0x0,x16=0x5f5c8f5a00,x17=0x7c0c1d9700,x18=0x7c0f35c000,x19=0x5f5c8f470c,x20=0x1,x21=0x1,x22=0x7fd3b20218,x23=0x7fd3b20220,x24=0x0,x25=0x0,x26=0x0,x27=0x0,x28=0x0,x29=0x7fd3b20190,lr=0x5f5c8f4734,sp=0x7fd3b20180,pc=0x7c0c1d9700]
TotalLost => 0
BrkMod module closed
